second,native_frames,left_knee_deg_valid_count,left_knee_deg_min,left_knee_deg_median,left_knee_deg_max,right_knee_deg_valid_count,right_knee_deg_min,right_knee_deg_median,right_knee_deg_max,trunk_tilt_deg_valid_count,trunk_tilt_deg_min,trunk_tilt_deg_median,trunk_tilt_deg_max,pelvis_z_m_valid_count,pelvis_z_m_min,pelvis_z_m_median,pelvis_z_m_max
0,240,240,2.09386944770813,2.184357166290283,2.552823066711426,240,0.04423465579748154,0.2930860221385956,0.48618030548095703,240,0.7745546102523804,0.8321593999862671,1.0162557363510132,240,1.0936529636383057,1.0940535068511963,1.0940979719161987
1,240,240,1.887200117111206,2.0628414154052734,2.1314806938171387,240,0.07661667466163635,0.2051072120666504,0.7083117365837097,240,0.6954878568649292,0.7739227414131165,0.9024396538734436,240,1.0930490493774414,1.0937989950180054,1.0940489768981934
2,240,240,2.1371657848358154,3.421994209289551,5.11335563659668,240,0.7308814525604248,4.998337745666504,29.471410751342773,240,0.18974561989307404,0.9603176712989807,2.904477119445801,240,1.0900620222091675,1.0930240154266357,1.09489905834198
3,240,240,2.655864953994751,9.827302932739258,37.40010452270508,240,0.17132015526294708,1.615436315536499,19.94426918029785,240,2.9599547386169434,4.152302265167236,6.297872066497803,240,1.0882869958877563,1.0925705432891846,1.096904993057251
4,240,240,0.11869405955076218,1.8980903625488281,12.881570816040039,240,0.03956468030810356,16.96548080444336,44.51690673828125,240,0.5535542964935303,3.170509099960327,5.675196647644043,240,1.0737240314483643,1.0913444757461548,1.097372055053711
5,240,240,0.31651782989501953,16.17142677307129,48.281982421875,240,1.1708608865737915,5.1226348876953125,41.550811767578125,240,1.3211578130722046,2.6084933280944824,3.211076259613037,240,1.0718549489974976,1.087388038635254,1.099491000175476
6,240,240,0.6084505319595337,4.96681022644043,55.7024040222168,240,0.08392936736345291,3.3888285160064697,50.95840072631836,240,2.0273854732513428,3.952302932739258,7.5067362785339355,240,1.0681849718093872,1.0919619798660278,1.099025011062622
7,240,240,1.402071237564087,4.143165588378906,35.816497802734375,240,6.061618328094482,41.04910659790039,56.188114166259766,240,0.6838552355766296,2.228882312774658,4.072656631469727,240,1.0633620023727417,1.0956114530563354,1.130411982536316
8,240,240,22.97988510131836,39.14944839477539,74.19892120361328,240,2.005157232284546,6.585227966308594,39.35062026977539,240,0.9514160752296448,3.0993804931640625,6.718634605407715,240,1.092344045639038,1.110840082168579,1.1319650411605835
9,240,240,14.684556007385254,17.690921783447266,33.931522369384766,240,0.09691328555345535,36.1530647277832,65.45185852050781,240,2.9816997051239014,6.403636932373047,12.602837562561035,240,1.0980479717254639,1.1236073970794678,1.1407259702682495
10,240,240,0.3077413737773895,18.387401580810547,42.98018264770508,240,0.02797645330429077,1.705312728881836,4.118988990783691,240,8.1490478515625,10.90623950958252,14.292036056518555,240,1.094014048576355,1.105533480644226,1.1227869987487793
11,240,240,0.11703392118215561,0.576582133769989,0.7885750532150269,240,0.2839302718639374,2.248310089111328,2.982356309890747,240,9.64783000946045,14.443519592285156,15.312666893005371,240,1.0929139852523804,1.093709945678711,1.0943289995193481
12,240,240,0.11534988135099411,0.40744102001190186,2.3803904056549072,240,2.781715154647827,9.427774429321289,17.28645896911621,240,5.093122482299805,10.528332710266113,11.801178932189941,240,1.091791033744812,1.0951380729675293,1.0980650186538696
13,240,240,2.39490008354187,6.376723766326904,12.007397651672363,240,1.3241169452667236,5.109269618988037,7.048290252685547,240,3.539722204208374,6.366879463195801,7.811126232147217,240,1.0917270183563232,1.0944204330444336,1.0963070392608643
14,240,240,3.408466339111328,4.808925628662109,5.539551734924316,240,1.7104066610336304,12.107826232910156,22.47005271911621,240,0.6664660573005676,5.787449359893799,7.74437952041626,240,1.0926350355148315,1.0950970649719238,1.0972670316696167
15,240,240,5.283571720123291,6.013498306274414,9.774750709533691,240,3.5381734371185303,4.447918891906738,9.988987922668457,240,0.5861743092536926,5.773778915405273,6.8610124588012695,240,1.0930860042572021,1.093737006187439,1.0944629907608032
16,240,240,2.8590331077575684,3.7363524436950684,6.414445400238037,240,1.0216329097747803,1.7716667652130127,21.023147583007812,240,0.23903107643127441,3.8242266178131104,5.009341239929199,240,1.0882649421691895,1.09381103515625,1.095062017440796
17,240,240,6.479048252105713,14.547021865844727,22.226211547851562,240,0.5797971487045288,7.704555511474609,29.555805206298828,240,2.1472160816192627,5.4809441566467285,15.55780029296875,240,1.0848829746246338,1.0890179872512817,1.1064790487289429
18,240,240,13.303905487060547,20.114185333251953,31.167217254638672,240,0.4436727464199066,1.0358984470367432,1.4633980989456177,240,10.817815780639648,13.318029403686523,16.138381958007812,240,1.1010539531707764,1.1019970178604126,1.1065850257873535
19,240,240,31.248550415039062,33.888671875,34.63539123535156,240,1.4782993793487549,2.738953113555908,2.8561556339263916,240,9.965472221374512,10.386218070983887,10.794774055480957,240,1.1009160280227661,1.1031190156936646,1.1056360006332397
20,240,240,33.251949310302734,34.964881896972656,35.55308151245117,240,2.177896499633789,2.6816093921661377,2.7930216789245605,240,10.073569297790527,10.661933898925781,10.841554641723633,240,1.1010650396347046,1.1050920486450195,1.1060459613800049
21,240,240,35.564056396484375,37.345252990722656,37.76453399658203,240,1.7349448204040527,2.103428363800049,2.306983709335327,240,8.91991138458252,10.070676803588867,10.329615592956543,240,1.1007169485092163,1.1035680770874023,1.104369044303894
22,240,240,11.169973373413086,32.374488830566406,37.48945999145508,240,0.3460501432418823,1.4667826890945435,2.2973766326904297,240,8.302576065063477,9.007596015930176,9.570558547973633,240,1.0965780019760132,1.102921962738037,1.103685975074768
23,240,240,2.6674842834472656,3.738370418548584,11.097054481506348,240,0.2873553931713104,0.689411997795105,0.9147156476974487,240,6.104030609130859,6.53082275390625,8.28097915649414,240,1.0949159860610962,1.0962245464324951,1.0965299606323242
24,240,240,1.833122968673706,2.0563793182373047,3.886653184890747,240,0.5059038400650024,1.2437973022460938,1.4183071851730347,240,4.909994602203369,5.394140243530273,6.100882053375244,240,1.094107985496521,1.0945274829864502,1.094918966293335
25,240,240,1.9255943298339844,2.0002224445343018,2.0960185527801514,240,1.1314228773117065,1.2787059545516968,1.312687873840332,240,4.917769432067871,5.033298492431641,5.649722099304199,240,1.0940799713134766,1.0942394733428955,1.0948220491409302
26,240,240,1.5168479681015015,1.9916917085647583,2.2926008701324463,240,0.18451745808124542,0.8459035754203796,1.2814581394195557,240,5.654646396636963,6.204927444458008,6.813018321990967,240,1.0943870544433594,1.0950675010681152,1.0953689813613892
27,240,240,1.8846060037612915,2.6996145248413086,3.3274900913238525,240,0.18871158361434937,0.33043015003204346,1.0243110656738281,240,5.94230842590332,6.288120269775391,6.773001194000244,240,1.093034029006958,1.0939764976501465,1.0946160554885864
28,240,240,1.8729393482208252,2.445805311203003,2.88934063911438,240,0.6003567576408386,0.824126124382019,1.022972822189331,240,5.962495803833008,6.071813106536865,6.138619422912598,240,1.0930269956588745,1.093876600265503,1.0943800210952759
29,240,240,2.2581942081451416,2.560976028442383,2.7080490589141846,240,0.6199198365211487,0.7277957797050476,0.8773726224899292,240,5.883698463439941,6.043139457702637,6.3069868087768555,240,1.0939500331878662,1.0942330360412598,1.0949569940567017
30,240,240,2.0834686756134033,2.518588066101074,2.72347354888916,240,0.22117342054843903,0.5567154884338379,0.776068925857544,240,5.599967002868652,5.956179618835449,6.249055862426758,240,1.0940070152282715,1.0942599773406982,1.0948230028152466
31,240,240,2.744380235671997,7.511524200439453,11.601774215698242,240,0.18974561989307404,0.9984817504882812,3.8426215648651123,240,5.364250183105469,7.5414581298828125,18.371814727783203,240,1.0926909446716309,1.093881607055664,1.1010969877243042
32,240,240,9.132153511047363,9.976615905761719,10.68087387084961,240,3.7837727069854736,4.258827209472656,4.548810005187988,240,18.391447067260742,20.413692474365234,22.046545028686523,240,1.1011220216751099,1.1041719913482666,1.1047990322113037
33,240,240,9.358786582946777,11.508001327514648,13.849615097045898,240,2.497086524963379,3.7885046005249023,4.4063334465026855,240,10.813631057739258,16.27969741821289,20.350448608398438,240,1.0974620580673218,1.101952075958252,1.10371994972229
34,240,240,1.8941353559494019,2.236420154571533,10.011722564697266,240,1.2351138591766357,1.942996621131897,2.472113609313965,240,6.602389812469482,6.825343132019043,10.765945434570312,240,1.093790054321289,1.095062017440796,1.0974340438842773
35,240,240,1.2206110954284668,1.3598428964614868,1.891861081123352,240,0.7840958833694458,0.8924092650413513,1.222853422164917,240,5.930883884429932,6.620865821838379,6.997874736785889,240,1.0932430028915405,1.0935325622558594,1.0940589904785156
36,240,240,1.0436148643493652,1.5528031587600708,7.989153861999512,240,0.18022577464580536,0.7310142517089844,2.7529971599578857,240,5.137591361999512,6.002614974975586,8.669998168945312,240,1.093669056892395,1.0941765308380127,1.0972980260849
37,240,240,8.09400463104248,13.315431594848633,15.110023498535156,240,1.4327213764190674,1.8981592655181885,2.8065154552459717,240,6.1952691078186035,11.287551879882812,12.935686111450195,240,1.097262978553772,1.104867935180664,1.1092230081558228
38,240,240,5.512137413024902,8.059301376342773,12.090262413024902,240,0.2139788419008255,20.968338012695312,27.126800537109375,240,4.367401599884033,5.201376914978027,6.775839328765869,240,1.0880379676818848,1.0915939807891846,1.0971720218658447
39,240,240,1.6174943447113037,6.405048847198486,35.115596771240234,240,9.064837455749512,14.24298095703125,33.868927001953125,240,6.385308742523193,9.47289752960205,10.9243803024292,240,1.082226037979126,1.091143012046814,1.0993540287017822
40,240,240,2.4243850708007812,7.950183868408203,21.84369659423828,240,27.71619415283203,38.66551208496094,42.68837356567383,240,1.7069708108901978,4.600277900695801,8.48459243774414,240,1.0993050336837769,1.1004054546356201,1.113867998123169
41,240,240,14.679704666137695,30.773963928222656,55.657562255859375,240,6.681138038635254,13.108907699584961,27.583171844482422,240,2.087878704071045,7.061527252197266,9.33165454864502,240,1.0901429653167725,1.0957289934158325,1.1134190559387207
42,240,240,7.799434185028076,11.076318740844727,23.839513778686523,240,7.443024158477783,16.954416275024414,28.68844223022461,240,5.912578582763672,7.309060096740723,15.846467018127441,240,1.0724780559539795,1.0899994373321533,1.0989439487457275
43,240,240,0.07132624834775925,26.696701049804688,38.87207794189453,240,8.228601455688477,12.079511642456055,41.40813064575195,240,7.066718101501465,9.506422996520996,15.912642478942871,240,1.0764349699020386,1.106476068496704,1.111752986907959
44,240,240,2.714185953140259,14.005338668823242,57.071285247802734,240,2.9665610790252686,17.67157745361328,52.134117126464844,240,5.589493274688721,6.505007743835449,8.257304191589355,240,1.0856980085372925,1.103184461593628,1.130228042602539
45,240,240,1.5023291110992432,9.339404106140137,51.086910247802734,240,1.0494112968444824,19.00238800048828,52.65013885498047,240,4.6261796951293945,7.233997344970703,8.588879585266113,240,1.0813339948654175,1.0971014499664307,1.1280959844589233
46,240,240,0.3000143766403198,5.703787326812744,58.424259185791016,240,3.2793664932250977,20.57674217224121,51.862117767333984,240,1.9928213357925415,4.4864397048950195,6.351163387298584,240,1.0714329481124878,1.0938174724578857,1.1007239818572998
47,240,240,1.1710280179977417,16.37969207763672,59.71406555175781,240,0.16668900847434998,15.222648620605469,43.798667907714844,240,0.35827401280403137,3.191222667694092,6.267789363861084,240,1.0707299709320068,1.0836814641952515,1.101773977279663
48,240,240,8.465290069580078,16.371065139770508,34.310123443603516,240,0.24147441983222961,6.935429573059082,53.34481430053711,240,1.8673930168151855,2.6383771896362305,4.030022621154785,240,1.0824769735336304,1.1018404960632324,1.1053589582443237
49,240,240,3.476713180541992,5.189085960388184,34.371360778808594,240,1.0731961727142334,2.164419651031494,2.524449586868286,240,3.951856851577759,5.2353715896606445,5.628660678863525,240,1.0959830284118652,1.098721981048584,1.1056829690933228
50,240,240,3.5834274291992188,4.149092674255371,4.845290184020996,240,0.4731261134147644,1.0445516109466553,3.4694974422454834,240,3.9513611793518066,6.796343803405762,9.372908592224121,240,1.098876953125,1.0994150638580322,1.1001169681549072
51,240,240,4.057192325592041,17.05410385131836,38.83738327026367,240,3.3061225414276123,3.603994369506836,4.108992099761963,240,1.3615686893463135,2.59063982963562,9.090315818786621,240,1.0826590061187744,1.0952990055084229,1.0993069410324097
52,240,240,6.647679328918457,13.699668884277344,33.82490158081055,240,0.25944316387176514,5.837811470031738,12.762337684631348,240,1.3393986225128174,3.0221948623657227,6.974710941314697,240,1.0765260457992554,1.0837229490280151,1.0907490253448486
53,240,240,6.656877040863037,8.199649810791016,9.070601463317871,240,0.5858404040336609,1.3388869762420654,2.863684892654419,240,1.2215726375579834,2.4560675621032715,6.987803936004639,240,1.086137056350708,1.09413743019104,1.0956330299377441
54,240,240,5.109177112579346,6.184001922607422,9.00114917755127,240,0.8552367687225342,2.1349668502807617,2.3269195556640625,240,1.33295476436615,3.230156421661377,4.0741472244262695,240,1.0899759531021118,1.090869426727295,1.0941239595413208
55,240,240,2.713392496109009,9.828659057617188,20.436750411987305,240,0.04845663905143738,0.39416080713272095,3.314225435256958,240,1.4061130285263062,1.9342129230499268,2.6871514320373535,240,1.0907779932022095,1.0960839986801147,1.0992660522460938
56,240,240,2.7890944480895996,8.35631275177002,17.60738182067871,240,2.31316876411438,7.645711898803711,21.94149398803711,240,1.2967897653579712,3.278181314468384,5.868387222290039,240,1.0856759548187256,1.090103030204773,1.0916630029678345
57,240,240,1.8187609910964966,11.360734939575195,40.30304718017578,240,0.674636721611023,2.4524004459381104,51.57422637939453,240,0.20935672521591187,4.239075660705566,4.832577705383301,240,1.0652090311050415,1.087799072265625,1.0933430194854736
58,240,240,8.46030044555664,18.099029541015625,32.16200637817383,240,0.18974561989307404,12.373246192932129,51.952186584472656,240,0.18345394730567932,8.566864013671875,19.245311737060547,240,1.0809849500656128,1.0931475162506104,1.1071410179138184
59,240,240,5.518568992614746,8.446742057800293,15.3369722366333,240,6.627795219421387,11.068124771118164,18.71354866027832,240,3.137125015258789,11.05274772644043,19.262794494628906,240,1.0900479555130005,1.0960984230041504,1.1091409921646118
60,240,240,3.757599353790283,7.813358306884766,9.63322925567627,240,0.20558421313762665,2.1307427883148193,20.676311492919922,240,3.1701500415802,6.146090507507324,11.675431251525879,240,1.08986496925354,1.0937914848327637,1.0991020202636719
61,240,240,7.7726874351501465,12.61262321472168,16.412437438964844,240,0.09891171008348465,2.3437652587890625,17.248695373535156,240,4.82937479019165,9.84533977508545,12.092463493347168,240,1.0819339752197266,1.0965614318847656,1.1008340120315552
62,240,240,5.542417049407959,7.219878196716309,14.015321731567383,240,2.3015475273132324,7.647653102874756,23.734012603759766,240,1.648651123046875,2.4192919731140137,4.768837928771973,240,1.085955023765564,1.0938010215759277,1.0943470001220703
63,240,240,6.606991767883301,7.4550886154174805,7.914577007293701,240,1.6916539669036865,2.17339825630188,2.9065656661987305,240,3.140866994857788,3.681344509124756,4.368880748748779,240,1.0940790176391602,1.0962430238723755,1.0974830389022827
64,240,240,5.34430456161499,6.420677185058594,6.9538679122924805,240,1.887200117111206,2.2730960845947266,2.7297909259796143,240,3.8057031631469727,4.459573745727539,5.43404483795166,240,1.091912031173706,1.0930299758911133,1.0956599712371826
65,240,240,4.835738658905029,5.906707763671875,6.825788497924805,240,0.07401873916387558,0.45456451177597046,1.8799270391464233,240,5.4652934074401855,7.582063674926758,8.819578170776367,240,1.093526005744934,1.0968279838562012,1.0981099605560303
66,240,240,4.778973579406738,5.890807151794434,6.962635040283203,240,0.32805347442626953,0.6039167642593384,6.580909729003906,240,1.902897834777832,4.606278896331787,8.765487670898438,240,1.0929579734802246,1.0949410200119019,1.0980099439620972
67,240,240,6.312859535217285,19.775394439697266,42.394691467285156,240,6.838133335113525,11.871191024780273,15.903261184692383,240,2.1140553951263428,3.557286262512207,6.266631603240967,240,1.0857820510864258,1.0942659378051758,1.097174048423767
68,240,240,2.8665547370910645,6.061018943786621,23.990068435668945,240,5.698700904846191,15.00124740600586,17.170576095581055,240,2.9236221313476562,4.835514545440674,6.0310444831848145,240,1.0937169790267944,1.096407413482666,1.1003730297088623
69,240,240,2.416865587234497,7.808167457580566,24.134546279907227,240,1.7053649425506592,11.31451416015625,20.80738639831543,240,3.4907073974609375,4.621304512023926,6.147650241851807,240,1.08309805393219,1.0972330570220947,1.0988620519638062
70,240,240,0.11364090442657471,13.964176177978516,43.102569580078125,240,4.452938079833984,10.000703811645508,39.771602630615234,240,3.457003355026245,5.7827959060668945,8.111861228942871,240,1.0724060535430908,1.0859990119934082,1.0964150428771973
71,240,240,2.413461685180664,12.972749710083008,23.280757904052734,240,0.43069303035736084,16.702177047729492,44.87934494018555,240,2.4330081939697266,3.260385513305664,4.167203426361084,240,1.0888639688491821,1.0972836017608643,1.1016370058059692
72,240,240,3.544034481048584,4.492588996887207,19.391815185546875,240,0.0,0.5012395977973938,0.8501882553100586,240,3.904348134994507,4.648904323577881,5.1619415283203125,240,1.0986969470977783,1.0992670059204102,1.1013840436935425
73,240,240,2.7808709144592285,4.992018222808838,26.572113037109375,240,0.6892703771591187,2.6105504035949707,44.78998565673828,240,3.3979384899139404,4.418429374694824,5.640625953674316,240,1.0825109481811523,1.0978894233703613,1.1018749475479126
74,240,240,4.906082630157471,21.965288162231445,56.29315948486328,240,0.11014342308044434,2.285944700241089,43.02957534790039,240,3.3054118156433105,5.2708539962768555,6.422510147094727,240,1.0667330026626587,1.0873169898986816,1.0996229648590088
75,240,240,1.8171463012695312,4.797462463378906,20.6369571685791,240,2.5574193000793457,20.671680450439453,51.862239837646484,240,3.679349660873413,5.277447700500488,7.744405269622803,240,1.0727510452270508,1.089937448501587,1.0986549854278564
76,240,240,10.777456283569336,15.002626419067383,16.270048141479492,240,0.2422833889722824,3.525588274002075,6.509756088256836,240,7.125739574432373,24.263416290283203,28.703998565673828,240,1.0940639972686768,1.101835012435913,1.1080750226974487
77,240,240,2.046409845352173,10.498075485229492,16.665807723999023,240,0.11534988135099411,14.144464492797852,25.890037536621094,240,4.80134391784668,8.809865951538086,21.195737838745117,240,1.089764952659607,1.0982465744018555,1.1065189838409424
78,240,240,0.09691328555345535,4.81220817565918,33.687705993652344,240,6.561273574829102,10.207653045654297,54.939430236816406,240,3.5788347721099854,7.872114181518555,8.65575885772705,240,1.0595380067825317,1.0879690647125244,1.0954790115356445
79,240,240,0.6464956402778625,18.871231079101562,49.91573715209961,240,0.13988231122493744,6.999447822570801,54.52632522583008,240,2.9976110458374023,4.112087249755859,4.9611992835998535,240,1.080199956893921,1.0906670093536377,1.092952013015747
80,240,240,10.325462341308594,16.352886199951172,49.76696014404297,240,1.9753620624542236,5.146668434143066,17.67430877685547,240,3.73260760307312,6.850966453552246,10.137234687805176,240,1.0841799974441528,1.0888254642486572,1.0909539461135864
81,240,240,1.5466160774230957,16.41146469116211,58.32156753540039,240,1.5336556434631348,9.688982009887695,25.033193588256836,240,4.644815444946289,10.171364784240723,12.564935684204102,240,1.0560009479522705,1.0773389339447021,1.093150019645691
82,240,240,0.09487278014421463,9.395488739013672,63.34157180786133,240,0.02797645330429077,14.407670974731445,56.448421478271484,240,2.7857937812805176,3.7496442794799805,5.2194695472717285,240,1.0584139823913574,1.0752700567245483,1.083359956741333
83,240,240,0.20558421313762665,4.308319091796875,56.803775787353516,240,0.09278740733861923,13.218589782714844,52.28554153442383,240,5.287167549133301,7.219161033630371,9.507415771484375,240,1.050590991973877,1.070734977722168,1.0908839702606201
84,240,240,0.4334103763103485,5.476016521453857,61.13801574707031,240,0.48254457116127014,11.606968879699707,51.943477630615234,240,3.3722004890441895,6.222707271575928,7.986498832702637,240,1.0636579990386963,1.0840139389038086,1.101017951965332
85,240,240,1.0345755815505981,6.205140113830566,62.12118911743164,240,0.7132670283317566,12.724017143249512,52.614349365234375,240,3.482789993286133,5.648508071899414,8.399826049804688,240,1.0556180477142334,1.0816254615783691,1.0992599725723267
86,240,240,0.1327039897441864,5.589010238647461,59.990299224853516,240,0.8086665272712708,11.684277534484863,51.42116165161133,240,4.89700984954834,6.325569152832031,9.547855377197266,240,1.0610929727554321,1.0825275182724,1.1037620306015015
87,240,240,0.05233915150165558,8.909393310546875,62.021270751953125,240,0.5750529766082764,12.104809761047363,52.08502960205078,240,1.7781726121902466,4.885611057281494,9.58172607421875,240,1.0555280447006226,1.0780014991760254,1.0974249839782715
88,240,240,0.406382292509079,8.58499813079834,62.0418701171875,240,0.23069989681243896,12.438102722167969,53.223392486572266,240,2.4247889518737793,5.125301361083984,7.081886291503906,240,1.0522910356521606,1.074397087097168,1.099100947380066
89,240,240,0.10279206931591034,7.723067283630371,61.874176025390625,240,0.43114712834358215,11.133798599243164,52.35068130493164,240,1.800484538078308,4.083220481872559,6.000314712524414,240,1.0513800382614136,1.073709487915039,1.0985180139541626
90,240,240,0.8163729906082153,9.12763500213623,62.51081848144531,240,0.4837595522403717,10.31368637084961,52.36893081665039,240,2.4459261894226074,4.910593032836914,6.997566223144531,240,1.051151990890503,1.07315993309021,1.098628044128418
91,240,240,0.09065407514572144,9.01738166809082,62.54108810424805,240,0.7206360697746277,10.628561019897461,54.079078674316406,240,1.737086534500122,4.29100227355957,7.980868339538574,240,1.053792953491211,1.081043004989624,1.0982719659805298
92,240,240,0.35827401280403137,9.960589408874512,62.32966613769531,240,0.49574556946754456,12.720930099487305,54.0472412109375,240,1.0061933994293213,3.808621406555176,6.531468391418457,240,1.0557880401611328,1.0824809074401855,1.0991590023040771
93,240,240,0.3748224973678589,5.339478492736816,64.21709442138672,240,0.284618616104126,12.659387588500977,52.61922836303711,240,2.7593889236450195,4.642271041870117,7.276561260223389,240,1.0521509647369385,1.0798125267028809,1.0976070165634155
94,240,240,0.18871158361434937,4.633347511291504,61.85375213623047,240,0.4015384614467621,14.196706771850586,52.97637176513672,240,2.4046871662139893,4.298919200897217,6.608891487121582,240,1.0503430366516113,1.0745179653167725,1.0946929454803467
95,240,240,0.5567265748977661,5.292725086212158,61.22844696044922,240,0.22028693556785583,11.134033203125,53.480506896972656,240,2.5828561782836914,5.291102886199951,8.24571704864502,240,1.0673350095748901,1.0845375061035156,1.1008659601211548
96,240,240,0.3951527178287506,4.8968048095703125,59.353294372558594,240,0.31278666853904724,11.114104270935059,50.4571533203125,240,3.0717952251434326,5.3156328201293945,7.821096420288086,240,1.067736029624939,1.0896389484405518,1.1044479608535767
97,240,240,0.21939688920974731,3.855492115020752,62.480655670166016,240,2.663886308670044,11.958492279052734,50.02454376220703,240,4.1665449142456055,7.6621503829956055,11.070460319519043,240,1.0658869743347168,1.088712453842163,1.1103630065917969
98,240,240,0.7659170031547546,8.382421493530273,60.934974670410156,240,0.5326577425003052,9.738399505615234,50.88819122314453,240,1.7023786306381226,3.467916965484619,8.69271469116211,240,1.063025951385498,1.0856714248657227,1.1030100584030151
99,240,240,0.5914912819862366,9.571502685546875,60.63159942626953,240,0.22381176054477692,10.616878509521484,52.502838134765625,240,3.3002548217773438,5.756752014160156,7.3499627113342285,240,1.0622279644012451,1.0830944776535034,1.1023290157318115
100,240,240,0.23903107643127441,9.815044403076172,60.556636810302734,240,0.4044516980648041,13.19006633758545,50.666160583496094,240,0.40782424807548523,2.960348606109619,7.096635341644287,240,1.0643420219421387,1.0867249965667725,1.1094019412994385
101,240,240,1.2246123552322388,10.69051456451416,61.2923583984375,240,0.34661510586738586,15.229438781738281,52.30948257446289,240,0.24866034090518951,2.7540283203125,5.714774131774902,240,1.0745209455490112,1.0978754758834839,1.113176941871643
102,240,240,3.620175838470459,7.501509189605713,52.159210205078125,240,0.39958447217941284,15.644976615905762,49.90635299682617,240,2.1282644271850586,4.9429192543029785,8.615478515625,240,1.078909993171692,1.098695993423462,1.1149590015411377
103,240,240,5.6148905754089355,23.153432846069336,52.164798736572266,240,1.2174004316329956,15.724735260009766,24.3772029876709,240,2.1364333629608154,3.0103187561035156,8.285222053527832,240,1.0828670263290405,1.0903480052947998,1.0963820219039917
104,240,240,0.1312212198972702,3.180107593536377,28.84840202331543,240,0.06255725026130676,16.87810516357422,49.83671951293945,240,6.244849681854248,8.017679214477539,10.449638366699219,240,1.0712480545043945,1.0882689952850342,1.094897985458374
105,240,240,0.7519945502281189,5.14335823059082,58.15034103393555,240,4.70382022857666,10.188718795776367,53.06724548339844,240,2.9004976749420166,5.1642374992370605,7.131655693054199,240,1.0666899681091309,1.0874290466308594,1.1010849475860596
106,240,240,6.535699844360352,14.500341415405273,58.22099304199219,240,0.26466989517211914,12.461808204650879,36.3946647644043,240,2.8432416915893555,4.047454357147217,7.740045070648193,240,1.067383050918579,1.0924129486083984,1.102012038230896
107,240,240,14.745002746582031,32.44120407104492,36.42724609375,240,13.000378608703613,14.94106674194336,23.981691360473633,240,2.2114274501800537,2.7611618041992188,3.672638177871704,240,1.0849239826202393,1.0884065628051758,1.1015219688415527
108,240,240,9.352988243103027,14.307411193847656,56.5108757019043,240,0.15949037671089172,16.027015686035156,48.122562408447266,240,3.709559679031372,7.1762471199035645,11.154714584350586,240,1.079854965209961,1.090649962425232,1.1013389825820923
109,240,240,0.860028088092804,8.360523223876953,59.992855072021484,240,0.19483354687690735,12.61900806427002,51.353816986083984,240,1.6208784580230713,6.105983734130859,8.25889778137207,240,1.072903037071228,1.0911660194396973,1.1095000505447388
110,240,240,1.9443058967590332,18.159778594970703,64.15213775634766,240,2.226774215698242,24.65514373779297,68.62828063964844,240,1.3772876262664795,2.700122356414795,5.619321823120117,240,1.0874580144882202,1.1328070163726807,1.160343050956726
111,240,240,4.898730278015137,33.434200286865234,67.21714782714844,240,4.282262802124023,23.482311248779297,56.947776794433594,240,1.3737308979034424,3.6608779430389404,5.813216209411621,240,1.0780279636383057,1.1075589656829834,1.1398450136184692
112,240,240,7.692532539367676,25.712995529174805,53.84421920776367,240,7.544935703277588,38.02467346191406,63.10003662109375,240,4.939393043518066,6.865184783935547,9.147204399108887,240,1.0269360542297363,1.0779814720153809,1.124459981918335
113,240,240,1.3034125566482544,21.091066360473633,60.64838790893555,240,0.49218037724494934,16.58350372314453,53.16523361206055,240,3.6984055042266846,8.042516708374023,11.94261360168457,240,1.0456030368804932,1.0725910663604736,1.1097580194473267
114,240,240,1.7015738487243652,14.507932662963867,57.567386627197266,240,0.46140071749687195,15.39970588684082,53.81538009643555,240,1.5354410409927368,4.571649551391602,7.693757057189941,240,1.0699069499969482,1.0964504480361938,1.1208529472351074
115,240,240,2.446246385574341,11.525763511657715,62.532127380371094,240,0.36584019660949707,12.151399612426758,53.620662689208984,240,1.639604926109314,3.725517988204956,6.343564510345459,240,1.0754280090332031,1.0980830192565918,1.1226969957351685
116,240,240,2.0471746921539307,13.023048400878906,60.59906005859375,240,0.6737661361694336,15.932140350341797,53.09720993041992,240,1.800484538078308,4.510035037994385,8.05488395690918,240,1.0679500102996826,1.0934849977493286,1.1174119710922241
117,240,240,1.7430474758148193,13.743715286254883,59.731204986572266,240,0.5421248078346252,12.968338012695312,54.32023620605469,240,2.9189987182617188,7.077781677246094,8.868578910827637,240,1.0600889921188354,1.0872750282287598,1.112028956413269
118,240,240,2.4925360679626465,15.599370002746582,60.186134338378906,240,0.680413007736206,15.200441360473633,53.88854217529297,240,3.6649529933929443,5.040562629699707,7.363725662231445,240,1.054021954536438,1.0824189186096191,1.106600046157837
119,240,240,2.78389573097229,11.95974349975586,57.986698150634766,240,0.26834094524383545,12.587013244628906,52.4616813659668,240,3.0060887336730957,6.391247272491455,9.252490043640137,240,1.0563019514083862,1.0875940322875977,1.1081500053405762
120,240,240,1.324264645576477,8.331119537353516,60.968135833740234,240,0.3820611834526062,15.864082336425781,52.10331726074219,240,5.211843490600586,7.352378845214844,10.615724563598633,240,1.0605189800262451,1.0964274406433105,1.117427945137024
121,240,240,2.0585198402404785,14.1571044921875,57.65000915527344,240,0.2631871700286865,14.893202781677246,51.707366943359375,240,4.873188495635986,7.139490127563477,9.85249137878418,240,1.0547939538955688,1.0884854793548584,1.1139990091323853
122,240,240,2.7607364654541016,11.986503601074219,58.95759582519531,240,0.2873553931713104,15.689522743225098,52.22454071044922,240,5.185459613800049,6.444685935974121,9.763116836547852,240,1.0590670108795166,1.0910710096359253,1.1144870519638062
123,240,240,2.699143648147583,14.280252456665039,59.100337982177734,240,0.1988101452589035,16.749488830566406,53.595497131347656,240,2.425757646560669,4.477931499481201,8.025094985961914,240,1.0580730438232422,1.087315559387207,1.1138880252838135
124,240,240,1.4636656045913696,19.031341552734375,60.47522735595703,240,0.40396764874458313,20.589128494262695,53.45394515991211,240,2.4544734954833984,3.7706470489501953,5.976353168487549,240,1.0592429637908936,1.0865944623947144,1.111050009727478
125,240,240,2.2355458736419678,10.802469253540039,59.1735725402832,240,0.25944316387176514,15.848968505859375,54.79250717163086,240,2.0886285305023193,5.675040245056152,7.715027809143066,240,1.060122013092041,1.0831689834594727,1.1039010286331177
126,240,240,1.466070294380188,16.26013946533203,57.33095932006836,240,0.6661723852157593,17.611492156982422,51.86682891845703,240,4.014052867889404,6.525243759155273,9.597224235534668,240,1.0697920322418213,1.0945160388946533,1.1224299669265747
127,240,240,0.5326577425003052,17.58673858642578,58.22932052612305,240,0.3674412965774536,16.753326416015625,53.51483154296875,240,1.3853626251220703,4.849917411804199,8.558481216430664,240,1.0587010383605957,1.0897594690322876,1.1191790103912354
128,240,240,1.381968379020691,16.254852294921875,58.70713806152344,240,0.671730101108551,14.582218170166016,55.9571647644043,240,0.9439827799797058,4.115545272827148,6.998435020446777,240,1.064650058746338,1.0887060165405273,1.1073499917984009
129,240,240,1.9441044330596924,16.11876678466797,59.73155975341797,240,0.3674412965774536,13.74803352355957,54.57334518432617,240,2.7189416885375977,4.677878379821777,7.789360523223877,240,1.0716040134429932,1.0973594188690186,1.1191350221633911
130,240,240,1.839517593383789,19.675514221191406,61.849605560302734,240,0.6351981163024902,17.998905181884766,54.98971176147461,240,0.9524437785148621,3.424100875854492,6.146852970123291,240,1.0561219453811646,1.0921690464019775,1.1127849817276
131,240,240,2.2390453815460205,17.131933212280273,60.02983093261719,240,0.7775802612304688,19.65097427368164,53.0164794921875,240,1.9588466882705688,3.005828380584717,5.447299480438232,240,1.0555230379104614,1.0904300212860107,1.108862042427063
132,240,240,1.1182012557983398,19.161636352539062,61.81092834472656,240,1.5141364336013794,18.422624588012695,53.971580505371094,240,0.06852804124355316,1.9452087879180908,4.7800397872924805,240,1.061890959739685,1.0900254249572754,1.1077589988708496
133,240,240,1.735395908355713,13.881427764892578,61.476417541503906,240,0.33396482467651367,14.11721420288086,54.98119354248047,240,0.07661667466163635,1.7173118591308594,4.820847988128662,240,1.0667049884796143,1.0919514894485474,1.11654794216156
134,240,240,1.4475327730178833,17.10637664794922,58.55144500732422,240,0.4284153878688812,16.98805046081543,51.86146545410156,240,0.8339215517044067,2.317136287689209,5.324615478515625,240,1.0668870210647583,1.0895860195159912,1.1224830150604248
135,240,240,1.5556995868682861,10.604415893554688,59.001609802246094,240,0.5267472863197327,11.135677337646484,54.23447799682617,240,3.330019474029541,6.300172805786133,8.39706802368164,240,1.06809401512146,1.0923470258712769,1.122763991355896
136,240,240,1.4061130285263062,13.327130317687988,61.04395294189453,240,0.11014342308044434,13.54004192352295,54.264183044433594,240,4.900449275970459,6.908049583435059,9.425085067749023,240,1.0665700435638428,1.0905439853668213,1.110610008239746
137,240,240,2.0882537364959717,13.29100227355957,60.15408706665039,240,0.20270876586437225,14.015594482421875,53.3320426940918,240,4.2200212478637695,6.2925615310668945,8.755599021911621,240,1.0662319660186768,1.089843511581421,1.1084070205688477
138,240,240,1.8658204078674316,10.338658332824707,57.81339645385742,240,0.2525642216205597,15.171902656555176,51.47346115112305,240,4.068808555603027,5.520769119262695,8.101228713989258,240,1.0612210035324097,1.0883264541625977,1.1082030534744263
139,240,240,1.8419629335403442,13.47368049621582,59.577537536621094,240,0.37430012226104736,12.775018692016602,51.37691116333008,240,4.776021480560303,7.256350994110107,10.521920204162598,240,1.0602049827575684,1.0887165069580078,1.1109000444412231
140,240,240,2.1060783863067627,12.70673942565918,59.4735221862793,240,0.3642321228981018,14.77047348022461,52.25559616088867,240,3.2428059577941895,5.252040863037109,8.345226287841797,240,1.0587270259857178,1.0853359699249268,1.1120929718017578
141,240,240,1.705020546913147,12.445292472839355,60.62885284423828,240,0.7356846928596497,12.791706085205078,52.09627151489258,240,2.8134119510650635,6.1977996826171875,8.6824951171875,240,1.057204008102417,1.0814114809036255,1.1087989807128906
142,240,240,1.350456714630127,12.644944190979004,59.84823226928711,240,0.7388695478439331,13.273630142211914,51.21693420410156,240,3.744549036026001,5.7376556396484375,7.784143447875977,240,1.0574849843978882,1.0815194845199585,1.1063159704208374
143,240,240,1.2182040214538574,10.722543716430664,60.04141616821289,240,0.30582791566848755,12.746376037597656,52.159847259521484,240,3.495079755783081,5.3267645835876465,8.514814376831055,240,1.0481129884719849,1.0814924240112305,1.1112480163574219
144,240,240,1.3578269481658936,13.78485107421875,60.79393768310547,240,0.3706226348876953,16.86829376220703,52.183284759521484,240,1.6546939611434937,4.689053058624268,7.640695571899414,240,1.0473910570144653,1.0759015083312988,1.0949499607086182
145,240,240,1.8173617124557495,15.44357681274414,57.6245002746582,240,0.3981127440929413,14.483957290649414,54.08583068847656,240,0.396635502576828,3.582716703414917,6.135456085205078,240,1.0621730089187622,1.0886414051055908,1.1106230020523071
146,240,240,2.108121871948242,15.638705253601074,60.94940948486328,240,0.9071975350379944,13.260380744934082,51.80680465698242,240,2.3126609325408936,5.006635665893555,6.953332424163818,240,1.0760270357131958,1.1183894872665405,1.1616829633712769
147,240,240,2.005645275115967,42.92310333251953,88.99726104736328,240,11.210939407348633,46.186927795410156,77.10628509521484,240,3.6543054580688477,5.581492900848389,7.898190498352051,240,0.8979179859161377,1.0597479343414307,1.1487380266189575
148,240,240,6.996051788330078,32.964561462402344,63.00861358642578,240,4.470498085021973,24.276893615722656,76.34915161132812,240,7.269763469696045,9.487350463867188,13.60867691040039,240,0.9022600054740906,1.0088374614715576,1.0694149732589722
149,240,240,2.1478538513183594,12.534717559814453,60.84088897705078,240,1.1229162216186523,13.762109756469727,54.34660339355469,240,3.9009859561920166,6.588380813598633,9.587837219238281,240,1.0367989540100098,1.078031063079834,1.1037960052490234
150,240,240,0.08392936736345291,8.780622482299805,59.83324432373047,240,0.6726033687591553,12.205578804016113,51.9544563293457,240,2.474329710006714,4.169414520263672,5.940427780151367,240,1.0579769611358643,1.083651065826416,1.106374979019165
151,240,240,0.44587242603302,8.39647102355957,60.247867584228516,240,0.5319225192070007,12.91712474822998,52.02720260620117,240,1.7324612140655518,4.860045433044434,7.297239780426025,240,1.0534780025482178,1.0802229642868042,1.1054660081863403
152,240,240,0.8201991319656372,10.74786376953125,59.972869873046875,240,0.4739525020122528,12.13951301574707,52.153892517089844,240,2.192138195037842,4.449456214904785,6.702033996582031,240,1.056352972984314,1.0830869674682617,1.1074659824371338
153,240,240,1.212568759918213,8.990242004394531,61.727134704589844,240,0.6455869078636169,13.243616104125977,52.88450241088867,240,1.6781808137893677,3.7878079414367676,6.541608810424805,240,1.0588890314102173,1.080951452255249,1.1116900444030762
154,240,240,1.0982484817504883,8.78434944152832,60.630157470703125,240,0.17913678288459778,12.69556713104248,53.469356536865234,240,2.2812182903289795,4.177079200744629,7.124720096588135,240,1.0524389743804932,1.0836069583892822,1.1102919578552246
155,240,240,0.17913678288459778,9.703068733215332,59.73729705810547,240,0.4873863160610199,13.277706146240234,53.24134826660156,240,1.1250053644180298,6.241830825805664,9.967386245727539,240,1.0563609600067139,1.0833230018615723,1.1104929447174072
156,240,240,0.23821108043193817,12.078659057617188,61.17581558227539,240,0.4549950063228607,14.435060501098633,51.50019836425781,240,2.7721285820007324,4.424050331115723,7.202114582061768,240,1.0540989637374878,1.0818079710006714,1.1108920574188232
157,240,240,1.6958134174346924,13.557518005371094,60.09662628173828,240,0.48537477850914,11.932819366455078,50.68410110473633,240,2.99499773979187,6.076557159423828,9.0933837890625,240,1.0521990060806274,1.079012393951416,1.10720694065094
158,240,240,1.2030096054077148,11.123369216918945,62.12014389038086,240,0.4256661832332611,11.311975479125977,50.07353973388672,240,3.403982639312744,6.194525241851807,9.178579330444336,240,1.0504200458526611,1.0762460231781006,1.1061660051345825
159,240,240,1.0840811729431152,11.4503173828125,60.38787841796875,240,0.4506739377975464,12.745577812194824,50.99282455444336,240,4.244086265563965,6.448677062988281,9.072031021118164,240,1.0496410131454468,1.07761549949646,1.1046279668807983
160,240,240,1.4280697107315063,11.71963119506836,57.378387451171875,240,0.3815486431121826,14.13205623626709,50.685306549072266,240,3.848935127258301,5.2759246826171875,8.037829399108887,240,1.0546809434890747,1.082597017288208,1.1072839498519897
161,240,240,1.6373356580734253,12.432530403137207,59.115352630615234,240,0.4788811206817627,11.150415420532227,52.346595764160156,240,2.471717596054077,4.640529155731201,7.41124153137207,240,1.061486005783081,1.0888774394989014,1.1134990453720093
162,240,240,1.9632378816604614,13.524208068847656,59.598594665527344,240,0.2586878836154938,16.962522506713867,51.94814682006836,240,2.148582696914673,3.5637779235839844,6.323132038116455,240,1.0595669746398926,1.0953645706176758,1.1225529909133911
163,240,240,2.413299560546875,13.23464584350586,60.723350524902344,240,0.5848375558853149,14.678836822509766,52.16768264770508,240,2.4927713871002197,3.485513210296631,6.531137943267822,240,1.056452989578247,1.0868730545043945,1.1111470460891724
164,240,240,2.0789546966552734,12.190131187438965,59.096466064453125,240,0.46055179834365845,14.39959716796875,54.117557525634766,240,2.6787610054016113,4.480809211730957,8.836155891418457,240,1.0618979930877686,1.0837314128875732,1.1111969947814941
165,240,240,0.7022077441215515,14.809951782226562,59.89274978637695,240,0.7981938719749451,14.261913299560547,54.386741638183594,240,1.9658280611038208,4.680930137634277,8.660727500915527,240,1.0547070503234863,1.0787980556488037,1.1052199602127075
166,240,240,0.7404568791389465,13.61771011352539,56.84082794189453,240,0.07401873916387558,11.245949745178223,52.80767822265625,240,3.280381441116333,5.6593828201293945,8.7218599319458,240,1.0622689723968506,1.087395429611206,1.1125190258026123
167,240,240,0.3663747012615204,13.16036319732666,56.887142181396484,240,0.4135417342185974,15.292659759521484,53.16722106933594,240,2.530412435531616,4.742857456207275,7.87115478515625,240,1.061279058456421,1.0879955291748047,1.1146219968795776
168,240,240,1.5267497301101685,20.343420028686523,59.872764587402344,240,0.5166200995445251,17.957019805908203,55.324974060058594,240,2.6821932792663574,4.464030742645264,5.432313919067383,240,1.061637043952942,1.0905303955078125,1.1191649436950684
169,240,240,2.4567854404449463,6.31088924407959,11.404598236083984,240,8.969069480895996,16.631458282470703,28.89776039123535,240,1.5097357034683228,3.789219617843628,8.709803581237793,240,1.0786709785461426,1.0931060314178467,1.1179779767990112
170,240,240,0.05595290660858154,4.800014495849609,10.481073379516602,240,5.393104553222656,8.24455451965332,41.573516845703125,240,3.4601736068725586,5.905550003051758,9.569284439086914,240,1.0803309679031372,1.0986835956573486,1.107282042503357
171,240,240,0.9170658588409424,10.25145149230957,59.48169708251953,240,0.22814124822616577,8.013113021850586,54.81630325317383,240,3.2689623832702637,5.568010330200195,9.833832740783691,240,1.057054042816162,1.0728204250335693,1.095639944076538
172,240,240,0.3449174165725708,6.451437950134277,61.472164154052734,240,0.8069709539413452,12.488890647888184,52.1782112121582,240,3.6270923614501953,4.938558578491211,7.265660285949707,240,1.0519930124282837,1.0728845596313477,1.0953799486160278
173,240,240,0.36584019660949707,11.579160690307617,59.71727752685547,240,0.5035777688026428,13.531044006347656,51.365875244140625,240,3.9158668518066406,5.722559928894043,8.875288009643555,240,1.0456409454345703,1.0773699283599854,1.1074130535125732
174,240,240,0.9857603907585144,11.09190559387207,61.74226379394531,240,0.3784591257572174,10.256996154785156,51.777557373046875,240,3.340291976928711,5.561864852905273,8.432703018188477,240,1.0536680221557617,1.080253005027771,1.1074579954147339
175,240,240,1.345229983329773,11.787574768066406,62.61491394042969,240,0.4953506886959076,15.268951416015625,52.27656555175781,240,3.64878249168396,5.05657958984375,7.22305965423584,240,1.0483410358428955,1.075564980506897,1.1044889688491821
176,240,240,1.3673056364059448,12.009052276611328,61.57286071777344,240,0.5777686834335327,13.75076961517334,52.79492950439453,240,3.0109689235687256,5.318155288696289,8.721027374267578,240,1.051306962966919,1.0768499374389648,1.0991389751434326
177,240,240,1.162137746810913,9.37013053894043,60.82475662231445,240,0.5450046062469482,15.309789657592773,50.683876037597656,240,0.2112177014350891,1.7516653537750244,6.563783645629883,240,1.0474539995193481,1.0757694244384766,1.1019129753112793
178,240,240,1.3119423389434814,8.509441375732422,60.3876953125,240,0.4279584288597107,13.231233596801758,51.770931243896484,240,0.07661667466163635,2.067281723022461,5.812677383422852,240,1.047435998916626,1.0746350288391113,1.1001169681549072
179,240,240,1.3954957723617554,8.731239318847656,60.57563400268555,240,0.39958447217941284,12.605180740356445,51.740028381347656,240,2.8270161151885986,5.9968671798706055,8.0624361038208,240,1.0496410131454468,1.076248049736023,1.1039140224456787
180,240,240,0.6446771025657654,10.914390563964844,60.57413864135742,240,0.37272852659225464,12.202073097229004,53.76850509643555,240,2.846406936645508,4.984130382537842,8.52689266204834,240,1.0520210266113281,1.077113389968872,1.1014070510864258
181,240,240,0.09691328555345535,8.658395767211914,60.15774917602539,240,0.5712977051734924,12.911361694335938,52.16585922241211,240,3.315347671508789,5.642970085144043,8.63292407989502,240,1.048295021057129,1.0762574672698975,1.1030939817428589
182,240,240,1.3735884428024292,12.427818298339844,60.12749099731445,240,1.1111793518066406,12.849512100219727,53.177085876464844,240,3.6854114532470703,5.040977954864502,8.000227928161621,240,1.0551509857177734,1.079982042312622,1.103240966796875
183,240,240,1.1141690015792847,13.92282485961914,60.222225189208984,240,0.18871158361434937,12.200263977050781,53.27696228027344,240,4.2611260414123535,6.016833305358887,8.56394100189209,240,1.0560940504074097,1.0801200866699219,1.101855993270874
184,240,240,1.808726191520691,12.610529899597168,61.53496551513672,240,0.3449174165725708,13.544404983520508,55.13384246826172,240,4.53634786605835,6.932557106018066,10.74229907989502,240,1.0529170036315918,1.0757089853286743,1.0982890129089355
185,240,240,1.2191674709320068,10.808582305908203,60.801841735839844,240,0.14803750813007355,16.343772888183594,55.463016510009766,240,3.863407611846924,7.7483320236206055,10.798091888427734,240,1.0468189716339111,1.0698444843292236,1.0970250368118286
186,240,240,1.6404402256011963,11.093120574951172,60.052974700927734,240,0.49732184410095215,12.493992805480957,53.42768478393555,240,4.585137844085693,7.572247505187988,10.425131797790527,240,1.0505629777908325,1.0752869844436646,1.1029900312423706
187,240,240,1.0549906492233276,10.177096366882324,60.80695724487305,240,0.4020254611968994,11.478630065917969,53.21897888183594,240,2.744594097137451,5.675607681274414,9.245139122009277,240,1.047739028930664,1.074265480041504,1.1007239818572998
188,240,240,0.9020058512687683,12.065418243408203,60.500274658203125,240,0.6097355484962463,12.215591430664062,53.67538833618164,240,3.861126184463501,6.056004524230957,10.30457878112793,240,1.0411700010299683,1.0801609754562378,1.1065490245819092
189,240,240,0.9926837086677551,11.313175201416016,60.309391021728516,240,0.05595290660858154,12.422080993652344,53.573734283447266,240,2.451521396636963,5.894498348236084,9.175496101379395,240,1.0429450273513794,1.076550006866455,1.100005030632019
190,240,240,1.0248838663101196,9.687629699707031,59.4340705871582,240,0.6071627736091614,11.674866676330566,51.57225036621094,240,5.5866522789001465,6.943861484527588,9.685314178466797,240,1.0459749698638916,1.075543999671936,1.1052769422531128
191,240,240,1.5704729557037354,9.426105499267578,61.363807678222656,240,0.45456475019454956,14.517480850219727,51.67866516113281,240,2.36777663230896,5.36625862121582,8.109585762023926,240,1.046133041381836,1.0720574855804443,1.0972110033035278
192,240,240,0.3609943985939026,7.525387763977051,59.57818603515625,240,0.6688107252120972,11.679847717285156,52.328800201416016,240,3.810742139816284,5.833999156951904,8.214177131652832,240,1.0416280031204224,1.0739879608154297,1.098425030708313
193,240,240,1.9440038204193115,9.253137588500977,61.26531982421875,240,0.19583526253700256,12.77412223815918,54.77812957763672,240,0.8313364386558533,3.6900296211242676,7.232966899871826,240,1.04692804813385,1.0736589431762695,1.0960769653320312
194,240,240,1.4825294017791748,12.651926040649414,59.169979095458984,240,1.0011242628097534,12.650749206542969,52.1027717590332,240,4.4048662185668945,7.230469703674316,10.34434700012207,240,1.050758957862854,1.0777380466461182,1.1023110151290894
195,240,240,1.107651710510254,12.485754013061523,59.72733688354492,240,0.3815486431121826,12.487427711486816,52.342227935791016,240,3.7387404441833496,6.580477714538574,8.658550262451172,240,1.0478620529174805,1.0788429975509644,1.1039810180664062
196,240,240,0.8531750440597534,9.231613159179688,61.45144271850586,240,0.6032830476760864,12.627274513244629,51.8027458190918,240,5.842377185821533,8.077912330627441,9.970641136169434,240,1.0483440160751343,1.0773074626922607,1.108420968055725
197,240,240,0.49178266525268555,11.300592422485352,60.36577606201172,240,0.03956468030810356,12.051908493041992,51.983116149902344,240,5.013954162597656,6.682209014892578,8.798125267028809,240,1.0512059926986694,1.0762699842453003,1.104830026626587
198,240,240,1.237488031387329,13.045387268066406,60.38211441040039,240,0.35387781262397766,11.945712089538574,51.9803352355957,240,4.406244277954102,6.442166328430176,8.260562896728516,240,1.0491149425506592,1.0791980028152466,1.104138970375061
199,240,240,1.2303515672683716,16.477088928222656,61.7794189453125,240,0.2298501580953598,13.301002502441406,53.27212905883789,240,4.9389967918396,6.37986946105957,9.000123023986816,240,1.0475209951400757,1.0799649953842163,1.1051340103149414
200,240,240,0.9861573576927185,10.122421264648438,61.46696090698242,240,0.9007033109664917,16.1109619140625,52.725616455078125,240,2.2343199253082275,6.4132232666015625,8.492782592773438,240,1.0512059926986694,1.0705149173736572,1.0931470394134521
201,240,240,0.5668275952339172,7.826606750488281,60.981754302978516,240,0.336300253868103,13.356945037841797,53.39430236816406,240,1.5848616361618042,4.5189971923828125,7.352419853210449,240,1.051298975944519,1.0817899703979492,1.1044000387191772
202,240,240,0.31836703419685364,16.831378936767578,62.191314697265625,240,1.1925538778305054,21.595157623291016,54.414371490478516,240,1.4691369533538818,4.628981590270996,8.221869468688965,240,1.0568820238113403,1.079585075378418,1.1027740240097046
203,240,240,4.331240653991699,8.98884105682373,34.19478225708008,240,1.70444655418396,35.81073760986328,40.6263427734375,240,1.1131147146224976,4.786463737487793,12.026835441589355,240,1.0686240196228027,1.0888545513153076,1.1049909591674805
204,240,240,0.30131596326828003,2.60920786857605,61.63418197631836,240,4.576328754425049,9.62289810180664,51.65919876098633,240,6.686243057250977,10.123788833618164,11.038918495178223,240,1.0489610433578491,1.080765962600708,1.0942410230636597
205,240,240,1.1649967432022095,10.239242553710938,63.695255279541016,240,0.3232465386390686,12.999004364013672,53.721458435058594,240,2.459810972213745,4.126916408538818,9.980340957641602,240,1.0599379539489746,1.075446605682373,1.1041749715805054
206,240,240,0.0656106099486351,10.506797790527344,57.385353088378906,240,0.34998586773872375,9.58734130859375,53.0190315246582,240,5.008363723754883,6.59984016418457,8.942130088806152,240,1.0627739429473877,1.0926449298858643,1.1064670085906982
207,240,240,0.2839302718639374,8.851543426513672,63.09436798095703,240,0.5828266739845276,11.812459945678711,51.19775390625,240,4.963963031768799,7.219247817993164,10.03902816772461,240,1.0482879877090454,1.0771424770355225,1.1058950424194336
208,240,240,0.12820424139499664,6.2919206619262695,60.21962356567383,240,0.1988101452589035,12.175331115722656,51.11124038696289,240,4.7749552726745605,6.237210273742676,9.162185668945312,240,1.051496982574463,1.075085997581482,1.0942139625549316
209,240,240,0.05934701859951019,5.781683921813965,60.04639434814453,240,0.44936954975128174,11.393970489501953,52.543888092041016,240,3.748678207397461,5.925641059875488,9.80766487121582,240,1.062723994255066,1.0817620754241943,1.100443959236145
210,240,240,0.30390241742134094,5.951823711395264,57.34564208984375,240,0.40734416246414185,10.78939437866211,50.367332458496094,240,4.768139839172363,7.608607292175293,9.906392097473145,240,1.0624020099639893,1.0833665132522583,1.105294942855835
211,240,240,0.3748224973678589,9.360628128051758,59.086727142333984,240,0.29541364312171936,12.995466232299805,50.80539321899414,240,4.046510696411133,6.726579666137695,8.53975772857666,240,1.06244695186615,1.0859389305114746,1.105841040611267
212,240,240,0.3961418569087982,9.665403366088867,61.08810806274414,240,0.4182465672492981,14.176835060119629,52.57878112792969,240,5.5133819580078125,7.1648712158203125,9.7699613571167,240,1.0533599853515625,1.077111005783081,1.0965089797973633
213,240,240,0.10279206931591034,7.058350563049316,61.24440383911133,240,0.3368815779685974,11.468411445617676,51.53826904296875,240,5.0918145179748535,5.939015865325928,8.612194061279297,240,1.0540770292282104,1.0806374549865723,1.0978859663009644
214,240,240,0.18238423764705658,11.054030418395996,60.796287536621094,240,0.4673001766204834,13.835074424743652,53.925880432128906,240,3.5092241764068604,4.656503677368164,8.106051445007324,240,1.0669679641723633,1.0868675708770752,1.1026999950408936
215,240,240,0.17582935094833374,6.7746477127075195,61.80704879760742,240,0.3195939064025879,16.592578887939453,53.82355499267578,240,0.3956475853919983,1.7217093706130981,3.9663000106811523,240,1.0624229907989502,1.0826804637908936,1.1028380393981934
216,240,240,0.02797645330429077,5.483523845672607,61.363365173339844,240,0.2705196738243103,14.59652328491211,52.58595657348633,240,1.7198771238327026,3.542318820953369,7.9254326820373535,240,1.0611790418624878,1.0789865255355835,1.101415991783142
217,240,240,0.09487278014421463,3.751002311706543,46.72550582885742,240,0.24469423294067383,17.975372314453125,55.636722564697266,240,1.232258677482605,2.7400481700897217,4.3832478523254395,240,1.058305025100708,1.0764925479888916,1.1002449989318848
218,240,240,0.8062431812286377,5.009532451629639,47.12347412109375,240,13.928149223327637,16.484928131103516,46.49335479736328,240,2.391874313354492,5.810410499572754,7.71034574508667,240,1.0830299854278564,1.1159639358520508,1.1327389478683472
219,240,240,0.3220335841178894,10.991399765014648,63.021942138671875,240,0.08156467974185944,12.146219253540039,51.047245025634766,240,4.386419296264648,5.843600273132324,8.616572380065918,240,1.0556670427322388,1.0759525299072266,1.0973440408706665
220,240,240,0.14536996185779572,7.478322982788086,66.02487182617188,240,0.402997761964798,12.52154541015625,54.799781799316406,240,2.100309133529663,3.385093927383423,5.621414661407471,240,1.0550999641418457,1.0899715423583984,1.1467519998550415
221,240,240,3.2612876892089844,15.772507667541504,54.849002838134766,240,3.573085308074951,26.27405548095703,59.18588638305664,240,1.2943731546401978,3.864011287689209,5.800052165985107,240,1.100417971611023,1.1194255352020264,1.1457619667053223
222,240,240,4.541742324829102,20.41519546508789,55.63263702392578,240,6.119586944580078,32.021671295166016,55.03961944580078,240,1.744394302368164,4.08683967590332,5.558341026306152,240,1.089082956314087,1.1202590465545654,1.1426010131835938
223,240,240,14.528371810913086,30.25775146484375,57.842655181884766,240,5.334615707397461,30.291589736938477,55.501094818115234,240,5.197009563446045,7.181612968444824,11.08242416381836,240,1.0749969482421875,1.117501974105835,1.1466439962387085
224,240,240,22.08041000366211,35.40172576904297,68.23177337646484,240,4.681906223297119,41.61369705200195,77.16141510009766,240,5.917251110076904,7.91377067565918,11.057273864746094,240,0.9562730193138123,1.0168225765228271,1.0892189741134644
225,240,240,2.2680532932281494,13.29028606414795,63.34136199951172,240,13.534337997436523,24.89657974243164,56.83176040649414,240,1.9015601873397827,3.392110824584961,6.502944469451904,240,1.009706974029541,1.0803604125976562,1.0978120565414429
226,240,240,0.05595290660858154,12.695383071899414,60.37100601196289,240,0.5109072327613831,3.3069238662719727,53.245330810546875,240,2.123476982116699,4.348569869995117,7.333581447601318,240,1.0736000537872314,1.0849790573120117,1.1084940433502197
227,240,240,0.911286473274231,11.782829284667969,61.06048583984375,240,0.24549256265163422,6.732572555541992,57.3112678527832,240,3.2102837562561035,4.451197147369385,5.6143317222595215,240,1.0928759574890137,1.110239028930664,1.1524829864501953
228,240,240,0.2422833889722824,16.326988220214844,68.94287872314453,240,6.734087944030762,34.70384216308594,59.59968185424805,240,0.09278740733861923,2.208505153656006,3.604402542114258,240,1.0627750158309937,1.0976945161819458,1.1285760402679443
229,240,240,0.4706381559371948,17.812911987304688,61.98707962036133,240,0.6567057371139526,26.10831069946289,63.451297760009766,240,0.5891709923744202,3.048798084259033,4.786346435546875,240,1.068505048751831,1.1179319620132446,1.1658819913864136
230,240,240,0.2571706473827362,20.457969665527344,55.26715850830078,240,1.3198240995407104,32.56981658935547,59.847049713134766,240,1.0225902795791626,3.163069486618042,5.333550453186035,240,1.080029010772705,1.099457025527954,1.1677520275115967
231,240,240,8.726183891296387,29.291149139404297,58.68083572387695,240,1.72861647605896,34.224830627441406,61.59499740600586,240,1.808185338973999,3.1350648403167725,6.1615071296691895,240,1.0096869468688965,1.0811309814453125,1.142266035079956
232,240,240,1.0839005708694458,8.660029411315918,68.02579498291016,240,14.224703788757324,26.416431427001953,58.23307800292969,240,2.492614269256592,4.112135887145996,7.287042140960693,240,0.975724995136261,1.0540540218353271,1.0997220277786255
233,240,240,5.72851037979126,27.102863311767578,42.277374267578125,240,2.5278587341308594,7.092169761657715,13.345248222351074,240,0.0,2.1223702430725098,5.809675216674805,240,1.086258053779602,1.1070725917816162,1.1132299900054932
234,240,240,3.8695359230041504,9.721750259399414,59.300872802734375,240,2.6356678009033203,4.813905239105225,14.648514747619629,240,5.684961795806885,7.919345855712891,11.66969108581543,240,1.0705020427703857,1.090451955795288,1.1086339950561523
235,240,240,0.0656106099486351,5.307647705078125,58.90367126464844,240,0.41021624207496643,12.398101806640625,55.72496795654297,240,3.830115795135498,5.886944770812988,9.697283744812012,240,1.058688998222351,1.0784105062484741,1.1014540195465088
236,240,240,0.8948183655738831,6.707855224609375,61.55080795288086,240,0.5066767930984497,13.452569961547852,53.34021759033203,240,3.6775929927825928,5.041913032531738,8.604825973510742,240,1.0516999959945679,1.075507402420044,1.1032170057296753
237,240,240,0.1312212198972702,4.4219207763671875,60.6229133605957,240,0.22468431293964386,14.20279312133789,54.48826217651367,240,3.9268527030944824,5.7662272453308105,8.158342361450195,240,1.0504900217056274,1.0762569904327393,1.0995270013809204
238,240,240,0.13705609738826752,4.255018711090088,63.157623291015625,240,0.55813068151474,15.003986358642578,55.04352569580078,240,3.109168291091919,5.015430450439453,7.147564888000488,240,1.0534789562225342,1.0794365406036377,1.1041229963302612
239,240,240,0.23239001631736755,4.977115631103516,63.0849609375,240,0.31713542342185974,13.913575172424316,52.0694465637207,240,5.495544910430908,7.233590602874756,9.660680770874023,240,1.0558170080184937,1.0770974159240723,1.1029590368270874
240,240,240,0.10279206931591034,5.121108531951904,60.885990142822266,240,0.421044260263443,12.854631423950195,52.34193420410156,240,5.210037708282471,6.4638190269470215,8.119964599609375,240,1.0530649423599243,1.0791659355163574,1.0986590385437012
241,240,240,0.0,5.113444805145264,62.15747833251953,240,0.29006636142730713,13.115272521972656,53.268089294433594,240,2.6627838611602783,4.780694484710693,6.911824703216553,240,1.0549269914627075,1.0811560153961182,1.100350022315979
242,240,240,0.8237699270248413,5.282708168029785,61.877140045166016,240,0.6617518067359924,14.427204132080078,54.12625503540039,240,2.0666801929473877,3.3099923133850098,6.168788909912109,240,1.0562889575958252,1.0814239978790283,1.0987149477005005
243,240,240,0.07401873916387558,5.318975448608398,61.074195861816406,240,1.2254111766815186,13.3875732421875,54.509273529052734,240,1.7517828941345215,3.49373197555542,8.482670783996582,240,1.0563689470291138,1.0856009721755981,1.1043930053710938
244,240,240,0.2853052616119385,7.791497230529785,59.31057357788086,240,0.14935342967510223,10.410759925842285,53.62459182739258,240,5.678545951843262,8.096744537353516,10.749479293823242,240,1.0620089769363403,1.0847300291061401,1.1012059450149536
245,240,240,0.05233915150165558,5.401829719543457,59.72423553466797,240,0.25793036818504333,10.95210075378418,52.894866943359375,240,2.0319173336029053,4.519237995147705,10.999611854553223,240,1.051867961883545,1.0780725479125977,1.1005489826202393
246,240,240,0.06852804124355316,5.7798895835876465,59.831783294677734,240,0.5774299502372742,12.596235275268555,52.648921966552734,240,4.074243545532227,5.220107078552246,7.052992343902588,240,1.0537259578704834,1.077347993850708,1.1037739515304565
247,240,240,0.13417036831378937,5.217297554016113,62.43920135498047,240,0.41021624207496643,13.0596284866333,53.25139236450195,240,3.6953861713409424,5.233443260192871,7.561511516571045,240,1.0522409677505493,1.0763635635375977,1.0991580486297607
248,240,240,0.0656106099486351,5.411482810974121,61.814369201660156,240,0.33571791648864746,11.895747184753418,51.79875183105469,240,4.576542854309082,5.825207710266113,8.795713424682617,240,1.0496890544891357,1.075497031211853,1.0986030101776123
249,240,240,0.09691328555345535,4.657413005828857,62.67072677612305,240,0.17582935094833374,13.946538925170898,53.23493194580078,240,3.667409658432007,5.537674903869629,8.697593688964844,240,1.0492199659347534,1.0748569965362549,1.0954869985580444
250,240,240,0.3815486431121826,6.177590370178223,63.011600494384766,240,0.21670480072498322,15.76844596862793,53.629188537597656,240,3.3568966388702393,5.216182708740234,8.92114543914795,240,1.0439419746398926,1.068779468536377,1.0921789407730103
251,240,240,0.7052663564682007,12.352290153503418,63.56317901611328,240,0.15065784752368927,14.57761001586914,50.92182922363281,240,2.40265154838562,4.663376331329346,7.123012542724609,240,1.0366480350494385,1.0625334978103638,1.0972460508346558
252,240,240,5.829176902770996,16.89087677001953,67.1353530883789,240,0.5322902202606201,11.424641609191895,50.92020797729492,240,1.9119269847869873,2.634030818939209,5.428921699523926,240,1.0607249736785889,1.105499505996704,1.1393959522247314
253,240,240,7.723571300506592,23.554397583007812,65.79267883300781,240,0.15065784752368927,39.32646179199219,62.87472152709961,240,0.4467492401599884,2.8765883445739746,6.981935024261475,240,1.0708919763565063,1.1032685041427612,1.14238703250885
254,240,240,19.18503189086914,39.05443572998047,73.26741790771484,240,4.5327630043029785,26.876697540283203,63.7470588684082,240,1.7744264602661133,7.148263454437256,8.844712257385254,240,1.0465869903564453,1.079885482788086,1.1230800151824951
255,240,240,9.560015678405762,27.42632293701172,65.62372589111328,240,7.861448287963867,38.84519958496094,67.19898223876953,240,2.3385820388793945,3.286663055419922,4.9844441413879395,240,1.0663269758224487,1.0841765403747559,1.113996982574463
256,240,240,6.79895544052124,30.76239776611328,62.27300262451172,240,5.564965724945068,22.252418518066406,57.350582122802734,240,3.026597261428833,4.408332824707031,5.725122451782227,240,1.085379958152771,1.1166839599609375,1.1419919729232788
257,240,240,8.48095703125,27.26218605041504,63.432674407958984,240,6.832451820373535,37.1685791015625,66.44002532958984,240,3.805908441543579,6.316244125366211,9.113953590393066,240,0.971930980682373,1.0832229852676392,1.1158369779586792
258,240,240,0.5743719935417175,22.902149200439453,62.50285339355469,240,0.8327475190162659,12.687408447265625,64.39142608642578,240,1.7813613414764404,4.764590263366699,10.1497802734375,240,0.9969890117645264,1.0561304092407227,1.0910320281982422
259,240,240,0.08622922748327255,5.277218818664551,61.974613189697266,240,0.6058723330497742,11.446039199829102,53.04862976074219,240,2.2680532932281494,4.6395063400268555,6.773436546325684,240,1.057569980621338,1.0848989486694336,1.10562002658844
260,240,240,0.16432450711727142,5.232195854187012,60.82634735107422,240,1.1467124223709106,13.078556060791016,52.676509857177734,240,2.657191276550293,4.837432384490967,7.653988838195801,240,1.0579819679260254,1.08571195602417,1.1120599508285522
261,240,240,0.09891171008348465,6.523149013519287,60.95439529418945,240,0.3679734468460083,14.630805969238281,52.82450866699219,240,2.6525464057922363,4.491978168487549,6.563126087188721,240,1.0509350299835205,1.079181432723999,1.10371994972229
262,240,240,0.05595290660858154,6.151928901672363,60.60841751098633,240,0.6205507516860962,13.637937545776367,53.08866882324219,240,2.7222514152526855,4.122026443481445,6.622615814208984,240,1.0550669431686401,1.08040452003479,1.1035879850387573
263,240,240,0.07661667466163635,6.103183746337891,60.316829681396484,240,0.4877876341342926,13.557247161865234,52.843727111816406,240,2.5438361167907715,4.535971641540527,6.62270450592041,240,1.0516060590744019,1.0784990787506104,1.1027029752731323
264,240,240,0.25487783551216125,6.221923828125,59.80191421508789,240,0.59248286485672,13.162809371948242,53.43541717529297,240,3.4232540130615234,5.053574562072754,7.661267280578613,240,1.0553059577941895,1.079030990600586,1.1019450426101685
265,240,240,0.09691328555345535,5.765771865844727,60.109527587890625,240,0.3986038863658905,15.338519096374512,52.67389678955078,240,3.5981497764587402,4.477181434631348,8.185972213745117,240,1.0557730197906494,1.0850410461425781,1.1077699661254883
266,240,240,1.9994882345199585,10.6050443649292,50.1816520690918,240,0.1251145303249359,14.877141952514648,52.8508415222168,240,4.100069522857666,7.852054119110107,10.455172538757324,240,1.0697439908981323,1.0916240215301514,1.1190659999847412
267,240,240,0.9130026698112488,5.737374305725098,49.76816177368164,240,0.48254457116127014,12.273731231689453,53.213802337646484,240,2.4871115684509277,7.395697593688965,9.041592597961426,240,1.0631159543991089,1.0777509212493896,1.1069209575653076
268,240,240,1.220450758934021,8.308847427368164,56.984130859375,240,0.7013713121414185,14.740741729736328,53.28958511352539,240,2.1784353256225586,4.039315700531006,7.079226970672607,240,1.0629570484161377,1.094591498374939,1.1125880479812622
269,240,240,11.80233097076416,18.111366271972656,70.1888656616211,240,0.8474218845367432,11.903565406799316,53.72555160522461,240,2.5703976154327393,5.660013198852539,10.053046226501465,240,1.0588879585266113,1.0808370113372803,1.1034409999847412
270,240,240,9.291342735290527,19.460819244384766,64.25984191894531,240,0.46646198630332947,13.795467376708984,54.042030334472656,240,3.4762625694274902,5.630275726318359,9.846900939941406,240,1.0484529733657837,1.0734385251998901,1.0919770002365112
271,240,240,8.200972557067871,21.871858596801758,70.0469741821289,240,0.6824231147766113,13.625085830688477,53.14146423339844,240,5.708357334136963,6.892569541931152,9.864818572998047,240,1.0495940446853638,1.0702733993530273,1.0916730165481567
272,240,240,7.0070624351501465,21.709346771240234,59.653831481933594,240,0.5961046814918518,13.489147186279297,55.42927169799805,240,2.54691219329834,4.985116958618164,7.962252616882324,240,1.0559409856796265,1.0740464925765991,1.093580961227417
273,240,240,7.181710243225098,18.4040470123291,64.73523712158203,240,0.43521249294281006,10.903030395507812,55.170928955078125,240,2.1909773349761963,3.613757610321045,8.01329517364502,240,1.041856050491333,1.0670065879821777,1.0893360376358032
274,240,240,9.186112403869629,17.828758239746094,65.89397430419922,240,0.19382664561271667,13.52106761932373,55.48748779296875,240,2.860743999481201,4.340837478637695,8.02580451965332,240,1.0424200296401978,1.0690419673919678,1.091670036315918
275,240,240,7.094202995300293,17.79766082763672,69.07514190673828,240,0.5647525787353516,13.894660949707031,55.80901336669922,240,3.1352524757385254,4.782087326049805,7.941713333129883,240,1.0482070446014404,1.0720710754394531,1.09260094165802
276,240,240,6.721057415008545,16.700410842895508,67.10081481933594,240,0.567862331867218,14.145462036132812,53.604286193847656,240,3.120105028152466,4.671727180480957,7.50623893737793,240,1.0495109558105469,1.0739524364471436,1.094884991645813
277,240,240,5.439091682434082,17.358844757080078,69.72454833984375,240,0.1203313022851944,13.694561004638672,56.0258674621582,240,2.9627974033355713,4.330593585968018,7.292801856994629,240,1.0483800172805786,1.0770469903945923,1.0964560508728027
278,240,240,8.17954158782959,19.638282775878906,68.97264099121094,240,0.2157999873161316,16.142810821533203,55.802818298339844,240,1.5411655902862549,2.638601303100586,4.951515197753906,240,1.0560129880905151,1.0814239978790283,1.0976779460906982
279,240,240,9.652862548828125,17.341341018676758,61.112911224365234,240,0.07401873916387558,3.970966339111328,56.47273254394531,240,0.0656106099486351,1.3938121795654297,4.644140720367432,240,1.0590929985046387,1.0896120071411133,1.09437894821167
280,240,240,9.134068489074707,12.002998352050781,37.63290023803711,240,0.9755840301513672,18.86691665649414,46.555538177490234,240,1.5504074096679688,2.2184951305389404,2.7483716011047363,240,1.0757869482040405,1.0864284038543701,1.0943310260772705
281,240,240,11.841853141784668,12.716072082519531,13.470684051513672,240,0.2365625500679016,2.3345446586608887,16.919126510620117,240,1.9237638711929321,4.759387969970703,6.319533824920654,240,1.0910630226135254,1.0934594869613647,1.0947060585021973
282,240,240,9.033658027648926,9.598931312561035,19.7188720703125,240,0.35387781262397766,11.474000930786133,19.76776123046875,240,6.328184604644775,8.89176082611084,9.833213806152344,240,1.0864520072937012,1.0958349704742432,1.0984599590301514
283,240,240,7.998141765594482,11.626689910888672,47.45033264160156,240,3.006284236907959,8.370529174804688,51.27109909057617,240,2.469658136367798,6.040205478668213,7.731545925140381,240,1.0656700134277344,1.084688425064087,1.095378041267395
284,240,240,11.981844902038574,26.473121643066406,37.281436920166016,240,2.6276350021362305,8.324642181396484,43.521278381347656,240,3.059598684310913,6.019038677215576,6.513880729675293,240,1.0850130319595337,1.087923526763916,1.0919150114059448
285,240,240,13.104612350463867,14.609712600708008,26.090557098388672,240,2.8939437866210938,3.6311655044555664,14.396234512329102,240,6.209366798400879,13.955974578857422,14.90876579284668,240,1.0719380378723145,1.0860894918441772,1.0875109434127808
286,240,240,8.750730514526367,10.294771194458008,49.80366134643555,240,6.911654949188232,14.781609535217285,38.510005950927734,240,3.3621997833251953,10.863104820251465,14.886835098266602,240,1.0785239934921265,1.091630458831787,1.0968769788742065
287,240,240,28.36890983581543,33.819740295410156,49.84825134277344,240,6.909242153167725,17.06926727294922,44.5849609375,240,3.1876399517059326,13.143688201904297,20.664894104003906,240,0.9913650155067444,1.0761175155639648,1.0912710428237915
288,240,240,47.95560073852539,83.31367492675781,89.18412780761719,240,44.95682907104492,82.81484985351562,87.79753112792969,240,1.0568437576293945,10.63316535949707,21.6142520904541,240,0.7146570086479187,0.7453844547271729,0.9898890256881714
289,240,240,75.18274688720703,78.44020080566406,83.74687957763672,240,69.51866912841797,73.6067886352539,83.1340560913086,240,6.562617778778076,8.509735107421875,12.117266654968262,240,0.7051090002059937,0.7113205194473267,0.7250059843063354
290,240,240,73.00902557373047,73.9259033203125,81.58206176757812,240,67.51795959472656,68.61883544921875,73.10154724121094,240,7.010449409484863,14.155492782592773,16.557771682739258,240,0.7088140249252319,0.7138584852218628,0.7153630256652832
291,240,240,81.67172241210938,83.52734375,86.11212158203125,240,73.14219665527344,75.50885009765625,78.03046417236328,240,7.386844158172607,10.993120193481445,15.7841157913208,240,0.7025690078735352,0.7123445272445679,0.71977698802948
292,240,240,80.78821563720703,84.56627655029297,103.18797302246094,240,71.06208801269531,71.41043090820312,76.62686920166016,240,15.890231132507324,24.815052032470703,26.79531478881836,240,0.7111390233039856,0.7170199751853943,0.7352010011672974
293,240,240,100.23118591308594,103.04487609863281,103.53462219238281,240,62.70143508911133,71.01199340820312,71.81096649169922,240,12.532052993774414,19.448989868164062,22.65299415588379,240,0.7353330254554749,0.7391375303268433,0.7678890228271484
294,240,240,98.01277160644531,98.17579650878906,100.1943130493164,240,67.91776275634766,71.35760498046875,71.83763122558594,240,3.787909984588623,6.596710681915283,12.469874382019043,240,0.7682340145111084,0.789826512336731,0.7915729880332947
295,240,240,98.10167694091797,98.59574890136719,99.08952331542969,240,71.24779510498047,71.64105987548828,72.26436614990234,240,3.8491387367248535,8.251810073852539,10.720252990722656,240,0.7816429734230042,0.7863550186157227,0.7915930151939392
296,240,240,98.89117431640625,99.43583679199219,99.81820678710938,240,71.78043365478516,72.57022094726562,72.93217468261719,240,4.757075309753418,7.668986797332764,10.837723731994629,240,0.7775710225105286,0.7795695066452026,0.781607985496521
297,240,240,98.07146453857422,98.67698669433594,98.91014099121094,240,70.16299438476562,71.23310089111328,72.56463623046875,240,3.377016067504883,5.523151397705078,8.55664348602295,240,0.7746869921684265,0.777672529220581,0.7816169857978821
298,240,240,97.71741485595703,100.80525207519531,105.85610961914062,240,54.29958724975586,59.553749084472656,71.35578918457031,240,0.8303943872451782,7.050893783569336,13.889121055603027,240,0.742622971534729,0.7561115026473999,0.7751250267028809
299,240,240,97.38796997070312,102.67333984375,105.82841491699219,240,59.114749908447266,62.02726364135742,63.0555534362793,240,0.7129926085472107,6.723685264587402,13.945405006408691,240,0.7369109988212585,0.744886040687561,0.7475770115852356
300,240,240,96.09587097167969,97.177001953125,97.80929565429688,240,59.09062194824219,61.79899597167969,64.11448669433594,240,0.5980709791183472,2.346978187561035,4.170538902282715,240,0.7200570106506348,0.7320694923400879,0.7380639910697937
301,240,240,96.02061462402344,96.55007934570312,96.86137390136719,240,63.67625045776367,68.90866088867188,69.68875885009766,240,0.26540815830230713,1.833549976348877,2.853893280029297,240,0.7210239768028259,0.7311664819717407,0.7335019707679749
302,240,240,95.9839096069336,96.18983459472656,96.36759185791016,240,67.06073760986328,67.44010925292969,68.53117370605469,240,2.864915132522583,5.305608749389648,6.2800703048706055,240,0.725600004196167,0.7258279919624329,0.7302359938621521
303,240,240,95.78285217285156,96.207275390625,96.31485748291016,240,67.2786865234375,68.19482421875,68.88229370117188,240,4.210403919219971,6.26524543762207,6.657260417938232,240,0.7271699905395508,0.7289110422134399,0.7332209944725037
304,240,240,94.28543853759766,95.17190551757812,95.8233642578125,240,67.09496307373047,68.13177490234375,70.33845520019531,240,3.9375102519989014,5.399550437927246,6.21854829788208,240,0.7285929918289185,0.734060525894165,0.7356699705123901
305,240,240,93.43529510498047,93.70989990234375,94.3369369506836,240,68.4808578491211,68.68507385253906,69.7816162109375,240,0.7538138628005981,1.1193381547927856,3.913665294647217,240,0.7283610105514526,0.7314034700393677,0.7323840260505676
306,240,240,93.65277862548828,93.80745697021484,93.89008331298828,240,68.73885345458984,68.8749008178711,69.19976043701172,240,0.5297107100486755,0.7929044961929321,1.68318772315979,240,0.7308509945869446,0.7313159704208374,0.7319539785385132
307,240,240,93.77445983886719,93.88082885742188,93.97633361816406,240,68.70704650878906,68.81417846679688,68.9887924194336,240,0.8093921542167664,0.9703533053398132,1.6559942960739136,240,0.7303799986839294,0.7311234474182129,0.7316330075263977
308,240,240,93.59397888183594,93.75271606445312,93.90013885498047,240,68.58229064941406,68.70901489257812,68.7590103149414,240,1.5870826244354248,2.238651990890503,2.5231311321258545,240,0.7309899926185608,0.7321339845657349,0.7328280210494995
309,240,240,93.69747161865234,93.89439392089844,93.98003387451172,240,68.6087646484375,68.73675537109375,68.83195495605469,240,1.3391064405441284,1.5711549520492554,2.213373899459839,240,0.7302449941635132,0.7305920124053955,0.7317140102386475
310,240,240,93.68003845214844,93.76311492919922,93.96288299560547,240,68.56939697265625,68.61891174316406,68.7708511352539,240,1.7132647037506104,2.187401294708252,2.513648748397827,240,0.7305799722671509,0.7314609885215759,0.7320349812507629
311,240,240,93.86466217041016,93.95297241210938,94.0523452758789,240,68.45101928710938,68.698974609375,68.76276397705078,240,2.353515625,2.4452457427978516,2.904005289077759,240,0.7301480174064636,0.7307465076446533,0.7312679886817932
312,240,240,93.82628631591797,93.87123107910156,93.92949676513672,240,68.49563598632812,68.56045532226562,68.72128295898438,240,2.8921170234680176,3.2206640243530273,3.5098376274108887,240,0.7310140132904053,0.7313984632492065,0.7318739891052246
313,240,240,93.70260620117188,93.78479766845703,94.03707885742188,240,68.30360412597656,68.49017333984375,68.74531555175781,240,0.9638804197311401,2.3770933151245117,3.0959174633026123,240,0.728085994720459,0.7313399910926819,0.7321249842643738
314,240,240,94.02391815185547,94.07664489746094,94.23694610595703,240,68.45234680175781,68.56382751464844,68.95405578613281,240,0.7532945275306702,1.284050703048706,1.4995911121368408,240,0.7277600169181824,0.728319525718689,0.7285249829292297
315,240,240,94.09146118164062,94.26070404052734,94.34738159179688,240,68.69685363769531,68.97288513183594,69.08025360107422,240,0.7409852147102356,0.7970899343490601,0.9102122187614441,240,0.728531002998352,0.7291489839553833,0.7295939922332764
316,240,240,93.83750915527344,93.91897583007812,94.08992004394531,240,68.2791519165039,68.52728271484375,68.69424438476562,240,0.09487278014421463,0.8914223909378052,2.2750325202941895,240,0.7275509834289551,0.7288614511489868,0.729587972164154
317,240,240,93.25146484375,93.8836441040039,95.61988067626953,240,68.41259765625,72.84540557861328,73.94866180419922,240,2.321277141571045,4.23405647277832,4.846947193145752,240,0.7247949838638306,0.7271950244903564,0.7314990162849426
318,240,240,90.00101470947266,91.42735290527344,96.53466796875,240,72.4748306274414,73.08486938476562,73.97280883789062,240,1.7391133308410645,2.802236795425415,4.565486907958984,240,0.7123759984970093,0.7207174897193909,0.7251840233802795
319,240,240,89.66261291503906,90.14826965332031,91.02289581298828,240,71.73441314697266,72.36164093017578,73.82298278808594,240,1.9210153818130493,2.7770626544952393,3.752332925796509,240,0.7128260135650635,0.7231760025024414,0.726809024810791
320,240,240,90.67146301269531,91.533935546875,97.00155639648438,240,73.8569107055664,75.35417175292969,76.77626037597656,240,2.9518089294433594,7.24099063873291,8.417086601257324,240,0.7206400036811829,0.7272474765777588,0.731482982635498
321,240,240,92.0725326538086,92.74526977539062,97.81986999511719,240,75.05061340332031,75.86772918701172,76.60770416259766,240,7.876415729522705,8.828971862792969,9.272985458374023,240,0.7274289727210999,0.729027509689331,0.7306380271911621
322,240,240,91.63833618164062,91.86642456054688,92.30784606933594,240,75.76153564453125,75.91456604003906,76.70059967041016,240,9.051692008972168,10.48879623413086,11.60783576965332,240,0.7288479804992676,0.7314890027046204,0.7344599962234497
323,240,240,91.62345886230469,92.07638549804688,92.40796661376953,240,74.11400604248047,75.69646453857422,76.23552703857422,240,1.4379022121429443,6.13266658782959,11.649700164794922,240,0.7275530099868774,0.7302020192146301,0.7360889911651611
324,240,240,91.52886199951172,91.91984558105469,92.48780059814453,240,73.95689392089844,74.38140106201172,75.55585479736328,240,3.0530011653900146,3.930117130279541,5.045389175415039,240,0.7273150086402893,0.7344005107879639,0.7418429851531982
325,240,240,84.0875244140625,92.470703125,94.52351379394531,240,75.5814437866211,76.3673324584961,77.15032196044922,240,4.800446033477783,7.967069625854492,9.252490043640137,240,0.7416309714317322,0.7520744800567627,0.7650259733200073
326,240,240,84.5379409790039,92.66049194335938,99.12544250488281,240,75.60633850097656,77.82337951660156,82.49989318847656,240,7.4942827224731445,9.160845756530762,10.375092506408691,240,0.7652230262756348,0.7791379690170288,0.7950159907341003
327,240,240,99.1474838256836,100.83872985839844,101.78622436523438,240,82.5663070678711,86.89280700683594,89.27886962890625,240,2.40444278717041,5.260831832885742,10.262243270874023,240,0.7797819972038269,0.7891110181808472,0.7950639724731445
328,240,240,98.70895385742188,100.50469970703125,101.80464935302734,240,81.31107330322266,85.1273422241211,89.25200653076172,240,2.4789135456085205,3.090284824371338,3.739473819732666,240,0.751308023929596,0.7586209774017334,0.7797139883041382
329,240,240,97.79888153076172,99.669677734375,102.31820678710938,240,89.1334457397461,92.66542053222656,94.20108795166016,240,1.8477970361709595,5.023615837097168,5.347347259521484,240,0.7405160069465637,0.7433210015296936,0.752685010433197
330,240,240,101.56511688232422,102.16552734375,109.13447570800781,240,91.42315673828125,93.51677703857422,94.79660034179688,240,0.09891171008348465,1.663893222808838,5.100426197052002,240,0.7399539947509766,0.747810959815979,0.7674000263214111
331,240,240,109.19017028808594,113.41798400878906,116.2463607788086,240,88.50093841552734,90.19960021972656,91.6089859008789,240,1.8088346719741821,5.787415504455566,7.391092300415039,240,0.767628014087677,0.7843660116195679,0.7972840070724487
332,240,240,116.26203918457031,117.04486083984375,117.48158264160156,240,85.62106323242188,87.07693481445312,88.48403930664062,240,4.251555442810059,5.431964874267578,6.635248184204102,240,0.7974100112915039,0.8087749481201172,0.8197619915008545
333,240,240,117.39588928222656,117.55703735351562,117.867431640625,240,83.38616943359375,84.33657836914062,85.60932159423828,240,3.781442642211914,6.331727981567383,6.879312992095947,240,0.8198410272598267,0.826259970664978,0.830551028251648
334,240,240,117.40853118896484,117.51467895507812,117.83946990966797,240,82.92100524902344,83.08264923095703,83.83889770507812,240,5.7795023918151855,6.85359001159668,7.317376613616943,240,0.8290799856185913,0.8318619728088379,0.832958996295929
335,240,240,117.18569946289062,117.83619689941406,118.32604217529297,240,83.847412109375,84.31456756591797,84.4942626953125,240,4.395028591156006,4.659300327301025,5.771867275238037,240,0.8269010186195374,0.8277029991149902,0.8292700052261353
336,240,240,116.60450744628906,116.70245361328125,117.17031860351562,240,83.24053955078125,83.373779296875,84.1740493774414,240,4.074243545532227,4.572474479675293,4.959027290344238,240,0.8272209763526917,0.8307554721832275,0.8314499855041504
337,240,240,117.01752471923828,117.1915054321289,117.42066955566406,240,83.79618072509766,84.43517303466797,84.8027572631836,240,3.7432940006256104,4.169834136962891,4.314113140106201,240,0.8245919942855835,0.825963020324707,0.8271790146827698
338,240,240,116.93656158447266,117.06827545166016,117.25072479248047,240,84.31890869140625,84.61647033691406,85.34764862060547,240,3.0662455558776855,3.813072443008423,5.268417835235596,240,0.8236460089683533,0.8265514969825745,0.8283209800720215
339,240,240,116.442626953125,117.1965103149414,117.47573852539062,240,83.81257629394531,84.48780822753906,85.40328979492188,240,3.350767135620117,4.795750141143799,5.443628787994385,240,0.8242189884185791,0.8283840417861938,0.8298640251159668
340,240,240,116.44157409667969,117.26535034179688,117.78070068359375,240,83.88593292236328,84.82484436035156,85.3757553100586,240,1.4794902801513672,2.0254013538360596,4.855468273162842,240,0.8222450017929077,0.8250875473022461,0.8286929726600647
341,240,240,117.19248962402344,117.91517639160156,118.50638580322266,240,81.49555969238281,84.50601196289062,85.56285858154297,240,2.657043933868408,4.1196465492248535,5.08669376373291,240,0.8249559998512268,0.8268899917602539,0.8279359936714172
342,240,240,118.45414733886719,119.06507110595703,119.98162078857422,240,81.49240112304688,83.33830261230469,84.781005859375,240,0.4735395014286041,1.7329657077789307,4.029780387878418,240,0.8234390020370483,0.8266785144805908,0.8280259966850281
343,240,240,119.93584442138672,120.46073913574219,120.95819091796875,240,84.06417846679688,84.2728042602539,84.68403625488281,240,0.7677032947540283,1.2218924760818481,1.6647162437438965,240,0.825626015663147,0.8277699947357178,0.8315140008926392
344,240,240,118.07203674316406,118.6017837524414,119.92633819580078,240,83.0280990600586,83.51234436035156,84.56172180175781,240,1.6491258144378662,3.9432501792907715,4.756292819976807,240,0.8307890295982361,0.8364675045013428,0.838280975818634
345,240,240,118.2132339477539,118.49172973632812,118.59880828857422,240,83.33417510986328,83.9769515991211,84.16191101074219,240,2.9441728591918945,5.615675926208496,5.876864910125732,240,0.8313739895820618,0.8328310251235962,0.8369680047035217
346,240,240,117.90853881835938,118.15388488769531,118.65387725830078,240,83.74533081054688,84.53950500488281,85.05957794189453,240,2.763925313949585,4.330471515655518,5.431917190551758,240,0.8242779970169067,0.8306735157966614,0.8344830274581909
347,240,240,115.88602447509766,117.061279296875,118.00104522705078,240,85.08255004882812,85.9289779663086,87.28162384033203,240,2.94643235206604,4.105452537536621,4.820320129394531,240,0.8077639937400818,0.8166934847831726,0.8241410255432129
348,240,240,111.49207305908203,115.12709045410156,115.8667221069336,240,87.30133819580078,89.28974914550781,90.76753997802734,240,1.5876991748809814,3.259993553161621,5.241235256195068,240,0.7723960280418396,0.7895129919052124,0.8076850175857544
349,240,240,101.02472686767578,102.09158325195312,111.45044708251953,240,90.78849792480469,92.95114135742188,94.14529418945312,240,3.256962537765503,5.850435733795166,7.017413139343262,240,0.7482349872589111,0.75501948595047,0.7722100019454956
350,240,240,101.21271514892578,101.86236572265625,103.97930908203125,240,93.41570281982422,94.41658020019531,94.69422149658203,240,3.0730695724487305,3.7157273292541504,5.254340648651123,240,0.7463970184326172,0.7475324869155884,0.7528079748153687
351,240,240,91.87965393066406,93.97358703613281,100.9814682006836,240,90.27912139892578,91.46195983886719,93.40736389160156,240,4.807460308074951,7.275919437408447,19.086227416992188,240,0.7162039875984192,0.7458894848823547,0.7531329989433289
352,240,240,93.9821548461914,94.71116638183594,95.36670684814453,240,90.68484497070312,91.150146484375,92.0637435913086,240,19.16417694091797,21.027311325073242,21.78554916381836,240,0.7158089876174927,0.722357988357544,0.7242720127105713
353,240,240,89.48857116699219,93.27427673339844,94.32618713378906,240,88.89239501953125,90.25404357910156,90.84073638916016,240,3.900885581970215,14.937670707702637,19.494953155517578,240,0.7226750254631042,0.7314785122871399,0.7607849836349487
354,240,240,89.56800842285156,96.89942932128906,98.68572998046875,240,89.30987548828125,94.19129943847656,94.76864624023438,240,2.9921205043792725,3.8997273445129395,4.962739944458008,240,0.7608969807624817,0.773123025894165,0.7809330224990845
355,240,240,98.6633529663086,99.13188934326172,100.23668670654297,240,93.31140899658203,93.64572143554688,94.046630859375,240,4.10260009765625,4.640716075897217,7.887970924377441,240,0.7679359912872314,0.7771660089492798,0.7808610200881958
356,240,240,98.61279296875,99.53030395507812,100.79029846191406,240,91.45709228515625,91.9859619140625,93.47229766845703,240,4.016783714294434,5.639792442321777,7.904078960418701,240,0.7580959796905518,0.7675169706344604,0.7731599807739258
357,240,240,94.31971740722656,95.90762329101562,98.38034057617188,240,91.25635528564453,91.50375366210938,91.89147186279297,240,2.9419777393341064,3.433803081512451,5.452657699584961,240,0.7477930188179016,0.7531844973564148,0.7580180168151855
358,240,240,95.82054138183594,95.85916137695312,96.17717742919922,240,90.836669921875,91.00979614257812,91.8979263305664,240,5.241010665893555,5.452280044555664,6.208009243011475,240,0.7474300265312195,0.7488330006599426,0.7491480112075806
359,240,240,95.96476745605469,96.31173706054688,96.45243835449219,240,90.88865661621094,91.09555053710938,91.50253295898438,240,4.415835857391357,5.466046333312988,6.37547492980957,240,0.7468299865722656,0.7470505237579346,0.7483500242233276
360,240,240,96.12982177734375,96.22857666015625,96.35717010498047,240,90.7908935546875,90.89118194580078,91.08151245117188,240,3.6017942428588867,3.755488872528076,4.408510684967041,240,0.7471100091934204,0.7478259801864624,0.7482029795646667
361,240,240,96.07437133789062,96.20034790039062,96.41963195800781,240,90.63988494873047,90.77272033691406,90.85137939453125,240,3.132253646850586,3.510450601577759,3.6230411529541016,240,0.7475939989089966,0.7482290267944336,0.7488449811935425
362,240,240,96.10176086425781,96.17540740966797,96.29988861083984,240,90.47467803955078,90.62852478027344,90.7879867553711,240,2.9672868251800537,3.0313796997070312,3.134377956390381,240,0.7480340003967285,0.7489830255508423,0.7495980262756348
363,240,240,95.88714599609375,96.20965576171875,96.3739013671875,240,90.12559509277344,90.50286865234375,90.63656616210938,240,2.436706066131592,2.4798214435577393,2.982224941253662,240,0.7485910058021545,0.7494485378265381,0.751308023929596
364,240,240,95.36908721923828,95.6736068725586,95.88314819335938,240,89.8324203491211,90.33843231201172,90.76979064941406,240,2.4709255695343018,3.27781343460083,6.355360507965088,240,0.7493600249290466,0.7505785226821899,0.7529820203781128
365,240,240,94.46865844726562,94.84542846679688,96.35047149658203,240,88.36590576171875,88.69993591308594,90.0060043334961,240,6.385461807250977,9.305550575256348,15.509864807128906,240,0.7465010285377502,0.7541364431381226,0.7563700079917908
366,240,240,96.37948608398438,98.349365234375,99.12012481689453,240,88.4573974609375,89.08421325683594,89.44037628173828,240,15.579863548278809,21.819780349731445,24.160181045532227,240,0.7340869903564453,0.7372785210609436,0.7463260293006897
367,240,240,97.88601684570312,98.70956420898438,99.39940643310547,240,88.46481323242188,89.09547424316406,89.72557067871094,240,22.892919540405273,23.868297576904297,24.253313064575195,240,0.7326639890670776,0.7354735136032104,0.7389730215072632
368,240,240,97.37303924560547,97.86370086669922,98.22492218017578,240,87.6536636352539,88.21873474121094,88.72647094726562,240,20.515310287475586,21.993999481201172,22.884790420532227,240,0.7374119758605957,0.7397599816322327,0.7417969703674316
369,240,240,97.12432098388672,97.38990020751953,97.7872085571289,240,87.5992431640625,87.79232788085938,88.41573333740234,240,18.297021865844727,18.855636596679688,20.51217269897461,240,0.7393289804458618,0.741178035736084,0.7421209812164307
370,240,240,97.53911590576172,97.92074584960938,98.11847686767578,240,88.27753448486328,88.6288070678711,88.81977844238281,240,18.967174530029297,19.117326736450195,19.308815002441406,240,0.7386350035667419,0.7387365102767944,0.7395190000534058
371,240,240,97.3159408569336,97.39131927490234,97.53334045410156,240,87.86385345458984,88.06315612792969,88.27030944824219,240,19.212833404541016,19.367706298828125,19.55832290649414,240,0.7379090189933777,0.7391809821128845,0.739886999130249
372,240,240,97.205078125,97.62464904785156,100.1144027709961,240,87.90440368652344,88.34611511230469,89.79558563232422,240,18.74262809753418,19.21284294128418,23.709217071533203,240,0.7258269786834717,0.7357184886932373,0.7384920120239258
373,240,240,94.72320556640625,98.93746948242188,101.13211822509766,240,87.55609130859375,89.1574478149414,90.11632537841797,240,10.095102310180664,17.151107788085938,25.03749656677246,240,0.7230460047721863,0.7344344854354858,0.7559760212898254
374,240,240,94.03498840332031,94.50450897216797,95.5866470336914,240,87.74310302734375,88.94076538085938,90.34590911865234,240,3.504646062850952,6.317490577697754,10.39629077911377,240,0.7491000294685364,0.7560849785804749,0.7577099800109863
375,240,240,94.37973022460938,94.78550720214844,95.46150207519531,240,88.98579406738281,89.37005615234375,90.17607116699219,240,2.313422441482544,2.575798511505127,3.4763755798339844,240,0.7500669956207275,0.7549034953117371,0.7566199898719788
376,240,240,93.76542663574219,94.14708709716797,94.96479034423828,240,87.42845153808594,88.59300994873047,88.97982788085938,240,2.9075756072998047,4.86306095123291,10.13535213470459,240,0.7517179846763611,0.7566325068473816,0.758122980594635
377,240,240,95.00997161865234,98.80036926269531,99.54100036621094,240,87.56751251220703,88.33567810058594,88.46752166748047,240,10.21902084350586,20.521915435791016,21.027135848999023,240,0.7336609959602356,0.7362754940986633,0.7514780163764954
378,240,240,98.31768798828125,98.84321594238281,99.48326873779297,240,87.48453521728516,87.84882354736328,88.32839965820312,240,19.861806869506836,20.55514144897461,21.998821258544922,240,0.7364050149917603,0.7387100458145142,0.7425670027732849
379,240,240,96.64503479003906,97.80783081054688,99.93772888183594,240,86.4150161743164,86.80230712890625,88.5550537109375,240,19.156591415405273,21.871992111206055,23.5745792388916,240,0.7344589829444885,0.7444519996643066,0.7486910223960876
380,240,240,97.00286865234375,97.36442565917969,97.74932861328125,240,86.29087829589844,86.5404052734375,86.81010437011719,240,17.4417724609375,18.06927490234375,19.14269256591797,240,0.7439529895782471,0.7472724914550781,0.7488399744033813
381,240,240,97.43966674804688,98.16470336914062,99.30753326416016,240,86.11588287353516,86.50407409667969,87.37860870361328,240,18.54244041442871,20.611045837402344,21.96157455444336,240,0.7413280010223389,0.7455284595489502,0.7484170198440552
382,240,240,98.888671875,99.31907653808594,99.41057586669922,240,86.524658203125,86.93838500976562,87.37377166748047,240,21.985187530517578,24.957481384277344,26.011089324951172,240,0.741129994392395,0.7440024614334106,0.7451580166816711
383,240,240,98.04005432128906,98.28781127929688,98.90723419189453,240,86.28584289550781,86.58932495117188,86.816162109375,240,23.715492248535156,24.49736976623535,25.32065773010254,240,0.7447310090065002,0.7462480068206787,0.7475249767303467
384,240,240,98.47966766357422,98.985595703125,99.7911605834961,240,86.66647338867188,86.92066955566406,87.68285369873047,240,25.33603286743164,26.41554069519043,26.72439956665039,240,0.7368469834327698,0.7415645122528076,0.7448189854621887
385,240,240,98.5813980102539,99.14515686035156,99.7914810180664,240,87.45828247070312,87.70083618164062,89.5943603515625,240,15.921846389770508,21.640012741088867,26.647968292236328,240,0.7328550219535828,0.7382639646530151,0.7410029768943787
386,240,240,93.78359985351562,94.79216003417969,98.90991973876953,240,86.61549377441406,87.77224731445312,89.2219467163086,240,5.55269718170166,7.964260578155518,15.857732772827148,240,0.7355329990386963,0.7541489601135254,0.7587310075759888
387,240,240,94.41694641113281,95.11357116699219,95.5278091430664,240,87.56991577148438,88.94149017333984,89.88706970214844,240,0.7628450989723206,2.9942355155944824,7.791880130767822,240,0.7529460191726685,0.755653977394104,0.7585470080375671
388,240,240,94.60060119628906,94.94635009765625,95.53953552246094,240,89.89395904541016,91.04222869873047,91.59443664550781,240,0.9805855751037598,1.5589039325714111,2.156402349472046,240,0.7520409822463989,0.7531639933586121,0.7539129853248596
389,240,240,94.41260528564453,95.17437744140625,96.32803344726562,240,90.8730697631836,91.2789306640625,91.51565551757812,240,1.008718490600586,1.9329519271850586,5.568592071533203,240,0.749206006526947,0.7521679997444153,0.7549780011177063
390,240,240,93.22064971923828,93.89569854736328,96.03531646728516,240,89.88362121582031,90.211669921875,91.2843017578125,240,0.03956468030810356,1.849437952041626,5.771459579467773,240,0.749504029750824,0.7536925077438354,0.7551069855690002
391,240,240,92.33065795898438,93.16697692871094,95.91331481933594,240,89.21216583251953,89.63069152832031,90.24440002441406,240,1.5562026500701904,1.808239221572876,12.923949241638184,240,0.7444689869880676,0.7561049461364746,0.7599130272865295
392,240,240,95.95487213134766,98.21224212646484,98.45428466796875,240,87.72844696044922,88.2117919921875,89.60418701171875,240,13.05148696899414,22.396574020385742,23.298137664794922,240,0.7381309866905212,0.739830493927002,0.7443010210990906
393,240,240,97.87664031982422,98.10844421386719,98.48407745361328,240,87.0578384399414,87.55082702636719,88.44975280761719,240,22.777156829833984,23.82416534423828,24.432226181030273,240,0.7378960251808167,0.7402729988098145,0.7418370246887207
394,240,240,97.20317840576172,97.61474609375,97.86651611328125,240,86.73359680175781,86.85182189941406,87.05342102050781,240,19.027057647705078,21.40686798095703,22.752056121826172,240,0.7418810129165649,0.7427524924278259,0.7440369725227356
395,240,240,95.5319595336914,96.07150268554688,97.1958236694336,240,86.7684097290039,87.85762023925781,88.08844757080078,240,15.4022855758667,16.117481231689453,18.99378204345703,240,0.7421209812164307,0.7441290020942688,0.7457910180091858
396,240,240,96.26603698730469,96.77169799804688,96.96360778808594,240,87.97286224365234,88.26585388183594,88.33538818359375,240,16.884992599487305,17.839374542236328,18.159984588623047,240,0.7398020029067993,0.7406539916992188,0.7420979738235474
397,240,240,96.30548095703125,97.05550384521484,97.36363983154297,240,87.77351379394531,88.11023712158203,88.64358520507812,240,16.334394454956055,17.545406341552734,18.76838493347168,240,0.7386710047721863,0.739920973777771,0.7427070140838623
398,240,240,96.4548568725586,96.855224609375,97.35513305664062,240,87.65918731689453,88.25289916992188,88.63030242919922,240,14.95185661315918,15.513571739196777,16.464523315429688,240,0.7395280003547668,0.7428745031356812,0.7452020049095154
399,240,240,96.1049575805664,96.37377166748047,97.20724487304688,240,87.61463928222656,87.9302749633789,88.58009338378906,240,14.852072715759277,15.961576461791992,16.576095581054688,240,0.7411839962005615,0.7453939914703369,0.7467880249023438
400,240,240,96.96299743652344,97.04942321777344,97.22933197021484,240,88.3109359741211,88.44161987304688,88.71343231201172,240,14.791023254394531,15.006479263305664,15.360377311706543,240,0.7409639954566956,0.7422535419464111,0.7426810264587402
401,240,240,95.98072814941406,96.35440063476562,97.22863006591797,240,88.18488311767578,88.68925476074219,89.5074234008789,240,8.886017799377441,11.18657112121582,14.788789749145508,240,0.7415199875831604,0.7447245121002197,0.7465760111808777
402,240,240,96.47611236572266,96.6364974975586,97.45976257324219,240,88.75221252441406,88.91915130615234,89.53357696533203,240,9.136112213134766,10.26026439666748,13.251163482666016,240,0.7369959950447083,0.7428104877471924,0.7450979948043823
403,240,240,94.47434997558594,97.3124771118164,97.8040542602539,240,87.4375,89.03813171386719,89.67784881591797,240,10.190184593200684,14.70250129699707,16.479555130004883,240,0.7311789989471436,0.7343770265579224,0.751567006111145
404,240,240,94.17103576660156,94.98193359375,95.48866271972656,240,87.43423461914062,89.26190185546875,90.91704559326172,240,0.48978927731513977,2.5383572578430176,10.095080375671387,240,0.7517539858818054,0.7547205090522766,0.7566019892692566
405,240,240,95.36114501953125,96.15615844726562,98.10691833496094,240,90.85657501220703,92.19158935546875,93.90428924560547,240,2.547373056411743,3.2274606227874756,4.20472526550293,240,0.7368109822273254,0.7447949647903442,0.7525349855422974
406,240,240,84.60163116455078,91.86212921142578,96.03437042236328,240,89.0684585571289,91.81463623046875,94.91302490234375,240,1.1270908117294312,4.542142391204834,5.763133525848389,240,0.7291669845581055,0.7373960018157959,0.7462549805641174
407,240,240,81.1843032836914,82.74248504638672,89.74591827392578,240,73.53014373779297,80.20220184326172,89.02019500732422,240,1.1887736320495605,5.515596389770508,6.86981201171875,240,0.7177410125732422,0.72564697265625,0.7373239994049072
408,240,240,89.84541320800781,95.41676330566406,96.91725158691406,240,74.40110778808594,78.76898193359375,85.98617553710938,240,2.429788589477539,4.659867286682129,7.418147563934326,240,0.7351109981536865,0.7440339922904968,0.7467060089111328
409,240,240,95.52816772460938,95.91961669921875,96.35157775878906,240,78.23261260986328,78.46234893798828,78.6937026977539,240,5.309985160827637,6.244596481323242,7.259040832519531,240,0.7467359900474548,0.7522969841957092,0.7547320127487183
410,240,240,95.32002258300781,95.43040466308594,95.62179565429688,240,77.5575180053711,77.86729431152344,78.24971771240234,240,5.2485575675964355,6.025905132293701,7.125436305999756,240,0.7541689872741699,0.7551094889640808,0.7564470171928406
411,240,240,95.34242248535156,95.51986694335938,95.82707214355469,240,77.1429672241211,77.63877868652344,77.91988372802734,240,7.147428035736084,10.171964645385742,10.615891456604004,240,0.7552670240402222,0.758386492729187,0.7612259984016418
412,240,240,95.83103942871094,96.08805847167969,97.04154968261719,240,77.70069885253906,78.49320983886719,78.87675476074219,240,9.624449729919434,10.295438766479492,10.768266677856445,240,0.7407259941101074,0.7550414800643921,0.7578700184822083
413,240,240,90.17142486572266,92.04290771484375,97.0406494140625,240,65.74594116210938,71.67591857910156,78.84044647216797,240,5.103690147399902,8.038248062133789,13.077728271484375,240,0.6754419803619385,0.71891850233078,0.740572988986969
414,240,240,91.10640716552734,93.78207397460938,93.94569396972656,240,63.085323333740234,63.587947845458984,65.73357391357422,240,13.18359088897705,18.781274795532227,21.01255226135254,240,0.6640070080757141,0.6662744879722595,0.6750230193138123
415,240,240,93.92500305175781,94.69208526611328,95.24820709228516,240,62.41802978515625,62.871131896972656,63.39797592163086,240,21.032970428466797,23.067371368408203,23.829423904418945,240,0.6598520278930664,0.6636489629745483,0.667934000492096
416,240,240,93.87232971191406,94.12715148925781,94.868408203125,240,62.933448791503906,63.520896911621094,63.86372756958008,240,19.269126892089844,20.730928421020508,21.516733169555664,240,0.6650009751319885,0.6659950017929077,0.6678940057754517
417,240,240,93.55543518066406,95.08194732666016,96.36702728271484,240,63.61982727050781,64.12411499023438,65.02023315429688,240,19.166454315185547,21.894851684570312,23.323474884033203,240,0.6589289903640747,0.6650155186653137,0.6734660267829895
418,240,240,93.31184387207031,94.00787353515625,94.6563720703125,240,63.05497741699219,63.81257629394531,64.43767547607422,240,18.725709915161133,19.189720153808594,19.790790557861328,240,0.6723920106887817,0.6739314794540405,0.6780040264129639
419,240,240,93.30896759033203,94.96278381347656,96.32920837402344,240,63.06273651123047,64.13540649414062,65.08235168457031,240,18.721357345581055,21.922035217285156,23.757266998291016,240,0.6631100177764893,0.6709890365600586,0.6779680252075195
420,240,240,93.88790130615234,96.90896606445312,97.72762298583984,240,64.18869018554688,65.7701416015625,66.40152740478516,240,17.300941467285156,23.788349151611328,24.555511474609375,240,0.6560959815979004,0.6600960493087769,0.6696230173110962
421,240,240,91.20902252197266,91.51617431640625,93.85254669189453,240,64.14645385742188,64.6312255859375,64.92622375488281,240,12.65475845336914,13.47029972076416,17.263916015625,240,0.6697109937667847,0.6748719811439514,0.6767420172691345
422,240,240,90.02323150634766,90.74496459960938,91.2665023803711,240,64.16301727294922,64.89314270019531,65.53703308105469,240,12.3468599319458,12.985952377319336,17.726953506469727,240,0.6719520092010498,0.6743954420089722,0.6753519773483276
423,240,240,91.298583984375,93.62287902832031,94.58613586425781,240,65.28071594238281,65.83399963378906,66.17816162109375,240,17.79218292236328,23.645248413085938,25.07724952697754,240,0.6630809903144836,0.6661139726638794,0.6718720197677612
424,240,240,92.61737060546875,92.95388793945312,93.48420715332031,240,65.45210266113281,65.60671997070312,66.08889770507812,240,20.165802001953125,21.079151153564453,23.10609245300293,240,0.666824996471405,0.6705440282821655,0.6730200052261353
425,240,240,93.35350036621094,94.36175537109375,95.3416976928711,240,64.78163146972656,65.5556869506836,65.686279296875,240,21.482778549194336,24.721454620361328,27.421953201293945,240,0.6656299829483032,0.6686694622039795,0.6714709997177124
426,240,240,93.46268463134766,94.46373748779297,94.98621368408203,240,64.74199676513672,64.97254943847656,65.33429718017578,240,23.757827758789062,25.823301315307617,27.41825294494629,240,0.6676130294799805,0.6682454943656921,0.6759700179100037
427,240,240,92.14682006835938,93.00884246826172,93.94046783447266,240,64.6950912475586,64.91265869140625,65.80237579345703,240,20.88779067993164,22.035913467407227,23.745872497558594,240,0.6684719920158386,0.6758630275726318,0.6764649748802185
428,240,240,92.38337707519531,94.51820373535156,95.85762023925781,240,64.71340942382812,65.5702896118164,66.20818328857422,240,21.202320098876953,23.989667892456055,25.883317947387695,240,0.6635940074920654,0.6668670177459717,0.6717810034751892
429,240,240,92.50762176513672,92.78340148925781,92.962890625,240,64.8719711303711,65.02489471435547,65.37150573730469,240,20.999717712402344,21.182373046875,21.569067001342773,240,0.669471025466919,0.6700714826583862,0.6713190078735352
430,240,240,92.59331512451172,92.88372802734375,93.13365936279297,240,64.68241882324219,64.9765396118164,65.2803726196289,240,20.386369705200195,21.160396575927734,21.2625789642334,240,0.6698570251464844,0.6704084873199463,0.6712300181388855
431,240,240,92.9311294555664,93.59113311767578,94.6163558959961,240,64.87262725830078,65.35226440429688,65.7416763305664,240,20.382986068725586,21.208232879638672,23.055234909057617,240,0.664529025554657,0.6694425344467163,0.6709849834442139
432,240,240,92.48265838623047,93.68646240234375,94.83981323242188,240,64.91275024414062,65.28086853027344,65.91509246826172,240,18.01553726196289,20.19977569580078,23.172382354736328,240,0.6638759970664978,0.671952486038208,0.6747949719429016
433,240,240,92.4581298828125,93.08519744873047,94.96533966064453,240,64.91276550292969,65.14012908935547,66.05988311767578,240,18.01102066040039,19.273250579833984,21.539979934692383,240,0.6642069816589355,0.6724574565887451,0.6747819781303406
434,240,240,94.57323455810547,94.89466857910156,95.16822052001953,240,65.12388610839844,65.53097534179688,66.35295867919922,240,21.55512809753418,22.384618759155273,22.978626251220703,240,0.6632519960403442,0.664607048034668,0.6656389832496643
435,240,240,94.54684448242188,95.29427337646484,96.0003433227539,240,61.97687530517578,65.81824493408203,67.07855987548828,240,15.542769432067871,21.486526489257812,22.28457260131836,240,0.6500229835510254,0.6555874943733215,0.6633949875831604
436,240,240,92.22615051269531,94.31610870361328,100.2488021850586,240,49.48038864135742,57.251670837402344,68.55775451660156,240,0.20463021099567413,5.307453155517578,15.44477653503418,240,0.6559630036354065,0.6773860454559326,0.6959180235862732
437,240,240,89.24116516113281,90.85736083984375,100.41666412353516,240,68.66040802001953,72.05438995361328,73.83151245117188,240,3.9281492233276367,6.546076774597168,13.564030647277832,240,0.6889520287513733,0.6926864981651306,0.6959279775619507
438,240,240,90.17560577392578,90.89653015136719,91.51507568359375,240,71.55377197265625,72.7403564453125,73.14110565185547,240,3.0375730991363525,3.8568387031555176,4.214216709136963,240,0.693871021270752,0.6977989673614502,0.6988540291786194
439,240,240,90.07575225830078,90.48298645019531,91.06476593017578,240,71.97909545898438,72.22245025634766,72.66380310058594,240,3.23331356048584,3.639648675918579,3.9810352325439453,240,0.6973540186882019,0.699615478515625,0.7021650075912476
440,240,240,89.89286804199219,90.27131652832031,90.58238220214844,240,72.06668853759766,72.372802734375,73.07454681396484,240,1.901971697807312,3.169485330581665,3.7129364013671875,240,0.6980730295181274,0.700202465057373,0.7023280262947083
441,240,240,90.42198181152344,90.94437408447266,91.43170166015625,240,72.65009307861328,73.26229858398438,73.49771881103516,240,2.243760824203491,3.444009304046631,4.257447719573975,240,0.693647027015686,0.695468544960022,0.6985669732093811
442,240,240,90.42626953125,90.56230163574219,90.8645248413086,240,73.19038391113281,73.52253723144531,74.07046508789062,240,2.4133806228637695,3.046517848968506,3.384023904800415,240,0.6941810250282288,0.6955314874649048,0.6962090134620667
443,240,240,90.40056610107422,90.92190551757812,91.56742095947266,240,73.77996063232422,74.62112426757812,75.68187713623047,240,2.3855648040771484,2.853893518447876,3.553138256072998,240,0.6887670159339905,0.6919280290603638,0.6946099996566772
444,240,240,90.28985595703125,90.52043914794922,90.9236068725586,240,73.97657775878906,74.60709381103516,76.04673767089844,240,3.097055673599243,4.3212127685546875,5.1987810134887695,240,0.6946060061454773,0.6974140405654907,0.7002639770507812
445,240,240,90.70182800292969,91.33431243896484,95.57405853271484,240,75.19129180908203,76.60848999023438,78.56486511230469,240,1.4871420860290527,2.94431734085083,3.6213114261627197,240,0.700340986251831,0.7098680138587952,0.7203519940376282
446,240,240,87.63941955566406,93.64344787597656,99.41687774658203,240,66.99825286865234,73.36824035644531,79.85181427001953,240,1.450638771057129,3.2259840965270996,4.785282135009766,240,0.7206140160560608,0.7570970058441162,0.7896639704704285
447,240,240,96.45708465576172,100.5553207397461,103.58264923095703,240,77.34232330322266,80.46211242675781,82.09571075439453,240,0.03426402062177658,1.8308796882629395,2.688680648803711,240,0.7647600173950195,0.7748575210571289,0.7800729870796204
448,240,240,99.2514877319336,100.07769775390625,102.61043548583984,240,81.18345642089844,94.36256408691406,94.81330871582031,240,2.3946547508239746,2.7908482551574707,3.062220573425293,240,0.7789620161056519,0.7918939590454102,0.8007829785346985
449,240,240,99.2637710571289,99.57977294921875,100.55457305908203,240,92.552978515625,93.07752990722656,94.40447235107422,240,0.49098625779151917,1.6466913223266602,2.3831844329833984,240,0.800881028175354,0.8041590452194214,0.8094289898872375
450,240,240,99.10867309570312,99.62742614746094,100.68341064453125,240,92.76615142822266,93.13838195800781,93.53691101074219,240,1.6442533731460571,2.7985196113586426,4.695359230041504,240,0.8092589974403381,0.8109380006790161,0.811834990978241
451,240,240,98.84029388427734,99.08065795898438,99.13585662841797,240,93.1412124633789,93.27627563476562,93.54443359375,240,2.8390390872955322,3.005793333053589,4.1364006996154785,240,0.8102779984474182,0.8107074499130249,0.81147301197052
452,240,240,98.17395782470703,98.37227630615234,98.88019561767578,240,92.14054107666016,92.72970581054688,93.28748321533203,240,2.0519495010375977,2.498966693878174,2.997349977493286,240,0.8106160163879395,0.8126989603042603,0.8152449727058411
453,240,240,97.89608764648438,98.27671813964844,98.35549926757812,240,90.69564056396484,91.67723083496094,92.16173553466797,240,1.5171059370040894,2.3274240493774414,2.869079828262329,240,0.81523597240448,0.8172979950904846,0.8231909871101379
454,240,240,97.8656234741211,98.06396484375,98.7944107055664,240,90.5184326171875,91.2376937866211,91.64698028564453,240,0.7548514604568481,1.465775728225708,2.9483585357666016,240,0.819989025592804,0.8237899541854858,0.8244590163230896
455,240,240,97.91865539550781,98.11841583251953,98.6263656616211,240,90.72230529785156,90.94638061523438,91.2984390258789,240,0.9687404036521912,1.863084077835083,2.4656922817230225,240,0.8177589774131775,0.8209764957427979,0.8217459917068481
456,240,240,97.89263153076172,97.93466186523438,98.07726287841797,240,90.861572265625,91.02227783203125,91.16584014892578,240,0.565445065498352,1.163315773010254,1.8243478536605835,240,0.8175370097160339,0.8186720013618469,0.8217740058898926
457,240,240,97.80681610107422,97.87533569335938,98.02960205078125,240,90.29332733154297,90.46150207519531,90.85855865478516,240,1.83749520778656,2.4763050079345703,2.6478192806243896,240,0.8217830061912537,0.8232154846191406,0.823481023311615
458,240,240,97.70834350585938,97.8566665649414,97.94247436523438,240,90.3424301147461,90.57234954833984,90.76082611083984,240,1.4334039688110352,1.551227331161499,2.0872225761413574,240,0.8227350115776062,0.8234964609146118,0.824288010597229
459,240,240,97.14192199707031,97.38739013671875,97.74347686767578,240,89.90038299560547,90.06718444824219,90.5125961303711,240,1.2730315923690796,1.5984396934509277,1.8636163473129272,240,0.8240950107574463,0.8258100152015686,0.8266389966011047
460,240,240,97.09939575195312,97.18158721923828,97.3509521484375,240,89.90160369873047,90.22113037109375,90.37393951416016,240,0.8508784174919128,1.6243140697479248,1.949432611465454,240,0.8250269889831543,0.8254884481430054,0.8266350030899048
461,240,240,96.85086822509766,97.097900390625,97.3465576171875,240,90.20891571044922,90.36909484863281,90.5040054321289,240,0.15701749920845032,0.8595728874206543,3.2989494800567627,240,0.8242639899253845,0.8255405426025391,0.8263869881629944
462,240,240,96.81865692138672,97.01487731933594,97.06694030761719,240,90.49192810058594,90.73445129394531,90.83128356933594,240,3.2692019939422607,3.656282424926758,4.564027786254883,240,0.8250380158424377,0.8257459998130798,0.8265500068664551
463,240,240,96.79203033447266,96.91422271728516,97.1033935546875,240,90.3513412475586,90.48233032226562,90.69021606445312,240,2.658737897872925,4.16303825378418,4.567417621612549,240,0.825294017791748,0.826367974281311,0.8268229961395264
464,240,240,97.00445556640625,97.1378402709961,97.17028045654297,240,90.6007308959961,90.72457122802734,90.77738189697266,240,2.0504229068756104,2.1961967945098877,2.6475234031677246,240,0.825124979019165,0.8253300189971924,0.8258270025253296
465,240,240,96.7571029663086,96.90008544921875,97.00393676757812,240,90.44058227539062,90.5433349609375,90.6005630493164,240,2.3352320194244385,2.592764377593994,2.853961706161499,240,0.8258069753646851,0.8260840177536011,0.8265150189399719
466,240,240,96.58736419677734,96.65913391113281,96.85924530029297,240,90.30931854248047,90.3524169921875,90.64263153076172,240,2.503896474838257,3.0530972480773926,3.150886058807373,240,0.8257359862327576,0.8269895315170288,0.8272629976272583
467,240,240,96.86245727539062,97.20530700683594,97.27067565917969,240,90.64682006835938,91.18632507324219,91.3261947631836,240,1.505452036857605,1.695120930671692,2.4939489364624023,240,0.8237400054931641,0.8240669965744019,0.8257259726524353
468,240,240,96.20048522949219,96.89845275878906,97.25192260742188,240,90.07510375976562,91.15785217285156,91.43694305419922,240,0.13988231122493744,1.869069218635559,2.4248697757720947,240,0.823747992515564,0.8254514932632446,0.8293089866638184
469,240,240,96.4652328491211,96.68433380126953,96.95780944824219,240,90.26371765136719,90.61741638183594,91.24779510498047,240,0.7249675393104553,1.8050434589385986,2.41483998298645,240,0.824176013469696,0.8260174989700317,0.8277519941329956
470,240,240,96.717529296875,96.89420318603516,98.79642486572266,240,90.96089935302734,91.13298034667969,91.34761810302734,240,0.414014607667923,0.6013337969779968,1.65007483959198,240,0.8218860030174255,0.8242264986038208,0.8250600099563599
471,240,240,97.30628967285156,98.6531982421875,100.16590881347656,240,90.48811340332031,91.00384521484375,91.25812530517578,240,0.8827090859413147,2.3184800148010254,3.1785993576049805,240,0.8180930018424988,0.8213754892349243,0.8225449919700623
472,240,240,94.55785369873047,96.11155700683594,97.79159545898438,240,89.85693359375,90.53724670410156,91.36434936523438,240,0.0656106099486351,1.57889986038208,4.079047203063965,240,0.812628984451294,0.8169729709625244,0.8216019868850708
473,240,240,96.63351440429688,97.49131774902344,98.17388153076172,240,90.96399688720703,91.58785247802734,91.8319091796875,240,0.7409852147102356,2.861802816390991,5.378478527069092,240,0.8141310214996338,0.818046510219574,0.8238880038261414
474,240,240,97.27291107177734,97.34168243408203,97.49444580078125,240,90.19842529296875,90.63050079345703,91.5299301147461,240,5.409069061279297,6.349635124206543,6.59757661819458,240,0.8233960270881653,0.8253920078277588,0.825967013835907
475,240,240,97.26397705078125,97.37797546386719,97.48210144042969,240,89.88519287109375,89.98748779296875,90.19630432128906,240,6.01180362701416,6.0599365234375,6.184087753295898,240,0.8255630135536194,0.8259730339050293,0.8262929916381836
476,240,240,97.2637710571289,97.38026428222656,97.42018127441406,240,89.73363494873047,90.01724243164062,90.06391143798828,240,5.441360950469971,5.703840255737305,6.008020401000977,240,0.8256750106811523,0.8258794546127319,0.8262060284614563
477,240,240,97.19227600097656,97.32931518554688,97.68464660644531,240,89.61270904541016,89.75596618652344,90.11908721923828,240,4.643001556396484,5.108274459838867,5.73189640045166,240,0.825872004032135,0.8268929719924927,0.8274829983711243
478,240,240,97.60782623291016,97.69317626953125,97.75630950927734,240,90.0214614868164,90.04768371582031,90.11784362792969,240,4.636119842529297,5.036041736602783,5.124837875366211,240,0.824766993522644,0.8257169723510742,0.8259320259094238
479,240,240,97.71568298339844,97.75331115722656,100.95375061035156,240,89.87532043457031,90.23587036132812,90.51139831542969,240,5.1222758293151855,5.8218584060668945,7.797797679901123,240,0.8228110074996948,0.8241289854049683,0.8280360102653503
480,240,240,98.53461456298828,98.9105224609375,99.3505630493164,240,85.18755340576172,90.62551879882812,91.28497314453125,240,4.214727878570557,5.827842712402344,8.131417274475098,240,0.8124470114707947,0.8191559910774231,0.8288019895553589
481,240,240,98.81766510009766,100.75694274902344,101.70365142822266,240,85.7505111694336,89.26093292236328,90.48529052734375,240,0.699695348739624,2.0279645919799805,4.146048545837402,240,0.8106849789619446,0.814070999622345,0.8177260160446167
482,240,240,99.88312530517578,100.15618896484375,100.55008697509766,240,88.71849060058594,89.47795104980469,89.96977233886719,240,0.8588897585868835,1.5505924224853516,2.121079444885254,240,0.8112450242042542,0.8151304721832275,0.8160589933395386
483,240,240,99.14222717285156,99.58777618408203,99.9194564819336,240,88.38404083251953,88.92686462402344,89.08678436279297,240,1.5785517692565918,2.0235681533813477,2.7693731784820557,240,0.8161119818687439,0.8179894685745239,0.8208039999008179
484,240,240,98.78209686279297,99.04769897460938,99.1410903930664,240,88.13436126708984,88.40217590332031,88.95000457763672,240,0.7388695478439331,2.7422752380371094,3.0919315814971924,240,0.820805013179779,0.8215975165367126,0.8233739733695984
485,240,240,98.63050842285156,98.99693298339844,99.30741882324219,240,88.44344329833984,89.08506774902344,89.60697174072266,240,0.7322188019752502,1.457435131072998,3.6120541095733643,240,0.8178730010986328,0.8192560076713562,0.8225820064544678
486,240,240,99.11042785644531,99.31267547607422,99.56360626220703,240,88.48628234863281,88.72750854492188,89.08332061767578,240,1.2620705366134644,2.2953312397003174,2.4384727478027344,240,0.8169370293617249,0.8192819952964783,0.8198909759521484
487,240,240,99.14847564697266,99.4009780883789,99.5505599975586,240,88.53852844238281,88.80892944335938,89.0955810546875,240,2.2078847885131836,2.4502811431884766,3.287416458129883,240,0.8163830041885376,0.8176774978637695,0.8191159963607788
488,240,240,98.42252349853516,98.75396728515625,99.18690490722656,240,88.60404205322266,88.68037414550781,89.18167877197266,240,2.9934940338134766,3.4723739624023438,3.985557794570923,240,0.81734699010849,0.818404495716095,0.8190129995346069
489,240,240,98.25054168701172,98.77885437011719,100.72737121582031,240,88.49724578857422,88.75114440917969,89.33161926269531,240,2.787971258163452,2.9935269355773926,3.183276414871216,240,0.816100001335144,0.8199800252914429,0.8223940134048462
490,240,240,99.21439361572266,99.86800384521484,100.80204010009766,240,88.00541687011719,88.17334747314453,88.49151611328125,240,2.727710485458374,3.5091958045959473,3.723573923110962,240,0.8224189877510071,0.8238320350646973,0.8261470198631287
491,240,240,98.83434295654297,99.20726013183594,99.4180908203125,240,87.39261627197266,87.5400390625,88.01976013183594,240,1.9940977096557617,2.5929150581359863,3.3918251991271973,240,0.8257610201835632,0.8260669708251953,0.8269850015640259
492,240,240,98.58988189697266,98.81172180175781,99.08878326416016,240,87.38008880615234,87.66842651367188,88.03669738769531,240,2.7781944274902344,3.043426990509033,3.7158358097076416,240,0.8255919814109802,0.8265784978866577,0.827455997467041
493,240,240,98.8006362915039,99.0345687866211,99.2675552368164,240,87.59117889404297,87.81402587890625,88.28804779052734,240,2.9780209064483643,3.6005160808563232,3.9975779056549072,240,0.8240799903869629,0.8254989981651306,0.8269760012626648
494,240,240,99.23999786376953,99.36483001708984,99.69656372070312,240,87.82039642333984,88.53717041015625,88.72529602050781,240,0.43521249294281006,2.7373783588409424,3.2793664932250977,240,0.8211780190467834,0.8233115077018738,0.8242909908294678
495,240,240,98.67997741699219,99.29234313964844,99.47898864746094,240,87.2800521850586,87.42564392089844,87.80496215820312,240,0.08846931904554367,1.5016981363296509,4.685084819793701,240,0.8243449926376343,0.8258180022239685,0.8281930088996887
496,240,240,98.270263671875,99.08610534667969,99.24015045166016,240,87.33319854736328,87.83143615722656,88.12648010253906,240,4.694357872009277,5.040727615356445,5.230719566345215,240,0.8245159983634949,0.8257529735565186,0.8274520039558411
497,240,240,99.06330871582031,99.16560363769531,99.26182556152344,240,88.09577178955078,88.17573547363281,88.2196044921875,240,4.808193683624268,4.9099345207214355,5.096506595611572,240,0.8246930241584778,0.8249444961547852,0.8253870010375977
498,240,240,98.8064956665039,98.92871856689453,99.06088256835938,240,87.93085479736328,88.03228759765625,88.09539031982422,240,5.09900426864624,5.309708595275879,5.479581832885742,240,0.8253939747810364,0.8259854912757874,0.8267830014228821
499,240,240,98.7866439819336,98.88436889648438,99.44940948486328,240,87.91825103759766,88.05978393554688,88.80026245117188,240,2.8814709186553955,5.074853897094727,5.4991455078125,240,0.8242639899253845,0.8265484571456909,0.8268659710884094
500,240,240,99.01040649414062,99.73210906982422,99.80152893066406,240,86.45184326171875,87.7624740600586,88.85771942138672,240,0.04845663905143738,4.0622382164001465,7.380492210388184,240,0.8219059705734253,0.8225589990615845,0.8265089988708496
501,240,240,98.32984161376953,98.76971435546875,98.99658203125,240,85.91747283935547,86.64026641845703,87.13928985595703,240,3.1369376182556152,5.146218299865723,7.040994644165039,240,0.8254669904708862,0.8268834948539734,0.8305569887161255
502,240,240,98.55987548828125,98.7113265991211,98.83457946777344,240,87.00138854980469,87.173095703125,87.58419799804688,240,1.3733035326004028,2.206150531768799,3.1243059635162354,240,0.8261489868164062,0.8266800045967102,0.826928973197937
503,240,240,98.43060302734375,98.5582504272461,98.64590454101562,240,87.48856353759766,87.63427734375,87.72438049316406,240,0.7173702716827393,1.0175058841705322,1.3690218925476074,240,0.8263130187988281,0.826554536819458,0.8267589807510376
504,240,240,98.04247283935547,98.25099182128906,98.42964172363281,240,87.34009552001953,87.44926452636719,87.49738311767578,240,0.34661510586738586,0.45756787061691284,0.7168245315551758,240,0.8266720175743103,0.8271895051002502,0.8281700015068054
505,240,240,97.98683166503906,98.13076782226562,98.3921890258789,240,87.2603759765625,87.4272689819336,87.72334289550781,240,0.2373882234096527,0.4029833674430847,0.6605679988861084,240,0.826774001121521,0.8276634812355042,0.8284140229225159
506,240,240,98.34141540527344,98.444091796875,98.51937103271484,240,87.72525024414062,87.91354370117188,87.94536590576172,240,0.07132624834775925,0.41306719183921814,0.5560231804847717,240,0.8263700008392334,0.8266575336456299,0.8269000053405762
507,240,240,98.01472473144531,98.31363677978516,98.34007263183594,240,87.5650634765625,87.8531494140625,87.90445709228516,240,0.05233915150165558,0.22468431293964386,0.7671932578086853,240,0.8269100189208984,0.8271055221557617,0.8295580148696899
508,240,240,98.01542663574219,98.12678527832031,98.29623413085938,240,87.56629180908203,87.88729858398438,88.13506317138672,240,0.34717920422554016,1.1935964822769165,1.6306287050247192,240,0.8266119956970215,0.8272204995155334,0.8294299840927124
509,240,240,98.22911834716797,98.3302230834961,98.38093566894531,240,88.00092315673828,88.05970764160156,88.12387084960938,240,1.0338187217712402,1.2233309745788574,1.4001158475875854,240,0.8263810276985168,0.8267015218734741,0.8271639943122864
510,240,240,98.03375244140625,98.16555786132812,98.22801208496094,240,87.80757141113281,87.95489501953125,88.03404235839844,240,1.3998363018035889,1.5493966341018677,1.7451794147491455,240,0.8270900249481201,0.8275024890899658,0.8278890252113342
511,240,240,97.97250366210938,98.03446960449219,98.24908447265625,240,87.75426483154297,87.81280517578125,87.99921417236328,240,1.165164589881897,1.7516711950302124,1.8471616506576538,240,0.826994001865387,0.8278155326843262,0.8282110095024109
512,240,240,98.24207305908203,98.33659362792969,98.3604507446289,240,88.00025177001953,88.09056091308594,88.12104034423828,240,0.8724522590637207,0.9489441514015198,1.1602839231491089,240,0.8266500234603882,0.8267284631729126,0.8270009756088257
513,240,240,97.99978637695312,98.06925964355469,98.24089050292969,240,87.77185821533203,87.92133331298828,88.0697250366211,240,1.039858102798462,1.2114384174346924,1.331191897392273,240,0.8269420266151428,0.8278260231018066,0.8283640146255493
514,240,240,97.95714569091797,98.01453399658203,98.23545837402344,240,87.6557846069336,87.7579345703125,87.92696380615234,240,0.9683363437652588,1.3325141668319702,1.4158215522766113,240,0.8270450234413147,0.8277820348739624,0.8280519843101501
515,240,240,98.1929931640625,98.26504516601562,98.3077163696289,240,87.88673400878906,87.93875122070312,87.980712890625,240,0.7878302335739136,0.8660362958908081,0.997403621673584,240,0.8267790079116821,0.826928973197937,0.8270930051803589
516,240,240,98.02558898925781,98.13433837890625,98.19309997558594,240,87.87252807617188,87.8970718383789,87.91365814208984,240,0.9968148469924927,1.138749599456787,1.344502329826355,240,0.8270599842071533,0.8272124528884888,0.8275020122528076
517,240,240,97.97767639160156,98.02168273925781,98.298583984375,240,87.88518524169922,88.03678894042969,88.39237976074219,240,0.8791550397872925,1.3910714387893677,1.4874053001403809,240,0.8266590237617493,0.8273620009422302,0.8275650143623352
518,240,240,97.94538879394531,98.37339782714844,98.5025863647461,240,88.02622985839844,88.20796966552734,88.68839263916016,240,0.3549819588661194,3.64888858795166,4.396899700164795,240,0.826117992401123,0.8270225524902344,0.8280479907989502
519,240,240,97.59349060058594,97.98584747314453,98.41365051269531,240,88.25228881835938,88.93812561035156,89.77313995361328,240,1.6518529653549194,1.8879199028015137,3.4232540130615234,240,0.8243119716644287,0.827422022819519,0.8282219767570496
520,240,240,97.47003936767578,98.4833984375,98.62557983398438,240,89.1966323852539,89.74513244628906,89.92544555664062,240,1.5250825881958008,1.8068835735321045,2.421396255493164,240,0.82225102186203,0.8234649896621704,0.8247920274734497
521,240,240,96.7414321899414,97.35275268554688,98.04279327392578,240,88.42931365966797,88.76481628417969,89.31784057617188,240,0.16192547976970673,0.9828040599822998,1.9166295528411865,240,0.8243730068206787,0.8263959884643555,0.8282430171966553
522,240,240,97.9760971069336,98.18953704833984,98.32810974121094,240,88.9072036743164,89.49288940429688,89.71253204345703,240,0.4829498827457428,1.1641545295715332,1.7215831279754639,240,0.8231390118598938,0.8240410089492798,0.8251579999923706
523,240,240,97.9095687866211,98.10867309570312,98.30706787109375,240,88.2341079711914,88.604736328125,89.49198913574219,240,0.41021624207496643,1.2020325660705566,1.7913308143615723,240,0.8243749737739563,0.8249335289001465,0.8258839845657349
524,240,240,97.87428283691406,97.99452209472656,98.37662506103516,240,87.82456970214844,87.95501708984375,88.61556243896484,240,1.271647572517395,1.9585967063903809,2.7177176475524902,240,0.8234050273895264,0.8247154951095581,0.8255940079689026
525,240,240,97.87588500976562,97.9119873046875,98.0479507446289,240,87.84080505371094,87.90855407714844,87.94293975830078,240,1.1136419773101807,1.305962324142456,1.4931831359863281,240,0.8255720138549805,0.8257155418395996,0.8259699940681458
526,240,240,97.73320007324219,97.8134536743164,97.9784927368164,240,87.76480865478516,87.81707000732422,87.9465560913086,240,0.9665158987045288,1.1499502658843994,1.4236780405044556,240,0.8250799775123596,0.8262959718704224,0.8268669843673706
527,240,240,97.78549194335938,97.86799621582031,97.98762512207031,240,87.73246002197266,87.89537811279297,87.9576644897461,240,0.5918219685554504,0.8515620231628418,1.1502904891967773,240,0.8251349925994873,0.8255419731140137,0.8262869715690613
528,240,240,97.99051666259766,98.19161224365234,98.23548126220703,240,87.78596496582031,87.85063934326172,87.94164276123047,240,0.6949249505996704,1.1333229541778564,1.312091588973999,240,0.8260959982872009,0.8263404965400696,0.8265339732170105
529,240,240,98.00888061523438,98.09395599365234,98.16321563720703,240,87.8077163696289,87.85549926757812,87.92183685302734,240,0.9343988299369812,0.9539834260940552,0.9922894835472107,240,0.825963020324707,0.8261399865150452,0.8263000249862671
530,240,240,97.98674011230469,98.00578308105469,98.02568054199219,240,87.80868530273438,87.83250427246094,87.88585662841797,240,0.846266508102417,0.9004859924316406,0.9501811861991882,240,0.8256099820137024,0.8259044885635376,0.8262799978256226
531,240,240,98.01619720458984,98.1358642578125,98.19222259521484,240,87.81529998779297,87.94373321533203,87.98448944091797,240,0.8802672028541565,1.1935369968414307,1.4486138820648193,240,0.8250150084495544,0.8255610466003418,0.8261690139770508
532,240,240,98.0146713256836,98.18856048583984,98.2150650024414,240,87.6923828125,87.99717712402344,88.02852630615234,240,1.1844862699508667,1.3886075019836426,1.4617924690246582,240,0.8240540027618408,0.8246480226516724,0.8253120183944702
533,240,240,97.99039459228516,98.08644104003906,98.22273254394531,240,87.25293731689453,87.41411590576172,87.68533325195312,240,1.4463154077529907,2.402529001235962,2.553283214569092,240,0.8253350257873535,0.8273169994354248,0.8277649879455566
534,240,240,98.10893249511719,98.17379760742188,98.32500457763672,240,87.48250579833984,87.62750244140625,87.73524475097656,240,1.999977946281433,2.1255037784576416,2.3741331100463867,240,0.8257179856300354,0.8267830014228821,0.8270090222358704
535,240,240,97.87098693847656,98.11735534667969,98.33457946777344,240,87.42346954345703,87.62089538574219,87.73973083496094,240,1.3379367589950562,1.9934089183807373,2.22694993019104,240,0.8256570100784302,0.8262674808502197,0.8269540071487427
536,240,240,97.98406219482422,98.07992553710938,98.11009979248047,240,87.48049926757812,87.52327728271484,87.73389434814453,240,1.4152684211730957,1.842971920967102,1.9083406925201416,240,0.8254770040512085,0.8255735039710999,0.8261539936065674
537,240,240,97.82425689697266,98.04185485839844,98.08592224121094,240,87.48738098144531,87.79483032226562,87.87631225585938,240,1.8806560039520264,1.9817914962768555,2.122647762298584,240,0.8256189823150635,0.82692551612854,0.8283830285072327
538,240,240,97.55780029296875,97.75341796875,98.5279769897461,240,87.36397552490234,87.47947692871094,88.70639038085938,240,0.8067284226417542,1.3714475631713867,2.06847882270813,240,0.8220459818840027,0.8284335136413574,0.8290789723396301
539,240,240,98.06795501708984,98.25100708007812,98.36478424072266,240,87.81491088867188,88.04203796386719,88.27690124511719,240,1.0112371444702148,1.7472507953643799,2.1878485679626465,240,0.8243290185928345,0.8253159523010254,0.8265830278396606
540,240,240,97.75161743164062,98.36991119384766,98.448974609375,240,87.61026000976562,88.27186584472656,88.3455581665039,240,2.1914241313934326,2.3451004028320312,2.8394525051116943,240,0.8244339823722839,0.8247029781341553,0.8282219767570496
541,240,240,97.72112274169922,97.81259155273438,97.86610412597656,240,87.50993347167969,87.60931396484375,87.65489196777344,240,1.9580471515655518,2.366701126098633,2.5794436931610107,240,0.8281570076942444,0.8288664817810059,0.829384982585907
542,240,240,97.84102630615234,97.99359130859375,98.12983703613281,240,87.64952850341797,87.75102233886719,87.97553253173828,240,1.7210144996643066,1.8561453819274902,2.3036725521087646,240,0.8266329765319824,0.827010989189148,0.8281490206718445
543,240,240,98.13101959228516,98.16714477539062,98.1968765258789,240,87.8995132446289,87.937744140625,87.98297882080078,240,1.7758597135543823,1.927321195602417,1.9636366367340088,240,0.8265010118484497,0.8265944719314575,0.8268200159072876
544,240,240,97.97891235351562,98.08103942871094,98.1314926147461,240,87.73560333251953,87.8528823852539,87.92183685302734,240,1.7690141201019287,1.8422815799713135,1.9032062292099,240,0.8266720175743103,0.826993465423584,0.8275099992752075
545,240,240,97.96892547607422,97.97634887695312,98.06373596191406,240,87.71314239501953,87.75401306152344,87.88423156738281,240,1.653037190437317,1.7232303619384766,1.8075356483459473,240,0.8271570205688477,0.8274489641189575,0.8275889754295349
546,240,240,98.05223083496094,98.10470581054688,98.13626861572266,240,87.8369369506836,87.892578125,87.96598815917969,240,1.6444913148880005,1.6764891147613525,1.70444655418396,240,0.8268799781799316,0.8270934820175171,0.8271740078926086
547,240,240,97.88215637207031,97.97403717041016,98.0584716796875,240,87.6916275024414,87.75836181640625,87.86094665527344,240,1.4083378314971924,1.4666707515716553,1.6911911964416504,240,0.8271329998970032,0.8274949789047241,0.8278409838676453
548,240,240,97.85599517822266,97.88031005859375,98.00956726074219,240,87.5630874633789,87.6242446899414,87.84571075439453,240,1.4220277070999146,1.5029144287109375,1.7125792503356934,240,0.8271049857139587,0.8279039859771729,0.8279460072517395
549,240,240,97.94221496582031,98.03712463378906,98.1103515625,240,87.75973510742188,87.8951416015625,88.0291976928711,240,1.5496498346328735,2.0991435050964355,2.269002676010132,240,0.8263350129127502,0.8269064426422119,0.8274449706077576
550,240,240,97.89482116699219,97.93368530273438,97.95568084716797,240,87.68494415283203,87.75409698486328,87.80994415283203,240,1.8247767686843872,1.946166753768921,2.1088645458221436,240,0.8274310231208801,0.8275530338287354,0.8277580142021179
551,240,240,97.8296890258789,97.88339233398438,98.03443908691406,240,87.61113739013672,87.67303466796875,87.83287048339844,240,1.5765670537948608,1.7428779602050781,1.8857479095458984,240,0.8267949819564819,0.827719509601593,0.8278949856758118
552,240,240,98.02144622802734,98.043701171875,98.09457397460938,240,87.71265411376953,87.75997924804688,87.83209228515625,240,1.8945485353469849,2.216510772705078,2.294990062713623,240,0.8267930150032043,0.8273530006408691,0.827629029750824
553,240,240,97.97046661376953,97.99514770507812,98.06101989746094,240,87.67221069335938,87.70771789550781,87.7791748046875,240,1.8154222965240479,1.927879810333252,2.0918118953704834,240,0.8273640275001526,0.8275600075721741,0.8278200030326843
554,240,240,97.94218444824219,98.03245544433594,98.09143829345703,240,87.70218658447266,87.74576568603516,87.79669189453125,240,1.7711149454116821,1.8712141513824463,1.9426947832107544,240,0.8273370265960693,0.8274940252304077,0.827892005443573
555,240,240,97.99726867675781,98.04466247558594,98.09715270996094,240,87.6301498413086,87.74488830566406,87.7783203125,240,1.6206369400024414,1.6833040714263916,1.7705622911453247,240,0.8274930119514465,0.8275989890098572,0.8279070258140564
556,240,240,97.93268585205078,97.96793365478516,97.99725341796875,240,87.58193969726562,87.6028060913086,87.63480377197266,240,1.6850470304489136,1.7059385776519775,1.7255569696426392,240,0.8278669714927673,0.8281054496765137,0.8282520174980164
557,240,240,97.96129608154297,98.07935333251953,98.1828842163086,240,87.59319305419922,87.74214172363281,87.93519592285156,240,1.6989264488220215,1.756803035736084,1.812077522277832,240,0.8269320130348206,0.8277339935302734,0.8281660079956055
558,240,240,98.10984802246094,98.13642883300781,98.18160247802734,240,87.73477935791016,87.8030776977539,87.92233276367188,240,1.6911911964416504,1.8889105319976807,1.9427952766418457,240,0.8269420266151428,0.8275045156478882,0.827688992023468
559,240,240,97.95751953125,98.04737854003906,98.10884857177734,240,87.38272857666016,87.66139221191406,87.73267364501953,240,1.8678120374679565,2.1445703506469727,2.8053994178771973,240,0.827364981174469,0.8279374837875366,0.828685998916626
560,240,240,98.00647735595703,98.10082244873047,98.21051788330078,240,87.3739013671875,87.5547866821289,87.73591613769531,240,2.519171714782715,2.711082935333252,2.8353822231292725,240,0.8280619978904724,0.828371524810791,0.8287209868431091
561,240,240,98.19779968261719,98.21124267578125,98.2278060913086,240,87.65191650390625,87.67664337158203,87.74507141113281,240,2.4251925945281982,2.476266860961914,2.548832893371582,240,0.8278380036354065,0.828060507774353,0.8282290101051331
562,240,240,98.0591049194336,98.114013671875,98.20819854736328,240,87.44966888427734,87.48538208007812,87.66505432128906,240,2.4334909915924072,2.496890068054199,2.6351478099823,240,0.828004002571106,0.8283089995384216,0.8286370038986206
563,240,240,98.0521469116211,98.10977172851562,98.16480255126953,240,87.45001220703125,87.60089874267578,87.73523712158203,240,2.009155035018921,2.2796707153320312,2.636558771133423,240,0.8275030255317688,0.8280584812164307,0.8287169933319092
564,240,240,98.1298599243164,98.20024871826172,98.21733093261719,240,87.62226867675781,87.65934753417969,87.76152801513672,240,2.042005777359009,3.0611941814422607,3.742614269256592,240,0.8275709748268127,0.8277270197868347,0.8278390169143677
565,240,240,97.97212219238281,98.1265640258789,98.21691131591797,240,87.34838104248047,87.51756286621094,87.66699981689453,240,3.7429802417755127,4.074868202209473,4.247684001922607,240,0.8277270197868347,0.8281810283660889,0.8288549780845642
566,240,240,97.82816314697266,97.98442840576172,98.18367767333984,240,87.34391784667969,87.67308044433594,87.88220977783203,240,2.4371883869171143,4.288362503051758,4.939591407775879,240,0.8271610140800476,0.8285315036773682,0.8293099999427795
567,240,240,98.09188842773438,98.13761138916016,98.20574951171875,240,87.71410369873047,87.80171203613281,87.87822723388672,240,2.1512227058410645,2.674844264984131,3.34175705909729,240,0.8276140093803406,0.8278775215148926,0.8283020257949829
568,240,240,97.98502349853516,98.04026794433594,98.11033630371094,240,87.5362548828125,87.65093994140625,87.71385192871094,240,3.3423428535461426,3.546133041381836,3.8744919300079346,240,0.8282359838485718,0.8283929824829102,0.8287050127983093
569,240,240,97.93278503417969,97.96977233886719,98.0658950805664,240,87.48773956298828,87.53129577636719,87.74928283691406,240,3.7514452934265137,3.9449880123138428,4.079575538635254,240,0.8283200263977051,0.8287254571914673,0.8289390206336975
570,240,240,98.0677719116211,98.1938705444336,98.23165130615234,240,87.75215911865234,87.92594146728516,87.99778747558594,240,3.3955178260803223,3.512263536453247,3.747476577758789,240,0.8276320099830627,0.827865481376648,0.8283129930496216
571,240,240,97.86904907226562,98.01898193359375,98.17620849609375,240,87.62090301513672,87.81647491455078,87.96312713623047,240,3.5254783630371094,3.755357503890991,3.9062533378601074,240,0.8279380202293396,0.8285374641418457,0.8292909860610962
572,240,240,97.76183319091797,97.80278778076172,97.8666000366211,240,87.27351379394531,87.44345092773438,87.61893463134766,240,3.5320253372192383,3.8090453147888184,3.9319355487823486,240,0.8292970061302185,0.8295614719390869,0.8298479914665222
573,240,240,97.78976440429688,98.18797302246094,98.2991714477539,240,87.27621459960938,88.07188415527344,88.30029296875,240,2.4687860012054443,3.411078453063965,4.261815547943115,240,0.8270339965820312,0.8277549743652344,0.8298559784889221
574,240,240,98.14476776123047,98.31918334960938,98.37263488769531,240,88.0167007446289,88.09474182128906,88.1860580444336,240,2.451361894607544,2.6554226875305176,2.686131000518799,240,0.8255149722099304,0.8263579607009888,0.8275560140609741
575,240,240,97.95822143554688,98.26229095458984,99.0958480834961,240,87.74305725097656,88.26976013183594,88.75753021240234,240,2.165097951889038,2.3041396141052246,2.6351478099823,240,0.8215489983558655,0.8253765106201172,0.827895998954773
576,240,240,96.26935577392578,96.88691711425781,98.81049346923828,240,85.72447967529297,87.19156646728516,88.89179992675781,240,2.149857521057129,3.6862196922302246,4.625375270843506,240,0.8223770260810852,0.8334314823150635,0.8386629819869995
577,240,240,97.34992980957031,98.5430908203125,103.96659851074219,240,88.4180679321289,89.66899871826172,90.76374816894531,240,0.4647810161113739,1.061234951019287,3.124807119369507,240,0.8170139789581299,0.8209660053253174,0.8278099894523621
578,240,240,98.10780334472656,101.45209503173828,102.26984405517578,240,86.57034301757812,89.79927062988281,90.66938781738281,240,0.3916711211204529,0.6677813529968262,2.040759563446045,240,0.8074949979782104,0.8155400156974792,0.8176630139350891
579,240,240,98.05421447753906,100.98877716064453,101.52423858642578,240,86.57540130615234,92.45403289794922,92.95638275146484,240,2.0628886222839355,2.466684341430664,5.18753719329834,240,0.8039309978485107,0.8082774877548218,0.8116570115089417
580,240,240,100.2408676147461,100.38230895996094,101.416259765625,240,92.49127960205078,94.67530822753906,95.13863372802734,240,0.6798375844955444,1.9972195625305176,5.9188079833984375,240,0.8049070239067078,0.8059599995613098,0.8092430233955383
581,240,240,100.5701904296875,100.89086151123047,101.10444641113281,240,94.5919418334961,94.69281768798828,94.7571792602539,240,5.956509113311768,6.986863613128662,7.2475714683532715,240,0.8037289977073669,0.8045560121536255,0.8059070110321045
582,240,240,100.68201446533203,100.77596282958984,101.12643432617188,240,93.82437133789062,93.94902038574219,94.66001892089844,240,6.7686567306518555,7.813702583312988,8.303356170654297,240,0.8036209940910339,0.8063470125198364,0.8071200251579285
583,240,240,100.68614959716797,100.96720886230469,101.20379638671875,240,93.865966796875,94.15483093261719,94.42791748046875,240,8.23384952545166,8.592033386230469,8.77308177947998,240,0.8039399981498718,0.8053449988365173,0.8071039915084839
584,240,240,100.55972290039062,101.03489685058594,101.1905288696289,240,94.22630310058594,94.35624694824219,94.6631088256836,240,1.3631486892700195,8.506060600280762,8.944787979125977,240,0.8043599724769592,0.8053075075149536,0.8074460029602051
585,240,240,100.55958557128906,100.90670776367188,101.12831115722656,240,94.42704772949219,95.1251220703125,95.22083282470703,240,0.11364090442657471,1.3218233585357666,2.0136311054229736,240,0.800741970539093,0.801593005657196,0.8058980107307434
586,240,240,100.90031433105469,101.02082824707031,101.33292388916016,240,94.68462371826172,94.82079315185547,95.33655548095703,240,0.7088640332221985,4.51301908493042,7.814342975616455,240,0.8024330139160156,0.8051639795303345,0.8063089847564697
587,240,240,100.15129852294922,100.8533935546875,102.45509338378906,240,93.77289581298828,94.32139587402344,94.68327331542969,240,0.55813068151474,2.5329902172088623,7.836816787719727,240,0.8062919974327087,0.8083590269088745,0.8120710253715515
588,240,240,101.22193908691406,101.37540435791016,102.46176147460938,240,94.58061981201172,94.87507629394531,95.16958618164062,240,2.0152828693389893,4.42891788482666,5.253370761871338,240,0.8066809773445129,0.8073329925537109,0.808771014213562
589,240,240,101.02446746826172,101.3045654296875,101.48538208007812,240,93.97569274902344,94.8575439453125,95.05623626708984,240,1.484771728515625,1.938610315322876,2.76265025138855,240,0.8068479895591736,0.8081175088882446,0.8105409741401672
590,240,240,101.05671691894531,101.32447052001953,101.41159057617188,240,94.07701110839844,94.70491790771484,94.78865051269531,240,2.7091331481933594,3.4294252395629883,3.8159282207489014,240,0.8077849745750427,0.8082219958305359,0.8103349804878235
591,240,240,101.1303482055664,101.16044616699219,101.31344604492188,240,94.51776123046875,94.6295166015625,94.856689453125,240,3.8070921897888184,4.592306613922119,5.044457912445068,240,0.8079190254211426,0.808991551399231,0.8091679811477661
592,240,240,101.28146362304688,101.35379028320312,101.39473724365234,240,94.85880279541016,94.99443054199219,95.15790557861328,240,0.7475578784942627,3.4244518280029297,4.239007472991943,240,0.8074430227279663,0.8076099753379822,0.8079869747161865
593,240,240,100.8869400024414,101.22623443603516,101.49083709716797,240,94.35700988769531,94.74308776855469,95.23353576660156,240,0.10087054967880249,0.9044971466064453,4.425051689147949,240,0.8063859939575195,0.8081049919128418,0.8101320266723633
594,240,240,101.02839660644531,101.1192398071289,101.49888610839844,240,94.6396484375,94.77276611328125,95.257568359375,240,4.44382381439209,5.828925132751465,6.007890224456787,240,0.8064119815826416,0.8087400197982788,0.8093000054359436
595,240,240,100.71173858642578,100.98875427246094,101.09617614746094,240,94.2385025024414,94.60301208496094,94.7260513305664,240,5.729707717895508,6.0735883712768555,6.391938209533691,240,0.8084620237350464,0.8092160224914551,0.810994029045105
596,240,240,100.83015441894531,100.94602966308594,101.26341247558594,240,94.32382202148438,94.37628173828125,94.7450180053711,240,4.9048051834106445,6.321596622467041,6.478533744812012,240,0.8081099987030029,0.8099725246429443,0.8102409839630127
597,240,240,101.15135955810547,101.28144836425781,101.43244934082031,240,94.75235748291016,95.08157348632812,95.1529769897461,240,0.7765730023384094,1.669335126876831,4.870333671569824,240,0.806659996509552,0.8072130084037781,0.8080649971961975
598,240,240,101.1519546508789,101.27923583984375,101.34286499023438,240,94.50032043457031,94.91603088378906,95.19331359863281,240,0.8249568343162537,1.939596176147461,4.014345169067383,240,0.8073040246963501,0.8077540397644043,0.8096410036087036
599,240,240,100.9127426147461,100.98147583007812,101.1557388305664,240,94.2596206665039,94.32951354980469,94.4946517944336,240,4.0294880867004395,4.776165008544922,5.006446361541748,240,0.8096709847450256,0.810604989528656,0.8109760284423828
600,240,240,100.81722259521484,101.08944702148438,101.16181182861328,240,94.42972564697266,94.59309387207031,94.66160583496094,240,3.0075862407684326,4.714947700500488,4.997907638549805,240,0.809777021408081,0.8101670145988464,0.8115779757499695
601,240,240,100.5210189819336,100.57151794433594,100.81378173828125,240,94.34343719482422,94.46556854248047,94.8895492553711,240,1.0447393655776978,1.4125690460205078,2.964646577835083,240,0.8096020221710205,0.8110464811325073,0.81181401014328
602,240,240,100.5292739868164,100.62030029296875,100.88766479492188,240,94.47732543945312,94.69778442382812,95.01277923583984,240,0.07401873916387558,0.9097687005996704,2.014214038848877,240,0.8094239830970764,0.8104864954948425,0.811424970626831
603,240,240,100.7010726928711,100.76170349121094,100.92640686035156,240,94.41410064697266,94.47186279296875,94.8373031616211,240,0.16192547976970673,2.7787861824035645,3.122488498687744,240,0.8101890087127686,0.8113299608230591,0.8115760087966919
604,240,240,100.6622085571289,100.71227264404297,100.80949401855469,240,94.26642608642578,94.35408020019531,94.41336822509766,240,3.087686538696289,3.443554401397705,3.9333302974700928,240,0.8112679719924927,0.8117009997367859,0.8120160102844238
605,240,240,100.61138916015625,100.67723083496094,101.15520477294922,240,94.1172866821289,94.18099975585938,94.66295623779297,240,3.044010877609253,4.244524002075195,4.394404888153076,240,0.8099539875984192,0.8121305108070374,0.8124809861183167
606,240,240,100.60330200195312,100.74221801757812,101.22235107421875,240,94.66883087158203,94.80447387695312,95.14522552490234,240,0.13988231122493744,5.528637886047363,7.091602802276611,240,0.808646023273468,0.8105685114860535,0.8112890124320984
607,240,240,100.49988555908203,100.67991638183594,100.72489166259766,240,94.52163696289062,95.13656616210938,95.34810638427734,240,3.8908329010009766,5.14663553237915,7.10183048248291,240,0.8086349964141846,0.809111475944519,0.8109239935874939
608,240,240,100.57147979736328,100.64028930664062,100.72784423828125,240,93.7873764038086,93.88713836669922,94.51627349853516,240,2.063457727432251,3.8566296100616455,4.9158172607421875,240,0.8109070062637329,0.8132674694061279,0.8142610192298889
609,240,240,100.57100677490234,100.64088439941406,100.96027374267578,240,93.85597229003906,93.96089172363281,94.43476867675781,240,3.57598876953125,4.827202796936035,4.939670562744141,240,0.8118370175361633,0.8136919736862183,0.8141530156135559
610,240,240,100.96491241455078,101.04533386230469,101.09221649169922,240,94.44083404541016,94.68894958496094,94.71404266357422,240,2.3438491821289062,2.6752872467041016,3.56337308883667,240,0.8111280202865601,0.8113399744033813,0.81181800365448
611,240,240,100.58670806884766,100.8747329711914,101.00269317626953,240,94.18122863769531,94.49467468261719,94.65223693847656,240,1.9890860319137573,2.395798921585083,2.4854583740234375,240,0.8115670084953308,0.8123354911804199,0.8136730194091797
612,240,240,100.16708374023438,100.2552261352539,100.58202362060547,240,93.7660140991211,94.07600402832031,94.27552795410156,240,1.1324602365493774,1.3722343444824219,1.9818904399871826,240,0.8135190010070801,0.8147859573364258,0.8157650232315063
613,240,240,100.16777801513672,100.52510070800781,100.72828674316406,240,93.82524871826172,94.68434143066406,94.79566192626953,240,1.5880688428878784,2.3964414596557617,3.5835909843444824,240,0.811955988407135,0.8126915097236633,0.8157219886779785
614,240,240,100.47372436523438,100.65750122070312,100.78414916992188,240,94.41226959228516,94.47975158691406,94.67123413085938,240,3.1513829231262207,3.3214540481567383,3.7210488319396973,240,0.8126459717750549,0.8131794929504395,0.8137040138244629
615,240,240,100.62833404541016,100.72077941894531,100.73490142822266,240,94.3529052734375,94.42401885986328,94.44125366210938,240,3.105262279510498,3.2880711555480957,3.354154348373413,240,0.8128849864006042,0.8130540251731873,0.8133770227432251
616,240,240,100.3966293334961,100.48511505126953,100.62738037109375,240,94.07441711425781,94.2051010131836,94.35138702392578,240,2.93471622467041,2.979598045349121,3.1016035079956055,240,0.8133839964866638,0.8141195178031921,0.8147140145301819
617,240,240,100.40916442871094,100.64321899414062,100.85808563232422,240,94.07818603515625,94.399658203125,94.72228240966797,240,2.548218250274658,2.671846866607666,2.932513952255249,240,0.811739981174469,0.8134984970092773,0.8146489858627319
618,240,240,100.52813720703125,100.72090148925781,100.91092681884766,240,94.22969818115234,94.38896179199219,94.6988525390625,240,2.6548328399658203,2.7951231002807617,2.8801798820495605,240,0.8114089965820312,0.8128435015678406,0.81392502784729
619,240,240,100.41493225097656,100.48469543457031,100.52815246582031,240,94.05360412597656,94.15597534179688,94.22872924804688,240,2.532809257507324,2.86907958984375,2.9671547412872314,240,0.8139259815216064,0.8141579627990723,0.8146100044250488
620,240,240,100.35794067382812,100.41337585449219,100.6617431640625,240,94.02283477783203,94.24951171875,94.50958251953125,240,2.143749237060547,2.2327866554260254,2.529174566268921,240,0.8134599924087524,0.8142180442810059,0.8148660063743591
621,240,240,100.58831024169922,100.71487426757812,101.1789779663086,240,94.43888854980469,94.55217742919922,95.02444458007812,240,2.2079732418060303,2.331331253051758,2.5522096157073975,240,0.8087729811668396,0.8133599758148193,0.8144890069961548
622,240,240,100.42758178710938,100.6579818725586,101.17085266113281,240,94.1056900024414,94.14791870117188,94.96461486816406,240,2.154404878616333,3.0817818641662598,3.637549877166748,240,0.8088979721069336,0.8135055303573608,0.8146380186080933
623,240,240,100.34783935546875,100.3756332397461,100.45543670654297,240,94.13924407958984,94.19161987304688,94.2154312133789,240,1.9515396356582642,2.036871910095215,2.153132438659668,240,0.8142420053482056,0.8143799901008606,0.8146060109138489
624,240,240,100.36734008789062,100.51226806640625,100.89957427978516,240,94.13214874267578,94.26643371582031,94.38790130615234,240,2.1539502143859863,2.3312437534332275,3.2637479305267334,240,0.812620997428894,0.8139480352401733,0.8144599795341492
625,240,240,100.7741470336914,100.84446716308594,100.91043090820312,240,94.29661560058594,94.34950256347656,94.39765167236328,240,3.233010768890381,3.3006701469421387,3.3559048175811768,240,0.8125860095024109,0.8127985000610352,0.8130999803543091
626,240,240,100.59053039550781,100.65501403808594,100.77226257324219,240,94.11549377441406,94.2161865234375,94.29745483398438,240,2.711949348449707,3.117656946182251,3.236037254333496,240,0.8131080269813538,0.8136129975318909,0.8140239715576172
627,240,240,100.48417663574219,100.55332946777344,100.63823699951172,240,93.97335052490234,94.08699798583984,94.22640228271484,240,2.544067144393921,3.0387001037597656,3.712198257446289,240,0.8134179711341858,0.8137595057487488,0.8143720030784607
628,240,240,100.57975769042969,100.6798095703125,100.70198059082031,240,94.18391418457031,94.28060913085938,94.3188705444336,240,3.717468500137329,4.027106285095215,4.139524936676025,240,0.8131939768791199,0.8133419752120972,0.8139349818229675
629,240,240,100.51001739501953,100.62691497802734,100.67141723632812,240,94.0945816040039,94.23395538330078,94.28887176513672,240,3.4879019260406494,3.6916489601135254,3.9368135929107666,240,0.8132849931716919,0.813506007194519,0.814145028591156
630,240,240,100.3649673461914,100.39913177490234,100.66680145263672,240,93.79914855957031,93.91131591796875,94.20585632324219,240,3.0615174770355225,3.2462754249572754,3.493847131729126,240,0.8132339715957642,0.8148365020751953,0.8152390122413635
631,240,240,100.58318328857422,100.74533081054688,100.8594741821289,240,94.12982940673828,94.40093231201172,94.54014587402344,240,2.9879302978515625,3.5540733337402344,3.9667444229125977,240,0.8118360042572021,0.812543511390686,0.81392902135849
632,240,240,100.54463195800781,100.58136749267578,100.58958435058594,240,94.04718017578125,94.08596801757812,94.13887023925781,240,3.5614495277404785,3.775871992111206,3.8518340587615967,240,0.8138229846954346,0.8139045238494873,0.8139539957046509
633,240,240,100.4791488647461,100.50777435302734,100.56608581542969,240,93.91128540039062,93.95120239257812,94.04732513427734,240,3.2960996627807617,3.361937999725342,3.560734510421753,240,0.813884973526001,0.8141779899597168,0.8143410086631775
634,240,240,100.56743621826172,100.684814453125,100.71759796142578,240,94.00325012207031,94.12004089355469,94.15786743164062,240,3.4081790447235107,3.6743969917297363,3.8397157192230225,240,0.8133919835090637,0.8135240077972412,0.8138759732246399
635,240,240,100.09823608398438,100.5706558227539,100.66871643066406,240,94.03330993652344,94.45541381835938,94.77279663085938,240,3.8424692153930664,4.572474479675293,5.657002925872803,240,0.8099750280380249,0.8115465044975281,0.8141779899597168
636,240,240,99.94577026367188,100.240478515625,100.44294738769531,240,94.1270523071289,94.28926086425781,94.48400115966797,240,4.940701961517334,5.4927263259887695,6.155967712402344,240,0.8110910058021545,0.8125694990158081,0.8136370182037354
637,240,240,100.28506469726562,100.43698120117188,100.56817626953125,240,94.0233154296875,94.17549133300781,94.29527282714844,240,5.2366719245910645,5.656233787536621,6.984378814697266,240,0.8111929893493652,0.8122450113296509,0.812961995601654
638,240,240,100.53077697753906,100.6108627319336,100.64167785644531,240,94.26019287109375,94.40057373046875,94.4710464477539,240,3.1802003383636475,3.3145203590393066,5.983630657196045,240,0.8118119835853577,0.811943531036377,0.8123130202293396
639,240,240,100.33564758300781,100.43331909179688,100.52980041503906,240,94.14682006835938,94.23167419433594,94.36166381835938,240,2.1570374965667725,3.1917524337768555,3.30653715133667,240,0.8121950030326843,0.8126890063285828,0.8133519887924194
640,240,240,100.31608581542969,100.48268127441406,100.51979064941406,240,94.06594848632812,94.25547790527344,94.30110168457031,240,2.119418144226074,3.2513058185577393,4.027932643890381,240,0.8118559718132019,0.8121374845504761,0.8134239912033081
641,240,240,100.3117904663086,100.39146423339844,100.40987396240234,240,94.06329345703125,94.1225814819336,94.1875,240,3.357013463973999,3.775456428527832,4.054005146026611,240,0.8127470016479492,0.8128634691238403,0.8134610056877136
642,240,240,100.3094711303711,100.36521911621094,100.41167449951172,240,93.99336242675781,94.03401184082031,94.11209869384766,240,2.7586793899536133,2.9751596450805664,3.3535709381103516,240,0.8127099871635437,0.8129575252532959,0.8132200241088867
643,240,240,100.36046600341797,100.53713989257812,100.5877685546875,240,94.07559967041016,94.32865142822266,94.4332046508789,240,2.8586220741271973,3.3556716442108154,3.4119110107421875,240,0.8119400143623352,0.8122144937515259,0.8129799962043762
644,240,240,100.26483917236328,100.48640441894531,100.58621215820312,240,94.32998657226562,94.46295166015625,94.48283386230469,240,2.457263231277466,3.052584171295166,3.313162088394165,240,0.8119379878044128,0.8122040033340454,0.8129429817199707
645,240,240,100.25984954833984,100.444580078125,100.8353500366211,240,93.58280944824219,94.1266098022461,94.4936752319336,240,2.3871233463287354,3.5112247467041016,5.876864910125732,240,0.8109949827194214,0.8123840093612671,0.8137789964675903
646,240,240,99.99861145019531,100.06144714355469,100.43502044677734,240,93.52853393554688,93.89300537109375,94.15912628173828,240,4.120461940765381,6.389113903045654,7.3067779541015625,240,0.8138329982757568,0.8146834969520569,0.8148199915885925
647,240,240,100.14451599121094,100.38697814941406,100.45016479492188,240,94.07354736328125,94.30084228515625,94.33704376220703,240,0.5035777688026428,1.3668746948242188,4.0620646476745605,240,0.8120830059051514,0.8123370409011841,0.8138189911842346
648,240,240,100.28622436523438,100.34642028808594,100.41110229492188,240,94.19962310791016,94.25419616699219,94.30042266845703,240,1.484244465827942,1.5404670238494873,1.6212406158447266,240,0.812263011932373,0.8125394582748413,0.8129379749298096
649,240,240,100.18839263916016,100.24615478515625,100.28666687011719,240,94.10796356201172,94.20188903808594,94.21220397949219,240,1.571593999862671,1.6130114793777466,1.9630385637283325,240,0.812919020652771,0.8130384683609009,0.8134670257568359
650,240,240,100.18146514892578,100.21234893798828,100.27689361572266,240,94.10389709472656,94.13082122802734,94.17581176757812,240,1.7454036474227905,1.8247768878936768,1.9773428440093994,240,0.8130369782447815,0.813325047492981,0.8135120272636414
651,240,240,100.2771987915039,100.3050537109375,100.32443237304688,240,94.106201171875,94.1847152709961,94.20167541503906,240,1.7594743967056274,1.81644606590271,2.190887928009033,240,0.8128299713134766,0.8129299879074097,0.8130959868431091
652,240,240,100.28001403808594,100.2952880859375,100.30801391601562,240,94.02507781982422,94.0805435180664,94.10877990722656,240,2.192316770553589,2.396125316619873,2.643676280975342,240,0.8129569888114929,0.8130249977111816,0.8131189942359924
653,240,240,100.2906265258789,100.37960815429688,100.49839782714844,240,94.02599334716797,94.0925521850586,94.16560363769531,240,2.391383171081543,2.503544807434082,2.6677043437957764,240,0.8121700286865234,0.8126825094223022,0.8131150007247925
654,240,240,100.00667572021484,100.50193786621094,100.51973724365234,240,93.84952545166016,94.08859252929688,94.1669692993164,240,0.2797648012638092,2.3930606842041016,2.5402944087982178,240,0.8121079802513123,0.812253475189209,0.8150320053100586
655,240,240,99.8026351928711,99.96163177490234,100.26565551757812,240,93.78655242919922,93.93661499023438,94.32534790039062,240,0.12820424139499664,1.4881935119628906,1.9588466882705688,240,0.8125960230827332,0.8144259452819824,0.8154900074005127
656,240,240,100.0711898803711,100.49484252929688,100.7953109741211,240,93.84467315673828,93.96083068847656,94.09860229492188,240,1.96702241897583,2.500176429748535,3.112440824508667,240,0.8113059997558594,0.8127180337905884,0.814365029335022
657,240,240,100.54841613769531,100.64677429199219,100.79689025878906,240,93.93939971923828,93.98062133789062,94.08187866210938,240,2.8977293968200684,2.9388818740844727,3.1125035285949707,240,0.8113390207290649,0.8128130435943604,0.8133310079574585
658,240,240,100.4085922241211,100.427734375,100.5478286743164,240,93.88529968261719,93.8944320678711,93.93881225585938,240,2.897797107696533,3.0413732528686523,3.1299405097961426,240,0.8133350014686584,0.8139530420303345,0.8140730261802673
659,240,240,100.37294006347656,100.4058837890625,100.59585571289062,240,93.89878845214844,93.95779418945312,94.19924926757812,240,3.1321911811828613,3.3264896869659424,3.3763206005096436,240,0.8129820227622986,0.8140690326690674,0.8142629861831665
660,240,240,100.0007553100586,100.34598541259766,100.61455535888672,240,94.03239440917969,94.09101867675781,94.23242950439453,240,0.01978234015405178,3.139618396759033,5.862137794494629,240,0.812853991985321,0.8143749833106995,0.8151770234107971
661,240,240,99.69100189208984,99.88490295410156,100.0792465209961,240,93.91798400878906,93.98377990722656,94.17779541015625,240,4.944864273071289,6.3439507484436035,6.549457550048828,240,0.8144299983978271,0.8153234720230103,0.8162930011749268
662,240,240,99.77477264404297,100.30010986328125,100.50311279296875,240,94.18150329589844,94.46290588378906,94.61971282958984,240,4.7581048011779785,5.148011207580566,5.491299629211426,240,0.8119930028915405,0.8129985332489014,0.8152179718017578
663,240,240,100.43508911132812,100.63541412353516,100.6670150756836,240,93.94072723388672,94.05592346191406,94.192138671875,240,1.8677074909210205,3.184917449951172,5.247885704040527,240,0.8130139708518982,0.8132244944572449,0.8139690160751343
664,240,240,100.36298370361328,100.47865295410156,100.66651916503906,240,93.77191162109375,93.93125915527344,94.05047607421875,240,1.6031544208526611,1.6699979305267334,1.865400791168213,240,0.8131570219993591,0.8139264583587646,0.8145589828491211
665,240,240,100.31462097167969,100.35409545898438,100.41316223144531,240,93.68274688720703,93.75334167480469,93.92243957519531,240,1.7219239473342896,1.8627760410308838,1.9616423845291138,240,0.8141729831695557,0.8146114945411682,0.8148450255393982
666,240,240,100.41385650634766,100.50387573242188,100.53008270263672,240,93.92512512207031,94.0411376953125,94.06571197509766,240,1.9634371995925903,2.0816357135772705,2.1174778938293457,240,0.8135820031166077,0.8136705160140991,0.8141679763793945
667,240,240,100.30589294433594,100.43865966796875,100.52554321289062,240,93.81424713134766,93.96917724609375,94.03347778320312,240,1.687831997871399,1.9259494543075562,2.0971384048461914,240,0.8136619925498962,0.8141095042228699,0.8148220181465149
668,240,240,100.23282623291016,100.2652816772461,100.36212158203125,240,93.74713897705078,93.79534149169922,93.96810150146484,240,1.594218373298645,1.6333867311477661,1.687252163887024,240,0.8144389986991882,0.8149784803390503,0.8151760101318359
669,240,240,100.31797790527344,100.42666625976562,100.47766876220703,240,93.87943267822266,94.09550476074219,94.16136169433594,240,1.5841206312179565,1.7273707389831543,1.7896913290023804,240,0.8136919736862183,0.8140729665756226,0.8148810267448425
670,240,240,100.3177719116211,100.40785217285156,100.48235321044922,240,93.65154266357422,93.68898010253906,93.87290954589844,240,1.7985267639160156,1.953594446182251,1.9969420433044434,240,0.8141660094261169,0.8147670030593872,0.8151479959487915
671,240,240,100.34272003173828,100.45298767089844,100.61170196533203,240,93.6503677368164,93.86671447753906,94.07384490966797,240,1.945513367652893,2.050661325454712,2.1456658840179443,240,0.8135359883308411,0.8144234418869019,0.8151569962501526
672,240,240,100.61404418945312,100.71720886230469,100.82219696044922,240,93.26560974121094,94.01677703857422,94.11798858642578,240,1.9502357244491577,1.9972847700119019,2.107564926147461,240,0.8122929930686951,0.8129404783248901,0.8135259747505188
673,240,240,100.80060577392578,100.82521057128906,100.85400390625,240,92.96600341796875,93.06130981445312,93.26017761230469,240,1.9723877906799316,2.0534744262695312,2.2059338092803955,240,0.8121979832649231,0.8124120235443115,0.8126689791679382
674,240,240,100.28091430664062,100.44525146484375,100.85417175292969,240,93.02816772460938,93.88986206054688,94.33411407470703,240,2.095271110534668,3.626776933670044,4.665937900543213,240,0.8102279901504517,0.8124809861183167,0.8138409852981567
675,240,240,100.34906768798828,100.7143783569336,100.80191040039062,240,93.93246459960938,94.11187744140625,94.32044219970703,240,4.001543998718262,4.210915565490723,4.267096996307373,240,0.8102390170097351,0.8110300302505493,0.8122940063476562
676,240,240,100.16370391845703,100.368896484375,100.47137451171875,240,93.3727798461914,93.49459838867188,93.9286880493164,240,0.6293179392814636,3.2941713333129883,4.0852837562561035,240,0.8123109936714172,0.8128640055656433,0.8139190077781677
677,240,240,100.40461730957031,100.75750732421875,100.89013671875,240,93.50016784667969,93.90237426757812,94.0374526977539,240,0.7298097014427185,0.9655025005340576,1.1928819417953491,240,0.8104230165481567,0.8110020160675049,0.8129940032958984
678,240,240,100.81681060791016,100.86111450195312,100.89408874511719,240,93.958984375,94.01207733154297,94.05172729492188,240,0.7030432820320129,0.7925353050231934,0.8287432193756104,240,0.8104190230369568,0.8105509877204895,0.8106889724731445
679,240,240,99.86891174316406,100.35243225097656,100.8162841796875,240,93.25957489013672,93.75782012939453,93.95832061767578,240,0.19281449913978577,0.8413967490196228,3.108790636062622,240,0.8106480240821838,0.8126314878463745,0.8152070045471191
680,240,240,100.01116180419922,100.49588012695312,100.76718139648438,240,93.33151245117188,93.62196350097656,94.16456604003906,240,1.7677967548370361,2.9144997596740723,3.513350486755371,240,0.8107349872589111,0.8125804662704468,0.8142420053482056
681,240,240,100.6938247680664,100.76963806152344,100.79254913330078,240,93.53174591064453,94.02763366699219,94.29561614990234,240,1.7727714776992798,2.8944802284240723,3.3505337238311768,240,0.8104699850082397,0.8109195232391357,0.8122490048408508
682,240,240,100.55718994140625,100.67511749267578,100.74319458007812,240,93.30107879638672,93.46696472167969,93.54057312011719,240,3.3511176109313965,3.607334613800049,3.6947505474090576,240,0.8120049834251404,0.8124300241470337,0.8130159974098206
683,240,240,100.5323715209961,100.64913940429688,100.85855865478516,240,93.27899169921875,93.5296630859375,93.79829406738281,240,3.1956756114959717,3.580911874771118,3.7460131645202637,240,0.8112159967422485,0.8124439716339111,0.8131530284881592
684,240,240,100.70136260986328,100.82667541503906,100.91653442382812,240,93.52975463867188,93.75352478027344,93.8389892578125,240,2.8510797023773193,3.111245632171631,3.2941389083862305,240,0.811011016368866,0.8114809989929199,0.8125960230827332
685,240,240,100.37248992919922,100.56524658203125,100.70076751708984,240,92.96829223632812,93.31088256835938,93.52640533447266,240,3.2977027893066406,3.4111363887786865,3.613950252532959,240,0.8126040101051331,0.8135260343551636,0.8149430155754089
686,240,240,100.31387329101562,100.57601165771484,100.72479248046875,240,93.28068542480469,93.752685546875,93.91415405273438,240,2.495204448699951,3.2120821475982666,3.5115106105804443,240,0.8113359808921814,0.8122479915618896,0.8139430284500122
687,240,240,100.31405639648438,100.5128173828125,100.54277801513672,240,93.85038757324219,93.94462585449219,94.03153991699219,240,1.2046351432800293,1.3105990886688232,2.4873476028442383,240,0.8115419745445251,0.8116974830627441,0.812745988368988
688,240,240,100.52995300292969,100.55716705322266,100.5794677734375,240,93.63933563232422,93.77915954589844,93.91997528076172,240,1.3245601654052734,1.4827271699905396,1.6132543087005615,240,0.8112819790840149,0.811486005783081,0.8116009831428528
689,240,240,100.57937622070312,100.61787414550781,100.76251983642578,240,92.86834716796875,93.37333679199219,93.64142608642578,240,1.6137394905090332,1.714292287826538,1.8138043880462646,240,0.8103960156440735,0.8111069798469543,0.8112789988517761
690,240,240,100.69612121582031,100.93083190917969,101.1083755493164,240,93.15799713134766,93.70320892333984,93.96919250488281,240,1.5703485012054443,1.6674764156341553,2.041910171508789,240,0.8085600137710571,0.8094455003738403,0.8103910088539124
691,240,240,100.30220031738281,100.45994567871094,100.67603302001953,240,93.27548217773438,93.33403015136719,93.73109436035156,240,0.9950465559959412,1.5369036197662354,2.064121723175049,240,0.8097550272941589,0.8116340041160583,0.8121089935302734
692,240,240,100.48946380615234,100.51881408691406,100.55355072021484,240,93.28413391113281,93.31425476074219,93.35701751708984,240,1.8862665891647339,1.9331003427505493,2.0450706481933594,240,0.8114619851112366,0.8116614818572998,0.8117949962615967
693,240,240,100.52066040039062,100.56321716308594,100.61425018310547,240,93.35802459716797,93.45333862304688,93.74134826660156,240,1.7756394147872925,2.0053515434265137,2.0537607669830322,240,0.8111699819564819,0.8115620017051697,0.811743974685669
694,240,240,99.80687713623047,100.12681579589844,101.09915924072266,240,93.32022094726562,93.72972106933594,95.4682388305664,240,0.22381176054477692,1.905261516571045,5.172596454620361,240,0.8056849837303162,0.8120654821395874,0.815401017665863
695,240,240,100.5372543334961,100.85487365722656,101.68009185791016,240,93.52596282958984,94.11024475097656,95.51688385009766,240,4.558832168579102,5.153942584991455,5.944880485534668,240,0.8026540279388428,0.8098059892654419,0.8119630217552185
696,240,240,100.11959838867188,100.37528991699219,100.77002716064453,240,93.28852081298828,93.6422119140625,94.13850402832031,240,4.588170051574707,8.231416702270508,10.807931900024414,240,0.8102309703826904,0.8124765157699585,0.8162040114402771
697,240,240,100.46099090576172,100.89132690429688,101.15247344970703,240,92.3066635131836,92.72943115234375,93.29121398925781,240,6.958408355712891,9.033308029174805,10.184470176696777,240,0.813293993473053,0.815047025680542,0.8162019848823547
698,240,240,100.18000793457031,100.83537292480469,101.37126159667969,240,92.86189270019531,93.95597839355469,94.9240951538086,240,5.953217506408691,7.079448223114014,8.0955810546875,240,0.8049659729003906,0.8109924793243408,0.8132380247116089
699,240,240,99.8364486694336,99.99609375,100.70790100097656,240,93.49724578857422,93.69126892089844,94.12381744384766,240,3.424626588821411,6.783982276916504,7.172854423522949,240,0.8099920153617859,0.8143734931945801,0.8160369992256165
700,240,240,100.12843322753906,101.0106430053711,101.1536636352539,240,93.85882568359375,94.43919372558594,94.61121368408203,240,2.3612372875213623,3.8005943298339844,5.290205955505371,240,0.8096339702606201,0.8103799819946289,0.8147630095481873
701,240,240,100.35186004638672,101.2099838256836,101.40098571777344,240,93.98799133300781,94.38418579101562,94.50517272949219,240,2.90299391746521,5.755800247192383,6.677760601043701,240,0.8097900152206421,0.8102974891662598,0.8159350156784058
702,240,240,99.70064544677734,99.77604675292969,100.34077453613281,240,93.77989959716797,93.9726333618164,94.20698547363281,240,2.4159746170043945,6.585370063781738,7.697531223297119,240,0.8135780096054077,0.8142520189285278,0.8163059949874878
703,240,240,99.71328735351562,100.61317443847656,100.76130676269531,240,93.53156280517578,93.88504028320312,94.27127838134766,240,6.250153064727783,6.497635364532471,7.560057640075684,240,0.8117309808731079,0.812533974647522,0.8144969940185547
704,240,240,100.58578491210938,100.71284484863281,100.83320617675781,240,94.24732971191406,95.04853820800781,95.36932373046875,240,5.443089008331299,5.8764142990112305,6.541518211364746,240,0.8094310164451599,0.8105134963989258,0.8124459981918335
705,240,240,100.00440979003906,100.27591705322266,100.81299591064453,240,93.71863555908203,94.1514892578125,95.37865447998047,240,5.376400947570801,5.934671878814697,6.907425403594971,240,0.8093940019607544,0.8159855008125305,0.8178110122680664
706,240,240,100.42385864257812,100.7340087890625,100.92855072021484,240,93.33170318603516,93.49092102050781,93.71475219726562,240,3.7628068923950195,4.249711990356445,6.616512775421143,240,0.8142820000648499,0.8153349757194519,0.8162950277328491
707,240,240,99.9101333618164,100.57813262939453,100.81088256835938,240,93.3635025024414,94.69857788085938,94.89814758300781,240,1.476444959640503,4.0177812576293945,4.5289154052734375,240,0.8103809952735901,0.811692476272583,0.8178330063819885
708,240,240,100.81671905517578,102.31963348388672,102.72907257080078,240,92.72859954833984,94.32945251464844,94.89990234375,240,0.05233915150165558,6.445287704467773,8.818375587463379,240,0.8115509748458862,0.8161740303039551,0.8169940114021301
709,240,240,100.52338409423828,102.81631469726562,103.03474426269531,240,92.68800354003906,92.97940063476562,94.29131317138672,240,4.214634895324707,4.766247749328613,7.574840068817139,240,0.8073049783706665,0.8121210336685181,0.8153700232505798
710,240,240,96.61408233642578,97.60749816894531,101.4649429321289,240,91.3584976196289,92.861328125,94.29039764404297,240,3.09730863571167,4.593090057373047,6.334315776824951,240,0.805400013923645,0.8079649806022644,0.8099870085716248
711,240,240,96.23917388916016,96.53803253173828,96.96282196044922,240,93.41759490966797,93.72755432128906,94.33634948730469,240,1.753792643547058,2.323929786682129,3.123992919921875,240,0.8049709796905518,0.8079944849014282,0.809581995010376
712,240,240,96.2613525390625,96.68408203125,96.83547973632812,240,94.15776062011719,94.54443359375,94.74612426757812,240,0.0,1.6872978210449219,2.0985376834869385,240,0.8067669868469238,0.8072770237922668,0.8091430068016052
713,240,240,96.42813110351562,96.93907165527344,97.1320571899414,240,94.27055358886719,94.35381317138672,94.572265625,240,0.11014342308044434,1.1634751558303833,1.7725505828857422,240,0.8071339726448059,0.8083189725875854,0.8093029856681824
714,240,240,96.69602966308594,96.97992706298828,97.1883773803711,240,94.51973724365234,94.89720153808594,95.31461334228516,240,0.89240962266922,1.8131029605865479,5.52325439453125,240,0.805732011795044,0.8070629835128784,0.8080769777297974
715,240,240,96.9532241821289,97.23541259765625,97.4135971069336,240,94.55831146240234,94.92231750488281,95.11019897460938,240,5.550790786743164,7.017523765563965,7.590755939483643,240,0.8059099912643433,0.8073794841766357,0.8091719746589661
716,240,240,96.56844329833984,96.98823547363281,97.0926284790039,240,94.36369323730469,94.5457992553711,94.9920425415039,240,4.581718444824219,5.63264274597168,6.970181465148926,240,0.8080059885978699,0.8085720539093018,0.8095560073852539
717,240,240,96.5644302368164,98.48197937011719,99.21277618408203,240,91.22903442382812,92.15861511230469,94.44880676269531,240,4.697653293609619,10.716943740844727,12.355562210083008,240,0.8033339977264404,0.8067879676818848,0.8109580278396606
718,240,240,96.527099609375,96.73385620117188,98.22383880615234,240,91.87451934814453,94.95330810546875,95.43287658691406,240,3.87479567527771,5.010448455810547,10.596576690673828,240,0.804157018661499,0.8055800199508667,0.8071659803390503
719,240,240,96.43817901611328,96.55381774902344,96.62521362304688,240,94.15741729736328,94.59664916992188,95.4172592163086,240,0.872900664806366,3.138118267059326,3.863407611846924,240,0.8043829798698425,0.8067615032196045,0.8081449866294861
720,240,240,96.40023040771484,96.43429565429688,96.48207092285156,240,94.4154052734375,94.4525146484375,94.5859603881836,240,0.7252373695373535,0.8205568790435791,0.8880134224891663,240,0.8081570267677307,0.8084255456924438,0.8084790110588074
721,240,240,96.2685317993164,96.3826904296875,96.5593490600586,240,94.27481842041016,94.36759948730469,94.48980712890625,240,0.6419395208358765,0.6862829923629761,0.7932757139205933,240,0.8081039786338806,0.8086600303649902,0.8090729713439941
722,240,240,95.88273620605469,96.39993286132812,96.58004760742188,240,94.49345397949219,94.65242004394531,94.72474670410156,240,0.7118940353393555,0.928614616394043,1.0973572731018066,240,0.8070639967918396,0.8074460029602051,0.8080940246582031
723,240,240,96.01819610595703,96.30538940429688,96.35557556152344,240,94.50875854492188,94.61001586914062,94.67810821533203,240,0.6778197884559631,0.8604793548583984,1.1477359533309937,240,0.8071200251579285,0.8073520064353943,0.8076279759407043
724,240,240,96.26779174804688,96.33025360107422,96.52870178222656,240,94.44473266601562,94.49954223632812,94.68510437011719,240,0.6385776996612549,0.746771514415741,1.3891712427139282,240,0.8069800138473511,0.8076339960098267,0.8080059885978699
725,240,240,96.46157836914062,96.53204345703125,96.54557800292969,240,94.6858139038086,94.75196838378906,94.7820816040039,240,1.3911420106887817,1.5361418724060059,1.579914927482605,240,0.8068600296974182,0.8069344758987427,0.8070589900016785
726,240,240,96.33761596679688,96.40858459472656,96.46350860595703,240,94.5863265991211,94.70291137695312,94.72679138183594,240,1.2555415630340576,1.3998363018035889,1.4169267416000366,240,0.8070440292358398,0.807125449180603,0.8076379895210266
727,240,240,96.32028198242188,96.33172607421875,96.39656066894531,240,94.53304290771484,94.56167602539062,94.72119903564453,240,1.186466932296753,1.212810754776001,1.4045814275741577,240,0.8071010112762451,0.8076800107955933,0.807744026184082
728,240,240,96.23568725585938,96.50279235839844,96.53012084960938,240,94.72471618652344,94.77711486816406,94.79270935058594,240,1.353785514831543,1.4575023651123047,1.525339126586914,240,0.8067439794540405,0.8069120049476624,0.8070909976959229
729,240,240,96.38956451416016,96.45136260986328,96.49421691894531,240,94.63465881347656,94.72149658203125,94.7350845336914,240,1.1686862707138062,1.2943731546401978,1.3816851377487183,240,0.806842029094696,0.806876003742218,0.8072720170021057
730,240,240,96.33080291748047,96.35211181640625,96.4524154663086,240,94.58589935302734,94.61849212646484,94.7392349243164,240,1.110650897026062,1.1437222957611084,1.4453680515289307,240,0.806850016117096,0.8074384927749634,0.8075370192527771
731,240,240,96.44730377197266,96.50466918945312,96.54060363769531,240,94.74109649658203,94.81440734863281,94.84890747070312,240,1.4513132572174072,1.8457838296890259,1.9284378290176392,240,0.8064500093460083,0.8066744804382324,0.8068490028381348
732,240,240,96.36263275146484,96.44381713867188,96.4946060180664,240,94.61921691894531,94.71923065185547,94.79302978515625,240,1.6033984422683716,1.7272007465362549,1.8214489221572876,240,0.8066570162773132,0.8068605065345764,0.8071619868278503
733,240,240,96.27385711669922,96.31382751464844,96.40998840332031,240,94.47064208984375,94.52001190185547,94.66651153564453,240,1.4576365947723389,1.534102201461792,1.7580277919769287,240,0.806988000869751,0.8075114488601685,0.8077279925346375
734,240,240,96.41234588623047,96.57057189941406,96.59870910644531,240,94.66709899902344,94.75953674316406,94.7881088256836,240,1.639604926109314,1.8662397861480713,2.0152828693389893,240,0.8064410090446472,0.8066115379333496,0.8069810271263123
735,240,240,96.42310333251953,96.48831176757812,96.54814910888672,240,94.45120239257812,94.58995056152344,94.78858184814453,240,0.9381607174873352,1.020099401473999,1.636977195739746,240,0.8065710067749023,0.8073815107345581,0.807778000831604
736,240,240,96.39496612548828,96.43289184570312,96.4776840209961,240,94.4109878540039,94.43846130371094,94.52301788330078,240,1.002686619758606,1.0392932891845703,1.084983229637146,240,0.8074340224266052,0.8077285289764404,0.8078960180282593
737,240,240,96.47027587890625,96.57827758789062,96.6295394897461,240,94.52589416503906,94.63101196289062,94.70268249511719,240,1.086605191230774,1.365873098373413,1.4864840507507324,240,0.8068370223045349,0.8070729970932007,0.8074280023574829
738,240,240,96.34721374511719,96.47898864746094,96.62353515625,240,94.41353607177734,94.44821166992188,94.52584838867188,240,1.2046351432800293,1.2737231254577637,1.333248257637024,240,0.8072550296783447,0.807682991027832,0.808122992515564
739,240,240,96.30847930908203,96.36860656738281,96.42092895507812,240,94.38582611083984,94.5186767578125,94.58245849609375,240,1.1668429374694824,1.3606339693069458,1.8489619493484497,240,0.8073700070381165,0.8077394962310791,0.8081849813461304
740,240,240,96.4092788696289,96.51376342773438,96.58613586425781,240,94.49047088623047,94.61376953125,94.63829803466797,240,1.5018079280853271,1.781031608581543,1.9039257764816284,240,0.8072050213813782,0.8074475526809692,0.8078920245170593
741,240,240,96.38906860351562,96.48727416992188,96.53848266601562,240,94.4770736694336,94.52061462402344,94.61965942382812,240,1.2101455926895142,1.391634225845337,1.4986772537231445,240,0.8071460127830505,0.8072785139083862,0.8075169920921326
742,240,240,96.35033416748047,96.3717041015625,96.48523712158203,240,94.39371490478516,94.4285888671875,94.50431060791016,240,1.0536913871765137,1.1259617805480957,1.219006896018982,240,0.8070899844169617,0.807610034942627,0.8077219724655151
743,240,240,96.4869384765625,96.55408477783203,96.57097625732422,240,94.50653076171875,94.61006164550781,94.64696502685547,240,1.1781915426254272,1.3065617084503174,1.357970952987671,240,0.8067110180854797,0.8068029880523682,0.8070819973945618
744,240,240,96.39257049560547,96.45245361328125,96.53050231933594,240,94.49658966064453,94.54158020019531,94.62446594238281,240,0.8753631114959717,1.0021982192993164,1.2411197423934937,240,0.8068320155143738,0.8070465326309204,0.8072260022163391
745,240,240,96.37606048583984,96.40083312988281,96.48626708984375,240,94.46781158447266,94.49674224853516,94.56995391845703,240,0.8432552218437195,0.8642270565032959,0.9364907145500183,240,0.8066290020942688,0.8070989847183228,0.8072550296783447
746,240,240,96.48841094970703,96.62390899658203,96.71673583984375,240,94.57137298583984,94.69821166992188,94.74545288085938,240,0.9427382946014404,1.24725341796875,1.336327075958252,240,0.8055940270423889,0.8058850169181824,0.8066189885139465
747,240,240,96.66014862060547,96.67752075195312,96.71834564208984,240,94.5676040649414,94.66030883789062,94.74195098876953,240,1.0660614967346191,1.118726134300232,1.1480767726898193,240,0.8055890202522278,0.8057489991188049,0.8060290217399597
748,240,240,96.59309387207031,96.64098358154297,96.70243072509766,240,94.44657135009766,94.51557922363281,94.69111633300781,240,0.7705019116401672,0.9253497123718262,1.1048213243484497,240,0.8058710098266602,0.8062534928321838,0.8064619898796082
749,240,240,96.7037353515625,96.74916076660156,96.77566528320312,240,94.6692123413086,94.68498229980469,94.6935043334961,240,0.8670526742935181,1.1047325134277344,1.1992624998092651,240,0.8057270050048828,0.8057940006256104,0.8059449791908264
750,240,240,96.59508514404297,96.64067077636719,96.72127532958984,240,94.60771942138672,94.65888214111328,94.67808532714844,240,0.4784723222255707,0.6828530430793762,0.8632075786590576,240,0.80594801902771,0.8060929775238037,0.8063610196113586
751,240,240,96.59673309326172,96.63177490234375,96.80302429199219,240,94.5754165649414,94.70356750488281,94.73046875,240,0.44101858139038086,0.6100510358810425,1.1398662328720093,240,0.805728018283844,0.8059719800949097,0.8063629865646362
752,240,240,96.78276062011719,96.82278442382812,96.85533905029297,240,94.51285552978516,94.65538024902344,94.714599609375,240,0.7407210469245911,0.9611351490020752,1.0873254537582397,240,0.8056420087814331,0.8057584762573242,0.8061190247535706
753,240,240,96.55657196044922,96.66727447509766,96.78697967529297,240,94.50188446044922,94.53929138183594,94.55773162841797,240,0.3891651928424835,0.5688913464546204,0.7758166790008545,240,0.8060299754142761,0.8063974976539612,0.8066809773445129
754,240,240,96.50824737548828,96.62333679199219,96.67996215820312,240,94.5307846069336,94.6847152709961,94.7771224975586,240,0.29341983795166016,0.5246962308883667,0.8069709539413452,240,0.8058450222015381,0.8060890436172485,0.8066459894180298
755,240,240,96.49297332763672,96.58171844482422,96.67930603027344,240,94.59590911865234,94.75943756103516,94.79389190673828,240,0.32805347442626953,0.543920636177063,0.8232947587966919,240,0.8058329820632935,0.8061314821243286,0.8066570162773132
756,240,240,96.37622833251953,96.4559555053711,96.51830291748047,240,94.55757904052734,94.60896301269531,94.85600280761719,240,0.15825876593589783,0.35909217596054077,0.5928130745887756,240,0.8058620095252991,0.8066819906234741,0.8070359826087952
757,240,240,96.49034881591797,96.7155990600586,96.97775268554688,240,94.07913970947266,94.21571350097656,94.55892944335938,240,0.6103770732879639,3.1189637184143066,4.63869571685791,240,0.8062549829483032,0.8067629933357239,0.8075169920921326
758,240,240,96.22893524169922,96.45706939697266,96.95133209228516,240,94.26831817626953,94.84573364257812,95.07658386230469,240,1.3289849758148193,3.207563638687134,4.636541843414307,240,0.805761992931366,0.8074209690093994,0.8079670071601868
759,240,240,96.44723510742188,96.51995086669922,96.69213104248047,240,94.8515396118164,95.01368713378906,95.1338882446289,240,0.6113380193710327,1.1502902507781982,1.6418712139129639,240,0.806181013584137,0.8074029684066772,0.8078330159187317
760,240,240,96.30970001220703,96.48486328125,96.70476531982422,240,93.2696762084961,94.05549621582031,94.91595458984375,240,0.2541089653968811,1.9837764501571655,4.438664436340332,240,0.8078470230102539,0.8099474906921387,0.812421977519989
761,240,240,96.65873718261719,96.98690795898438,97.1415786743164,240,93.89787292480469,93.93972778320312,94.02313232421875,240,4.453246593475342,4.923542022705078,5.320529460906982,240,0.8089669942855835,0.8094000220298767,0.8100289702415466
762,240,240,96.62385559082031,96.72784423828125,96.87596893310547,240,93.51941680908203,93.78311157226562,93.8976058959961,240,3.9884064197540283,4.72938346862793,4.887599945068359,240,0.8096309900283813,0.8106110095977783,0.8115879893302917
763,240,240,96.30384826660156,96.42778015136719,96.6196517944336,240,93.46664428710938,93.59386444091797,94.05912780761719,240,2.1735785007476807,2.417836904525757,3.973649740219116,240,0.8107039928436279,0.8117325305938721,0.8119779825210571
764,240,240,96.51424407958984,96.59735870361328,96.68893432617188,240,93.93733215332031,94.02140808105469,94.05941772460938,240,2.423093318939209,2.757614850997925,3.0305402278900146,240,0.8101500272750854,0.8104814887046814,0.8109059929847717
765,240,240,96.38311767578125,96.448486328125,96.60320281982422,240,93.94505310058594,93.99942016601562,94.04696655273438,240,2.0462186336517334,2.395594358444214,2.8718760013580322,240,0.810591995716095,0.8114149570465088,0.8118320107460022
766,240,240,96.17245483398438,96.8983154296875,97.22215270996094,240,94.04706573486328,94.67139434814453,95.060791015625,240,2.0462186336517334,3.857029914855957,6.320185661315918,240,0.8044769763946533,0.8071534633636475,0.8111510276794434
767,240,240,96.11164855957031,96.192626953125,96.33837127685547,240,93.36774444580078,93.9947509765625,94.26202392578125,240,4.366548538208008,5.358238220214844,6.12912654876709,240,0.8101950287818909,0.8108669519424438,0.8117740154266357
768,240,240,95.81043243408203,96.02151489257812,96.13272094726562,240,93.4536361694336,94.00470733642578,94.59518432617188,240,4.229015350341797,5.662628173828125,6.043837070465088,240,0.8080319762229919,0.8102489709854126,0.811214029788971
769,240,240,95.97312927246094,96.18231201171875,96.49993133544922,240,94.60279083251953,94.86520385742188,95.06903076171875,240,2.357919216156006,3.5819172859191895,4.503760814666748,240,0.806082010269165,0.8077014684677124,0.8080049753189087
770,240,240,96.12509155273438,96.27767181396484,96.32457733154297,240,94.63694763183594,94.7655029296875,95.09321594238281,240,1.0396698713302612,1.7386592626571655,2.354679584503174,240,0.807558000087738,0.8084689974784851,0.808929979801178
771,240,240,96.22447204589844,96.26126861572266,96.28007507324219,240,94.41016387939453,94.50706481933594,94.63609313964844,240,0.2255535125732422,0.3522041440010071,1.0374088287353516,240,0.8086209893226624,0.8087314963340759,0.8089439868927002
772,240,240,96.18058776855469,96.2159423828125,96.22534942626953,240,94.27159881591797,94.3028564453125,94.4088363647461,240,0.24147441983222961,0.29341983795166016,0.38308411836624146,240,0.8089439868927002,0.8090914487838745,0.8091539740562439
773,240,240,96.05641174316406,96.12028503417969,96.1801986694336,240,94.26970672607422,94.28120422363281,94.33582305908203,240,0.3856295347213745,0.6630802750587463,0.9435680508613586,240,0.8091170191764832,0.8092290163040161,0.8093770146369934
774,240,240,96.05589294433594,96.10298156738281,96.12619018554688,240,94.33656311035156,94.55322265625,94.6971206665039,240,0.9468805193901062,1.3663736581802368,1.7016887664794922,240,0.8084570169448853,0.8087689876556396,0.8092859983444214
775,240,240,96.12006378173828,96.21121978759766,96.24162292480469,240,94.45366668701172,94.55782318115234,94.71923065185547,240,1.385927438735962,1.4475327730178833,1.7009985446929932,240,0.8082540035247803,0.8084310293197632,0.8085899949073792
776,240,240,95.95826721191406,96.10992431640625,96.19083404541016,240,94.33956146240234,94.41204833984375,94.45330810546875,240,1.4496941566467285,1.5697873830795288,1.651616096496582,240,0.8085910081863403,0.8088439702987671,0.8092600107192993
777,240,240,95.71001434326172,95.86048889160156,96.08644104003906,240,94.00813293457031,94.20008087158203,94.40116119384766,240,1.654457449913025,2.23854923248291,3.886855125427246,240,0.8092610239982605,0.8101575374603271,0.8112940192222595
778,240,240,95.703857421875,95.87629699707031,96.12591552734375,240,94.41326141357422,94.713623046875,94.8892593383789,240,1.9597457647323608,3.0188183784484863,3.896214246749878,240,0.8086259961128235,0.808908998966217,0.8097259998321533
779,240,240,95.75321197509766,95.93179321289062,96.01243591308594,240,94.0988998413086,94.42320251464844,94.63467407226562,240,1.4706014394760132,1.801513671875,2.071976661682129,240,0.8092970252037048,0.8098610043525696,0.810591995716095
780,240,240,95.56743621826172,95.70426940917969,95.75220489501953,240,93.91790008544922,94.04917907714844,94.14085388183594,240,0.43968552350997925,1.0070641040802002,2.001053810119629,240,0.8106020092964172,0.8111540079116821,0.811627984046936
781,240,240,95.57839965820312,95.77079772949219,95.86595916748047,240,94.1409683227539,94.37413024902344,94.47994995117188,240,0.03426402062177658,0.19382664561271667,0.43700724840164185,240,0.8101770281791687,0.8105864524841309,0.8111990094184875
782,240,240,95.60905456542969,95.7264404296875,95.85747528076172,240,94.27594757080078,94.31524658203125,94.5008773803711,240,0.07132624834775925,0.30901041626930237,0.364768922328949,240,0.8098199963569641,0.810617983341217,0.8113340139389038
783,240,240,95.6447982788086,95.66888427734375,95.68905639648438,240,94.25004577636719,94.31015014648438,94.32563018798828,240,0.2525642216205597,0.4313739240169525,0.538139820098877,240,0.8105630278587341,0.8106750249862671,0.8107500076293945
784,240,240,95.60073852539062,95.63847351074219,95.79814147949219,240,94.25132751464844,94.36356353759766,94.55445861816406,240,0.17804113030433655,0.3109016716480255,0.5366833806037903,240,0.8097059726715088,0.8104559779167175,0.8108649849891663
785,240,240,95.7795639038086,95.8218994140625,95.89588928222656,240,94.28893280029297,94.55072021484375,94.5787353515625,240,0.3494263291358948,0.4242848753929138,0.7504317164421082,240,0.8096510171890259,0.8098340034484863,0.8103489875793457
786,240,240,95.73848724365234,95.83531188964844,95.88401794433594,240,93.9910659790039,94.03945922851562,94.2871322631836,240,0.41637101769447327,0.5213327407836914,0.8268522024154663,240,0.8103579878807068,0.8110679984092712,0.8113740086555481
787,240,240,95.5726547241211,95.66960906982422,95.77875518798828,240,93.98087310791016,94.03195190429688,94.19011688232422,240,0.24389326572418213,0.384356826543808,0.5871749520301819,240,0.8106499910354614,0.8115144968032837,0.8117899894714355
788,240,240,95.77913665771484,95.89291381835938,95.94094848632812,240,94.19474029541016,94.42601776123047,94.45767974853516,240,0.5851720571517944,0.6181813478469849,0.7252373695373535,240,0.8098829984664917,0.8100219964981079,0.8106380105018616
789,240,240,95.89375305175781,95.90260314941406,95.9256820678711,240,94.23540496826172,94.2901840209961,94.3873519897461,240,0.6573014855384827,0.6827097535133362,0.6937976479530334,240,0.8100339770317078,0.8102359771728516,0.8103650212287903
790,240,240,95.69490814208984,95.71833801269531,95.9006118774414,240,94.1397933959961,94.18406677246094,94.23664093017578,240,0.5753930807113647,0.6809878349304199,0.7532945275306702,240,0.8103520274162292,0.8109195232391357,0.8110889792442322
791,240,240,95.72891998291016,95.83501434326172,95.97215270996094,240,94.1279296875,94.17564392089844,94.2892074584961,240,0.7077590227127075,0.7421724200248718,0.7833467721939087,240,0.8101990222930908,0.8106900453567505,0.8109250068664551
792,240,240,95.90396881103516,95.99018859863281,96.0299301147461,240,94.21603393554688,94.28450012207031,94.32847595214844,240,0.5385032892227173,0.6642603874206543,0.7732904553413391,240,0.8099049925804138,0.8100215196609497,0.8102139830589294
793,240,240,95.67259216308594,95.68714904785156,95.90377807617188,240,94.22048950195312,94.23538970947266,94.25875091552734,240,0.09691328555345535,0.32805347442626953,0.5366833806037903,240,0.810217022895813,0.8105565309524536,0.8105800151824951
794,240,240,95.62855529785156,95.74333953857422,95.8934097290039,240,94.22473907470703,94.36019897460938,94.43167877197266,240,0.09487278014421463,0.1327039897441864,0.37377697229385376,240,0.8094639778137207,0.8100489974021912,0.8105649948120117
795,240,240,95.657470703125,95.88760375976562,95.92476654052734,240,94.33675384521484,94.421142578125,94.44058227539062,240,0.03426402062177658,0.1513044536113739,0.38613659143447876,240,0.8093889951705933,0.8094505071640015,0.809669017791748
796,240,240,95.55272674560547,95.76213836669922,95.8506088256836,240,94.21359252929688,94.2550048828125,94.33606719970703,240,0.0,0.08846931904554367,0.2220563441514969,240,0.8095319867134094,0.8098610043525696,0.8101130127906799
797,240,240,95.49958038330078,95.60609436035156,95.92498016357422,240,94.25477600097656,94.39773559570312,94.46942138671875,240,0.08846931904554367,0.1818462312221527,0.4379018247127533,240,0.8089839816093445,0.8092504739761353,0.8098800182342529
798,240,240,95.65269470214844,95.7880859375,95.93815612792969,240,94.4340591430664,94.46729278564453,94.51300048828125,240,0.25178828835487366,0.4247455596923828,0.5315545201301575,240,0.8086959719657898,0.8089480400085449,0.8090649843215942
799,240,240,95.67526245117188,95.77920532226562,95.82991027832031,240,94.26075744628906,94.35246276855469,94.4321517944336,240,0.2525642216205597,0.3274564743041992,0.36045196652412415,240,0.8090710043907166,0.8094195127487183,0.8099679946899414
800,240,240,95.64613342285156,95.6736831665039,95.7712173461914,240,94.23739624023438,94.25949096679688,94.35214233398438,240,0.29208308458328247,0.36503615975379944,0.508988618850708,240,0.8095880150794983,0.8099714517593384,0.8100919723510742
801,240,240,95.76270294189453,95.78329467773438,95.79288482666016,240,94.30950927734375,94.373046875,94.38500213623047,240,0.5086040496826172,0.8584324717521667,1.0535056591033936,240,0.8091840147972107,0.8093085289001465,0.8096070289611816
802,240,240,95.71334838867188,95.750244140625,95.77242279052734,240,94.23661804199219,94.25177764892578,94.3078384399414,240,0.8409315347671509,0.8877930045127869,1.0061933994293213,240,0.8093400001525879,0.8095450401306152,0.8096629977226257
803,240,240,95.68456268310547,95.75910186767578,95.832763671875,240,94.23416137695312,94.3174819946289,94.39160919189453,240,0.8501882553100586,1.0818214416503906,1.3326610326766968,240,0.8091530203819275,0.8093999624252319,0.8097689747810364
804,240,240,95.78077697753906,95.79893493652344,95.83214569091797,240,94.26463317871094,94.3641357421875,94.39015197753906,240,1.116099238395691,1.24882173538208,1.331191897392273,240,0.8091620206832886,0.8093339800834656,0.8094990253448486
805,240,240,95.76139068603516,95.77020263671875,95.7950668334961,240,94.06880187988281,94.17842102050781,94.26314544677734,240,0.40348297357559204,0.8532884120941162,1.112587332725525,240,0.809503972530365,0.8097859621047974,0.8101209998130798
806,240,240,95.79322052001953,95.82774353027344,95.88577270507812,240,93.96504974365234,94.00164031982422,94.08052825927734,240,0.11534988135099411,0.1818462312221527,0.39762091636657715,240,0.8100330233573914,0.8102964758872986,0.8104519844055176
807,240,240,95.82279205322266,95.89622497558594,95.91900634765625,240,94.08160400390625,94.18034362792969,94.22823333740234,240,0.37009429931640625,0.7362107038497925,1.2343213558197021,240,0.8095049858093262,0.8096494674682617,0.8100299835205078
808,240,240,95.68111419677734,95.73921203613281,95.82132720947266,240,94.13994598388672,94.16594696044922,94.23321533203125,240,1.2373298406600952,1.3161121606826782,1.3942333459854126,240,0.8094850182533264,0.809723973274231,0.8098919987678528
809,240,240,95.65757751464844,95.6815185546875,95.92633056640625,240,94.0880355834961,94.14039611816406,94.2562255859375,240,1.009106159210205,1.2093360424041748,1.4299869537353516,240,0.8091660141944885,0.8098264932632446,0.8101009726524353
810,240,240,95.90603637695312,95.91915893554688,95.94064331054688,240,94.12957763671875,94.15852355957031,94.25605773925781,240,0.8789324164390564,0.9738774299621582,1.4172030687332153,240,0.8092449903488159,0.8099914789199829,0.8100219964981079
811,240,240,95.78923034667969,95.84440612792969,95.906005859375,240,94.00466918945312,94.07626342773438,94.1493911743164,240,0.7372788190841675,0.7870838642120361,0.9767867922782898,240,0.8099129796028137,0.8102135062217712,0.8103799819946289
812,240,240,95.75357055664062,95.78175354003906,95.87240600585938,240,93.96331024169922,94.00061798095703,94.153076171875,240,0.6425489187240601,0.7396636009216309,1.0699092149734497,240,0.8098829984664917,0.810375452041626,0.8105310201644897
813,240,240,95.85325622558594,95.9078140258789,95.94463348388672,240,94.1014633178711,94.1942367553711,94.22398376464844,240,1.0731961727142334,1.1735312938690186,1.3578269481658936,240,0.8095880150794983,0.809699535369873,0.8099809885025024
814,240,240,95.80224609375,95.81248474121094,95.85681915283203,240,94.01577758789062,94.05779266357422,94.11522674560547,240,0.7962302565574646,0.9061157703399658,1.0903805494308472,240,0.8099169731140137,0.8100354671478271,0.8101130127906799
815,240,240,95.80596923828125,95.83714294433594,95.91612243652344,240,94.01392364501953,94.05210876464844,94.18258666992188,240,0.8367325663566589,0.9030898213386536,1.0733784437179565,240,0.8091840147972107,0.8096095323562622,0.8099489808082581
816,240,240,95.54135131835938,95.90367126464844,95.95921325683594,240,94.18401336669922,94.29631042480469,94.46527099609375,240,1.0671621561050415,1.3549413681030273,1.5468690395355225,240,0.8086410164833069,0.8093769550323486,0.8103110194206238
817,240,240,95.16349792480469,95.25961303710938,95.54161834716797,240,94.46540069580078,94.55598449707031,94.60658264160156,240,1.1930458545684814,1.3723766803741455,1.487931489944458,240,0.8097379803657532,0.8099560141563416,0.8101680278778076
818,240,240,95.16510009765625,95.9644775390625,96.33234405517578,240,93.90717315673828,94.23382568359375,94.9039306640625,240,0.11703392118215561,0.8369617462158203,1.8953750133514404,240,0.8075630068778992,0.8086404800415039,0.8100619912147522
819,240,240,95.65847778320312,95.75257873535156,96.3337173461914,240,94.06864166259766,94.16548156738281,94.32228088378906,240,1.4031875133514404,2.018965005874634,2.2679672241210938,240,0.8075990080833435,0.8097299933433533,0.8102350234985352
820,240,240,95.7504653930664,95.8254623413086,95.85936737060547,240,93.948974609375,93.97898864746094,94.17639923095703,240,0.8194831013679504,0.9011377096176147,1.396196961402893,240,0.8094810247421265,0.8101639747619629,0.8103100061416626
821,240,240,95.61479187011719,95.68374633789062,95.7517318725586,240,93.97676849365234,94.00021362304688,94.10169982910156,240,0.9394113421440125,1.0127837657928467,1.1494396924972534,240,0.8101059794425964,0.8103190064430237,0.8104820251464844
822,240,240,95.62185668945312,95.75193786621094,95.85916900634766,240,93.9906997680664,94.18356323242188,94.56683349609375,240,1.0454883575439453,1.2984461784362793,1.9852449893951416,240,0.8090919852256775,0.8097710013389587,0.8104619979858398
823,240,240,95.47838592529297,95.76463317871094,95.86430358886719,240,94.21237182617188,94.35945129394531,94.53042602539062,240,1.5619765520095825,1.7940053939819336,1.9374487400054932,240,0.8091750144958496,0.8096989989280701,0.8107179999351501
824,240,240,95.3432388305664,95.45648193359375,95.80558776855469,240,93.72968292236328,94.04364776611328,94.20722198486328,240,1.8757582902908325,2.9119040966033936,3.5316929817199707,240,0.8083720207214355,0.810912013053894,0.8116340041160583
825,240,240,95.66409301757812,95.97489166259766,96.22012329101562,240,93.87783813476562,94.17710876464844,94.25325775146484,240,0.557077944278717,0.8993922472000122,2.2817327976226807,240,0.8076919913291931,0.8082339763641357,0.8084930181503296
826,240,240,95.54727935791016,96.16990661621094,96.2324447631836,240,93.41416931152344,93.6343994140625,93.87602233886719,240,0.7354186773300171,0.8914223909378052,1.593850016593933,240,0.808480978012085,0.8090659976005554,0.8110089898109436
827,240,240,95.32781982421875,95.38017272949219,95.5407943725586,240,93.87970733642578,94.20147705078125,94.25531768798828,240,1.1307308673858643,1.2349553108215332,1.2966389656066895,240,0.8104400038719177,0.8107279539108276,0.8110979795455933
828,240,240,95.41297912597656,95.45415496826172,95.63339233398438,240,94.08970642089844,94.13412475585938,94.169677734375,240,0.7722775936126709,0.9136452674865723,1.1434656381607056,240,0.8096500039100647,0.8103809952735901,0.8105109930038452
829,240,240,95.60836791992188,95.67173767089844,95.6824722290039,240,94.16969299316406,94.21370697021484,94.24014282226562,240,0.8113239407539368,0.9879416823387146,1.1685187816619873,240,0.80942302942276,0.8095530271530151,0.8096539974212646
830,240,240,95.43586730957031,95.53400421142578,95.6072006225586,240,94.15435791015625,94.18983459472656,94.2438735961914,240,0.4913845956325531,0.5516066551208496,0.8055146932601929,240,0.8096550107002258,0.8100194931030273,0.8104559779167175
831,240,240,95.34075927734375,95.42129516601562,95.86640167236328,240,94.10647583007812,94.16070556640625,94.33342742919922,240,0.4780632257461548,0.5516066551208496,1.816284418106079,240,0.8081939816474915,0.8106094598770142,0.811028003692627
832,240,240,95.56914520263672,95.81307983398438,95.89224243164062,240,93.98629760742188,94.10662841796875,94.28031921386719,240,1.8368558883666992,3.5338988304138184,4.229062080383301,240,0.8085920214653015,0.809332013130188,0.8095719814300537
833,240,240,95.8328628540039,95.85773468017578,95.88320922851562,240,93.6624755859375,93.75654602050781,94.00074768066406,240,2.242277145385742,2.794663429260254,3.929495096206665,240,0.8095409870147705,0.8098485469818115,0.8100169897079468
834,240,240,95.6285171508789,95.68508911132812,95.85414123535156,240,93.42803192138672,93.50840759277344,93.70285034179688,240,2.2284433841705322,2.2626967430114746,2.404279947280884,240,0.8099750280380249,0.8108844757080078,0.8114590048789978
835,240,240,95.67162322998047,95.89796447753906,96.0125961303711,240,93.45157623291016,93.71534729003906,93.8616714477539,240,2.4063146114349365,2.4494447708129883,2.475831985473633,240,0.8098440170288086,0.8103830218315125,0.8114129900932312
836,240,240,95.89734649658203,95.98466491699219,96.02381896972656,240,93.76310729980469,93.82337951660156,93.88557434082031,240,2.4397566318511963,2.5192880630493164,2.6218180656433105,240,0.8098710179328918,0.8100495338439941,0.8103049993515015
837,240,240,95.52384948730469,95.58865356445312,95.89663696289062,240,93.40227508544922,93.4369888305664,93.77587890625,240,2.4395158290863037,2.5155558586120605,2.580202102661133,240,0.8103100061416626,0.812547504901886,0.8129580020904541
838,240,240,95.4970932006836,95.52687072753906,95.65311431884766,240,93.32149505615234,93.38416290283203,93.52277374267578,240,2.4641835689544678,2.5682263374328613,2.6164369583129883,240,0.8127580285072327,0.81300950050354,0.8133209943771362
839,240,240,95.6474609375,95.66954803466797,95.73893737792969,240,93.36648559570312,93.49498748779297,93.54281616210938,240,2.5407567024230957,2.5940098762512207,2.7054457664489746,240,0.8123419880867004,0.8126519918441772,0.8128330111503601
840,240,240,95.4318618774414,95.49107360839844,95.6484375,240,93.25779724121094,93.3185806274414,93.41146850585938,240,2.3648815155029297,2.4218409061431885,2.5375189781188965,240,0.8127350211143494,0.813601016998291,0.8137940168380737
841,240,240,95.43724822998047,95.62580871582031,95.66493225097656,240,93.3211441040039,93.5620346069336,93.70906829833984,240,2.166363000869751,2.2134623527526855,2.3766050338745117,240,0.8125690221786499,0.8127415180206299,0.8137800097465515
842,240,240,95.4193115234375,95.47825622558594,95.66118621826172,240,93.47572326660156,93.68695068359375,93.7132339477539,240,2.0096421241760254,2.1164608001708984,2.20149302482605,240,0.8125690221786499,0.8129500150680542,0.8135150074958801
843,240,240,95.33671569824219,95.39273071289062,95.45161437988281,240,93.36508178710938,93.40138244628906,93.47400665283203,240,1.9820879697799683,2.0989573001861572,2.2078847885131836,240,0.8132740259170532,0.8136469721794128,0.8137159943580627
844,240,240,95.40416717529297,95.50666809082031,95.65560913085938,240,93.44044494628906,93.62952423095703,93.70801544189453,240,2.071598768234253,2.3516440391540527,2.4703710079193115,240,0.8122169971466064,0.8125964999198914,0.8132650256156921
845,240,240,95.43022155761719,95.59810638427734,95.6650619506836,240,93.42698669433594,93.54649353027344,93.64906311035156,240,2.1334080696105957,2.3239736557006836,2.4687860012054443,240,0.8125640153884888,0.8129199743270874,0.8136090040206909
846,240,240,95.36848449707031,95.41592407226562,95.44937896728516,240,93.1434555053711,93.237548828125,93.4249038696289,240,2.1174778938293457,2.3068127632141113,2.6070690155029297,240,0.8134989738464355,0.8136864900588989,0.8139849901199341
847,240,240,95.42540740966797,95.54974365234375,95.70977020263672,240,93.14905548095703,93.42770385742188,93.61112213134766,240,2.51932692527771,2.5554285049438477,2.757614850997925,240,0.8127999901771545,0.8132680058479309,0.8139849901199341
848,240,240,95.59092712402344,95.65081787109375,95.70222473144531,240,93.50060272216797,93.61666870117188,93.65541076660156,240,2.6108202934265137,2.6332528591156006,2.7176456451416016,240,0.8126810193061829,0.8128064870834351,0.8130260109901428
849,240,240,95.41438293457031,95.49993896484375,95.59014892578125,240,93.33942413330078,93.43816375732422,93.49945068359375,240,2.321108818054199,2.4707672595977783,2.624802589416504,240,0.8130289912223816,0.813323974609375,0.8137099742889404
850,240,240,95.41056823730469,95.46170043945312,95.60729217529297,240,93.3398208618164,93.37669372558594,93.5314712524414,240,2.27115797996521,2.3390841484069824,2.4680721759796143,240,0.8128740191459656,0.8134435415267944,0.8137030005455017
851,240,240,95.60761260986328,95.66355895996094,95.68931579589844,240,93.51670837402344,93.56282806396484,93.59263610839844,240,2.3578360080718994,2.47575306892395,2.51224684715271,240,0.8125709891319275,0.8126739859580994,0.8128839731216431
852,240,240,95.21456909179688,95.52426147460938,95.61253356933594,240,93.43341827392578,93.4800033569336,93.52667999267578,240,2.2190260887145996,2.258324146270752,2.3710808753967285,240,0.8128880262374878,0.8130720257759094,0.8131979703903198
853,240,240,95.24011993408203,95.46554565429688,95.61609649658203,240,93.3327865600586,93.39364624023438,93.53924560546875,240,2.259927272796631,2.324268341064453,2.397268772125244,240,0.8125929832458496,0.8132059574127197,0.813552975654602
854,240,240,95.58163452148438,95.6308822631836,95.65367126464844,240,93.54017639160156,93.56236267089844,93.57819366455078,240,2.3661227226257324,2.3955535888671875,2.4301910400390625,240,0.8124409914016724,0.8125550150871277,0.8126459717750549
855,240,240,95.46312713623047,95.49507904052734,95.59286499023438,240,93.41800689697266,93.52676391601562,93.55741119384766,240,2.2810468673706055,2.346810817718506,2.3828558921813965,240,0.8126369714736938,0.8128935098648071,0.8131719827651978
856,240,240,95.24453735351562,95.41068267822266,95.46312713623047,240,93.41918182373047,93.46713256835938,93.54442596435547,240,2.2265102863311768,2.289268732070923,2.3311214447021484,240,0.8126950263977051,0.8131170272827148,0.8132489919662476
857,240,240,95.25434112548828,95.44573974609375,95.49363708496094,240,93.38455200195312,93.41282653808594,93.5465316772461,240,2.074808359146118,2.2106308937072754,2.324479103088379,240,0.8126839995384216,0.8133009672164917,0.8134570121765137
858,240,240,95.34175109863281,95.40867614746094,95.5457763671875,240,93.34732818603516,93.37335205078125,93.46261596679688,240,2.0902209281921387,2.241621971130371,2.3926920890808105,240,0.8128569722175598,0.8134515285491943,0.8136039972305298
859,240,240,95.46356201171875,95.53776550292969,95.55915832519531,240,93.38168334960938,93.45326232910156,93.50796508789062,240,2.2680532932281494,2.3507280349731445,2.3833484649658203,240,0.8127149939537048,0.8128629922866821,0.8131060004234314
860,240,240,95.37586975097656,95.43783569335938,95.48088836669922,240,93.23599243164062,93.29237365722656,93.38130950927734,240,2.282590627670288,2.3126187324523926,2.3583343029022217,240,0.8130580186843872,0.8133029937744141,0.8135889768600464
861,240,240,95.4151382446289,95.55831909179688,95.62026977539062,240,93.24862670898438,93.37091064453125,93.40647888183594,240,2.3140993118286133,2.4402379989624023,2.5273940563201904,240,0.8125090003013611,0.8127124905586243,0.813368022441864
862,240,240,95.33524322509766,95.57561492919922,95.59335327148438,240,93.10577392578125,93.34626770019531,93.40941619873047,240,2.054046630859375,2.3235106468200684,2.443284034729004,240,0.8125399947166443,0.8126609921455383,0.8138059973716736
863,240,240,95.31898498535156,95.35664367675781,95.38514709472656,240,92.89285278320312,92.95199584960938,93.10411834716797,240,2.049372434616089,2.158534049987793,2.1994473934173584,240,0.8137099742889404,0.8137990236282349,0.8139330148696899
864,240,240,95.32229614257812,95.52765655517578,95.6346206665039,240,92.9456787109375,93.13888549804688,93.24771118164062,240,2.099656581878662,2.2709851264953613,2.3951451778411865,240,0.812574028968811,0.8129810094833374,0.8139259815216064
865,240,240,95.47279357910156,95.5744857788086,95.63768005371094,240,93.17146301269531,93.22732543945312,93.23995208740234,240,2.166724443435669,2.3049042224884033,2.3722362518310547,240,0.8125569820404053,0.8126105070114136,0.8127800226211548
866,240,240,95.24227142333984,95.42097473144531,95.47956848144531,240,92.99120330810547,93.05673217773438,93.17041778564453,240,1.9705017805099487,2.0523781776428223,2.1679885387420654,240,0.8127840161323547,0.8131414651870728,0.8136500120162964
867,240,240,95.22740936279297,95.32196044921875,95.49166107177734,240,92.93123626708984,92.97544860839844,93.02519989013672,240,1.9839630126953125,2.026467800140381,2.313338041305542,240,0.8128589987754822,0.8134114742279053,0.813726007938385
868,240,240,95.224609375,95.50128173828125,95.53824615478516,240,93.0270004272461,93.13140869140625,93.16356658935547,240,2.037496328353882,2.1984236240386963,2.3489372730255127,240,0.8124060034751892,0.8125964999198914,0.812853991985321
869,240,240,94.9957275390625,95.1328125,95.22332763671875,240,93.00406646728516,93.07904052734375,93.10690307617188,240,1.9239672422409058,1.992870569229126,2.0357666015625,240,0.8125219941139221,0.8126040101051331,0.8129159808158875
870,240,240,94.97388458251953,95.02788543701172,95.28681945800781,240,93.01182556152344,93.08477783203125,93.22515869140625,240,1.9237638711929321,2.0438737869262695,2.3858110904693604,240,0.811676025390625,0.8125754594802856,0.8129119873046875
871,240,240,95.2882308959961,95.35212707519531,95.37165832519531,240,93.2260971069336,93.27934265136719,93.29700469970703,240,2.3868770599365234,2.483804225921631,2.5467584133148193,240,0.8112450242042542,0.8113155364990234,0.8116739988327026
872,240,240,95.12055206298828,95.27877807617188,95.35939025878906,240,93.0396728515625,93.19303894042969,93.24735260009766,240,2.1716866493225098,2.255201816558838,2.38482666015625,240,0.8112450242042542,0.811382532119751,0.8121529817581177
873,240,240,94.97584533691406,95.02933502197266,95.18981170654297,240,92.86720275878906,92.94160461425781,93.03865814208984,240,2.066206932067871,2.106031894683838,2.1692521572113037,240,0.8121619820594788,0.8127150535583496,0.8131600022315979
874,240,240,95.18980407714844,95.32872009277344,95.38768768310547,240,92.85887908935547,92.89628601074219,93.11255645751953,240,2.075751304626465,2.3585822582244873,3.826996088027954,240,0.812345027923584,0.812996506690979,0.8131459951400757
875,240,240,95.33119201660156,95.5057373046875,95.59880065917969,240,93.12167358398438,93.31295776367188,93.63209533691406,240,3.836756944656372,4.008145332336426,4.132801055908203,240,0.8106340169906616,0.8116509914398193,0.8123630285263062
876,240,240,95.26161193847656,95.35797882080078,95.51527404785156,240,92.64403533935547,92.75477600097656,93.20719146728516,240,3.7852725982666016,3.8545784950256348,4.220578670501709,240,0.8123909831047058,0.8137764930725098,0.8141840100288391
877,240,240,95.48542785644531,95.5191650390625,95.7049789428711,240,92.65081787109375,92.76170349121094,92.99555206298828,240,3.5240893363952637,3.690136671066284,3.8340001106262207,240,0.8130699992179871,0.813777506351471,0.813946008682251
878,240,240,95.67549133300781,95.77532958984375,95.81664276123047,240,92.91484832763672,93.03202056884766,93.07235717773438,240,3.408064365386963,3.579491138458252,3.6307613849639893,240,0.8127189874649048,0.8128515481948853,0.8132740259170532
879,240,240,95.1923599243164,95.24519348144531,95.67118835449219,240,92.65062713623047,92.76277160644531,92.91088104248047,240,2.163017749786377,2.790001392364502,3.4047305583953857,240,0.813289999961853,0.8136149644851685,0.8140910267829895
880,240,240,95.24092102050781,95.34547424316406,95.70254516601562,240,92.65516662597656,92.78874969482422,93.13318634033203,240,2.182384967803955,2.7591052055358887,2.9944751262664795,240,0.812358021736145,0.8137350082397461,0.8142250180244446
881,240,240,95.700927734375,95.72457885742188,95.75359344482422,240,92.98072814941406,93.06526184082031,93.14189147949219,240,2.4435243606567383,2.5213847160339355,2.614940643310547,240,0.8121340274810791,0.8122990131378174,0.8123739957809448
882,240,240,95.53163146972656,95.57637786865234,95.72533416748047,240,92.61531829833984,92.8625717163086,92.98182678222656,240,2.616063356399536,2.7252697944641113,2.794633150100708,240,0.8122869729995728,0.8126965165138245,0.8129460215568542
883,240,240,95.26052856445312,95.50294494628906,95.58071899414062,240,92.59998321533203,92.73562622070312,92.89759826660156,240,2.6206977367401123,2.907104015350342,2.9683423042297363,240,0.8124510049819946,0.8128395080566406,0.8129950165748596
884,240,240,95.58098602294922,95.6767578125,95.69486236572266,240,92.89959716796875,92.96418762207031,93.0140609741211,240,2.4248697757720947,2.4981441497802734,2.6281561851501465,240,0.8119519948959351,0.812050998210907,0.8124449849128723
885,240,240,95.42948913574219,95.50177764892578,95.65515899658203,240,92.7087173461914,92.82492065429688,92.9466781616211,240,2.495361328125,2.5685691833496094,2.62770938873291,240,0.8118870258331299,0.8124489784240723,0.8127670288085938
886,240,240,95.32969665527344,95.39324188232422,95.46143341064453,240,92.54895782470703,92.6241683959961,92.7269058227539,240,2.431318521499634,2.587247848510742,2.6317286491394043,240,0.8124939799308777,0.8128269910812378,0.8131579756736755
887,240,240,95.4203872680664,95.49211120605469,95.55276489257812,240,92.73053741455078,93.08822631835938,93.17356872558594,240,2.043442964553833,2.5232772827148438,3.3928639888763428,240,0.8123570084571838,0.8127599954605103,0.8131070137023926
888,240,240,95.54776000976562,95.65200805664062,95.69047546386719,240,92.58484649658203,93.03660583496094,93.1690673828125,240,3.391594409942627,3.5652685165405273,4.653284072875977,240,0.8118460178375244,0.8119819760322571,0.8126279711723328
889,240,240,95.55087280273438,95.67509460449219,95.83676147460938,240,92.09156036376953,92.19358825683594,92.57307434082031,240,4.685252666473389,6.129313945770264,6.6508941650390625,240,0.8105260133743286,0.8111165165901184,0.8129209876060486
890,240,240,95.4491195678711,95.61540222167969,95.74671173095703,240,92.28624725341797,92.4619140625,92.61027526855469,240,3.7994205951690674,4.026326656341553,5.410083293914795,240,0.8108810186386108,0.81294846534729,0.8130549788475037
891,240,240,95.74470520019531,95.75579833984375,95.77490234375,240,92.59288787841797,92.64874267578125,92.68251037597656,240,3.866802453994751,4.028661727905273,4.174575328826904,240,0.8124920129776001,0.8126230239868164,0.8129289746284485
892,240,240,95.74990844726562,95.77305603027344,95.80266571044922,240,92.5567398071289,92.58624267578125,92.64781951904297,240,4.176029205322266,4.3413801193237305,4.476584434509277,240,0.8120949864387512,0.8124639987945557,0.8124989867210388
893,240,240,95.5417251586914,95.65088653564453,95.80397033691406,240,92.29194641113281,92.40965270996094,92.65460205078125,240,4.406155586242676,5.964296340942383,7.874845027923584,240,0.811037003993988,0.8121135234832764,0.8127650022506714
894,240,240,95.21939849853516,95.73475646972656,95.87211608886719,240,92.52091217041016,92.78935241699219,93.32191467285156,240,6.515416145324707,6.930147171020508,7.797345161437988,240,0.8102650046348572,0.8109279870986938,0.8117949962615967
895,240,240,95.02124786376953,95.31668090820312,95.7304458618164,240,89.76315307617188,91.83607482910156,93.35980224609375,240,6.8379034996032715,8.536941528320312,11.653776168823242,240,0.810280978679657,0.8135044574737549,0.8155040144920349
896,240,240,93.93281555175781,94.52838134765625,95.01132202148438,240,88.68824005126953,90.22236633300781,90.55892181396484,240,2.293539524078369,8.046276092529297,11.836676597595215,240,0.8141469955444336,0.816012978553772,0.8224890232086182
897,240,240,93.18605041503906,93.28550720214844,93.92500305175781,240,84.97665405273438,85.21290588378906,89.621337890625,240,2.1214487552642822,2.5725271701812744,2.7322278022766113,240,0.8225730061531067,0.8276489973068237,0.8286730051040649
898,240,240,93.19091796875,93.69119262695312,94.0743408203125,240,84.97798156738281,85.31527709960938,87.31278228759766,240,2.7358791828155518,4.322547912597656,4.916613578796387,240,0.8248909711837769,0.8255879878997803,0.8285880088806152
899,240,240,93.36304473876953,93.53530883789062,93.69070434570312,240,85.83164978027344,86.14794921875,86.44756317138672,240,3.385296583175659,3.5322749614715576,4.072512626647949,240,0.8238890171051025,0.8250319957733154,0.8257669806480408
900,240,240,93.19930267333984,93.48754119873047,93.6723861694336,240,84.02915954589844,85.25163269042969,87.54287719726562,240,2.782489061355591,3.1211400032043457,3.5036964416503906,240,0.8215609788894653,0.822708010673523,0.824970006942749
901,240,240,93.24894714355469,93.75146484375,93.96446990966797,240,83.96893310546875,84.29061889648438,84.37309265136719,240,2.7558398246765137,3.986785888671875,4.378955841064453,240,0.8243820071220398,0.8251290321350098,0.8257049918174744
902,240,240,93.70761108398438,93.77452087402344,94.19725036621094,240,80.65275573730469,84.42840576171875,84.65451049804688,240,3.7868239879608154,3.9494032859802246,4.525151252746582,240,0.8236709833145142,0.8251060247421265,0.8257060050964355
903,240,240,93.71006774902344,94.16871643066406,94.22586822509766,240,80.6174087524414,80.88618469238281,81.43960571289062,240,2.113129138946533,3.160686492919922,3.783203125,240,0.8229650259017944,0.8236819505691528,0.8245580196380615
904,240,240,93.6069107055664,93.99988555908203,94.1155776977539,240,80.73958587646484,81.26396942138672,81.40638732910156,240,1.941787838935852,2.713926315307617,3.0328001976013184,240,0.8236129879951477,0.8240020275115967,0.8254579901695251
905,240,240,93.85633850097656,94.03070831298828,94.27395629882812,240,81.0546646118164,81.20601654052734,81.60493469238281,240,2.3728134632110596,2.4687857627868652,3.00309157371521,240,0.822359025478363,0.8250359892845154,0.8261190056800842
906,240,240,93.8494644165039,94.07650756835938,94.34849548339844,240,81.05844116210938,81.23973083496094,81.48076629638672,240,2.5038182735443115,3.587522506713867,4.105844974517822,240,0.8246210217475891,0.8258824944496155,0.826304018497467
907,240,240,93.89993286132812,93.95765686035156,94.11963653564453,240,81.0965576171875,81.19766235351562,81.47146606445312,240,2.9478275775909424,3.0664684772491455,3.426569700241089,240,0.8241270184516907,0.8253260254859924,0.8260589838027954
908,240,240,94.13111114501953,94.82966613769531,95.22547149658203,240,80.53068542480469,82.01325988769531,94.85713958740234,240,3.160006046295166,4.113683700561523,4.400774002075195,240,0.8191720247268677,0.8212180137634277,0.8240799903869629
909,240,240,94.49618530273438,94.8514404296875,95.07530975341797,240,92.33367156982422,94.96339416503906,95.25027465820312,240,2.878004312515259,3.592649459838867,4.1027913093566895,240,0.8191660046577454,0.82002854347229,0.8214880228042603
910,240,240,94.08492279052734,94.28936767578125,94.94121551513672,240,92.9718017578125,94.0985107421875,94.44476318359375,240,2.569026231765747,2.9115781784057617,4.321189880371094,240,0.8192819952964783,0.8220025300979614,0.8233510255813599
911,240,240,94.67432403564453,94.7509536743164,94.87735748291016,240,93.58966064453125,93.79582977294922,93.91986846923828,240,2.9413788318634033,3.5271716117858887,4.10956335067749,240,0.819229006767273,0.819755494594574,0.8200179934501648
912,240,240,94.36962890625,94.45069885253906,94.66858673095703,240,93.16764068603516,93.33634948730469,93.75471496582031,240,2.3657917976379395,2.6375584602355957,2.9375829696655273,240,0.8200439810752869,0.8219259977340698,0.8223450183868408
913,240,240,94.37864685058594,94.53680419921875,94.72095489501953,240,93.19147491455078,93.45490264892578,93.62149047851562,240,1.6471072435379028,1.797383189201355,2.388516902923584,240,0.819703996181488,0.8207529783248901,0.8222050070762634
914,240,240,94.51397705078125,94.918212890625,95.31956481933594,240,93.09013366699219,93.27262878417969,93.55957794189453,240,1.7057090997695923,2.1820249557495117,3.304819345474243,240,0.8183929920196533,0.8203585147857666,0.8210229873657227
915,240,240,94.46148681640625,94.6696548461914,94.71043395996094,240,93.21333312988281,93.95443725585938,94.40695190429688,240,1.008718490600586,3.609071731567383,4.75468635559082,240,0.819612979888916,0.8202794790267944,0.8215439915657043
916,240,240,94.05389404296875,94.18522644042969,94.47650146484375,240,92.70565795898438,92.76109313964844,93.20440673828125,240,0.5173770785331726,1.4065302610397339,1.6538658142089844,240,0.8215550184249878,0.8238974809646606,0.8243340253829956
917,240,240,94.05303955078125,94.66990661621094,95.01841735839844,240,92.789794921875,93.50749206542969,93.74845123291016,240,0.7438843250274658,1.7145777940750122,1.9485291242599487,240,0.8198189735412598,0.8211464881896973,0.8242909908294678
918,240,240,94.21930694580078,94.577880859375,95.02046203613281,240,93.5209732055664,93.62092590332031,93.97837829589844,240,1.5239273309707642,2.166904926300049,3.075298309326172,240,0.8194580078125,0.8211134672164917,0.8224719762802124
919,240,240,93.74068450927734,94.15406799316406,96.39266204833984,240,92.87628936767578,93.63442993164062,93.84054565429688,240,0.5626698136329651,2.0624611377716064,5.114045143127441,240,0.8172910213470459,0.8232564926147461,0.8268470168113708
920,240,240,94.9598159790039,96.31681823730469,96.60848999023438,240,91.8818359375,92.49766540527344,93.4247817993164,240,5.160346984863281,9.305238723754883,10.56834888458252,240,0.816864013671875,0.8191120028495789,0.8210880160331726
921,240,240,94.81449127197266,94.96173095703125,95.15887451171875,240,93.27814483642578,93.48837280273438,93.9868392944336,240,5.667213439941406,7.221577167510986,10.151291847229004,240,0.820937991142273,0.8223599791526794,0.8231639862060547
922,240,240,93.17005920410156,94.11642456054688,94.93852233886719,240,93.21351623535156,94.24308776855469,94.4947280883789,240,4.209333896636963,6.2096967697143555,7.488415718078613,240,0.8193650245666504,0.8208680152893066,0.8222029805183411
923,240,240,93.2825698852539,93.75727081298828,94.039794921875,240,92.52881622314453,93.66559600830078,94.30271911621094,240,1.4051384925842285,2.9869089126586914,4.281530380249023,240,0.8213390111923218,0.8249759674072266,0.8302099704742432
924,240,240,93.66483306884766,94.52993774414062,94.57714080810547,240,92.514404296875,92.86284637451172,92.94325256347656,240,3.106900930404663,4.659761905670166,4.904964447021484,240,0.8261629939079285,0.8264405131340027,0.8298180103302002
925,240,240,93.62596130371094,93.82251739501953,94.44316101074219,240,92.07610321044922,92.3291244506836,92.65161895751953,240,1.3158148527145386,2.565131187438965,3.2285873889923096,240,0.8271880149841309,0.8277609944343567,0.8285149931907654
926,240,240,93.65200805664062,93.77322387695312,94.18424224853516,240,92.1109390258789,92.22840881347656,92.42945098876953,240,1.1470537185668945,1.404295563697815,2.0681002140045166,240,0.8268679976463318,0.8280230164527893,0.8285049796104431
927,240,240,93.98198699951172,94.07864379882812,94.1740951538086,240,92.11832427978516,92.19671630859375,92.40377044677734,240,1.5841206312179565,1.657057523727417,1.7751984596252441,240,0.8269799947738647,0.8275045156478882,0.8278509974479675
928,240,240,93.9179916381836,93.95729064941406,93.98714447021484,240,91.92670440673828,91.96940612792969,92.12699890136719,240,1.6684738397598267,1.7517828941345215,1.8279913663864136,240,0.8277639746665955,0.8280340433120728,0.828236997127533
929,240,240,93.87529754638672,93.92256164550781,93.94417572021484,240,91.76789093017578,91.84567260742188,91.9258041381836,240,1.6216027736663818,1.7194781303405762,1.803091287612915,240,0.828220009803772,0.8283609747886658,0.8285850286483765
930,240,240,93.8571548461914,93.93497467041016,93.99362182617188,240,91.70475006103516,91.76930236816406,91.8250503540039,240,1.6885275840759277,1.9992425441741943,2.0561418533325195,240,0.8280749917030334,0.8284419775009155,0.8286960124969482
931,240,240,93.94393157958984,93.96075439453125,93.99691009521484,240,91.68283081054688,91.76690673828125,91.84417724609375,240,1.7951503992080688,1.8606736660003662,2.028543472290039,240,0.8280569911003113,0.828253984451294,0.8285509943962097
932,240,240,93.76892852783203,93.83190155029297,93.94735717773438,240,91.55362701416016,91.59066009521484,91.68595123291016,240,1.6850470304489136,1.7173149585723877,1.7970025539398193,240,0.8285560011863708,0.8289535045623779,0.8290889859199524
933,240,240,93.85889434814453,93.96231842041016,93.98616027832031,240,91.53926086425781,91.58418273925781,91.63489532470703,240,1.6154361963272095,1.7922039031982422,1.8992944955825806,240,0.8285229802131653,0.828639030456543,0.8289279937744141
934,240,240,93.9475326538086,93.99491882324219,94.02001953125,240,91.48451232910156,91.53256225585938,91.61412048339844,240,1.5900393724441528,1.6986383199691772,1.7814711332321167,240,0.8284860253334045,0.8286625146865845,0.8287659883499146
935,240,240,93.87112426757812,93.9728775024414,93.99461364746094,240,91.44166564941406,91.49181365966797,91.51714324951172,240,1.4063913822174072,1.5760703086853027,1.6895703077316284,240,0.8287469744682312,0.828777015209198,0.8289949893951416
936,240,240,93.76395416259766,93.85798645019531,94.0319595336914,240,91.41165924072266,91.44669342041016,91.59992980957031,240,1.0761096477508545,1.2448971271514893,1.4127775430679321,240,0.8283979892730713,0.8290070295333862,0.8291760087013245
937,240,240,93.86662292480469,94.05589294433594,94.18500518798828,240,91.41520690917969,91.50257873535156,91.65394592285156,240,1.110650897026062,1.3392517566680908,1.710749864578247,240,0.8274419903755188,0.8280375003814697,0.8288130164146423
938,240,240,93.6477279663086,93.74938201904297,94.10807037353516,240,91.29488372802734,91.42655944824219,91.49594116210938,240,0.940244197845459,1.1728647947311401,1.3484265804290771,240,0.8279759883880615,0.8287805318832397,0.8294150233268738
939,240,240,93.82257080078125,94.0259017944336,94.14349365234375,240,91.39939880371094,91.66777038574219,91.83919525146484,240,1.261139988899231,1.7925312519073486,2.164374589920044,240,0.8267260193824768,0.8273584842681885,0.8285970091819763
940,240,240,93.72248840332031,94.13037872314453,94.2111587524414,240,91.5246353149414,91.84516906738281,91.89596557617188,240,1.600955605506897,2.1692521572113037,2.3671977519989014,240,0.8264039754867554,0.8267439603805542,0.8281440138816833
941,240,240,93.60492706298828,93.65946960449219,93.71923065185547,240,91.41027069091797,91.4797592163086,91.53241729736328,240,1.3079088926315308,1.4528629779815674,1.5972843170166016,240,0.8281499743461609,0.8283740282058716,0.8284909725189209
942,240,240,93.50421905517578,93.53704833984375,93.6462631225586,240,91.24799346923828,91.31108093261719,91.41155242919922,240,1.4075040817260742,1.4666039943695068,1.8545631170272827,240,0.828262984752655,0.8287360072135925,0.8288940191268921
943,240,240,93.64933013916016,93.96959686279297,94.1244125366211,240,91.36797332763672,91.67640686035156,91.80500793457031,240,1.8645613193511963,2.7717041969299316,3.0094733238220215,240,0.8261520266532898,0.8268060088157654,0.8282520174980164
944,240,240,93.81983947753906,93.95079040527344,94.12386322021484,240,91.45904541015625,91.66032409667969,91.80081176757812,240,2.7951934337615967,2.8844923973083496,3.0101237297058105,240,0.8261629939079285,0.8267145156860352,0.8272669911384583
945,240,240,93.63175201416016,93.68900299072266,93.82401275634766,240,91.1910400390625,91.29411315917969,91.45579528808594,240,2.641453981399536,2.701463222503662,2.9094603061676025,240,0.8271269798278809,0.8280149698257446,0.8282880187034607
946,240,240,93.78291320800781,94.01986694335938,94.07603454589844,240,91.3583755493164,91.55133056640625,91.65650177001953,240,2.9128224849700928,3.2005114555358887,3.318652629852295,240,0.826682984828949,0.8269209861755371,0.8276180028915405
947,240,240,93.744140625,93.91242980957031,94.0339126586914,240,91.28993225097656,91.51403045654297,91.6370849609375,240,2.927837371826172,3.07682466506958,3.2473907470703125,240,0.8267930150032043,0.8272290229797363,0.8277980089187622
948,240,240,93.64635467529297,93.73353576660156,93.93975830078125,240,91.03431701660156,91.13008117675781,91.28593444824219,240,2.3700900077819824,2.562654733657837,2.9238898754119873,240,0.8277699947357178,0.828465461730957,0.8287169933319092
949,240,240,93.94197845458984,94.12144470214844,94.16993713378906,240,91.23829650878906,91.43208312988281,91.52002716064453,240,2.83669376373291,3.113635778427124,3.1637213230133057,240,0.8269219994544983,0.8271859884262085,0.8278189897537231
950,240,240,93.94103240966797,94.07490539550781,94.16867065429688,240,91.24745178222656,91.41124725341797,91.5013656616211,240,2.690572500228882,2.878139019012451,3.108790636062622,240,0.8269050121307373,0.827273964881897,0.8278239965438843
951,240,240,93.77469635009766,93.8418197631836,93.94396209716797,240,91.09891510009766,91.19156646728516,91.24647521972656,240,2.3853187561035156,2.679563522338867,2.82015323638916,240,0.8278250098228455,0.828077495098114,0.8282709717750549
952,240,240,93.82624053955078,94.00787353515625,94.05957794189453,240,91.14322662353516,91.3623046875,91.46778106689453,240,2.4450457096099854,2.7284998893737793,2.927971363067627,240,0.8267930150032043,0.8272075057029724,0.8280310034751892
953,240,240,93.92326354980469,94.0094985961914,94.05964660644531,240,91.28873443603516,91.40814971923828,91.46878051757812,240,2.732586145401001,2.9300429821014404,2.9815683364868164,240,0.826777994632721,0.8268414735794067,0.8272010087966919
954,240,240,93.75572967529297,93.86857604980469,93.92648315429688,240,91.03448486328125,91.14075469970703,91.28758239746094,240,2.296354055404663,2.505185604095459,2.7420966625213623,240,0.8272029757499695,0.8275660276412964,0.8279849886894226
955,240,240,93.7532730102539,93.88526153564453,93.95995330810547,240,91.0430679321289,91.13273620605469,91.248046875,240,2.3324646949768066,2.739274024963379,2.930243492126465,240,0.8273879885673523,0.8276554942131042,0.8279979825019836
956,240,240,93.90740966796875,93.943359375,93.95636749267578,240,91.07501983642578,91.15115356445312,91.23719787597656,240,2.8899502754211426,2.9718356132507324,3.031573534011841,240,0.8274779915809631,0.8277485370635986,0.8279650211334229
957,240,240,93.46930694580078,93.5781478881836,93.90554809570312,240,90.65980529785156,90.79180908203125,91.07443237304688,240,2.8475072383880615,2.9685726165771484,3.059342622756958,240,0.8279579877853394,0.8304644823074341,0.8312010169029236
958,240,240,93.44902801513672,93.4813461303711,93.53589630126953,240,90.61258697509766,90.65472412109375,90.76565551757812,240,2.805468797683716,2.877119779586792,3.9116132259368896,240,0.830735981464386,0.8312305212020874,0.8313739895820618
959,240,240,93.18251037597656,93.27853393554688,93.49339294433594,240,90.51148223876953,90.58070373535156,90.72239685058594,240,3.9306414127349854,6.114267349243164,6.365194797515869,240,0.8306139707565308,0.8308730125427246,0.8311349749565125
960,240,240,93.15054321289062,93.2060546875,93.29316711425781,240,90.43799591064453,90.52938842773438,90.61186218261719,240,4.762795925140381,5.028820037841797,5.8206634521484375,240,0.8308990001678467,0.83143550157547,0.8316190242767334
961,240,240,93.10811614990234,93.13749694824219,93.26150512695312,240,90.36288452148438,90.42474365234375,90.5361557006836,240,4.462121486663818,4.6382737159729,4.965620517730713,240,0.8309630155563354,0.8316514492034912,0.8317400217056274
962,240,240,93.2612533569336,93.30965423583984,93.33599853515625,240,90.53666687011719,90.6239242553711,90.67008209228516,240,4.602959632873535,4.918067932128906,5.012938499450684,240,0.8305519819259644,0.8306649923324585,0.8309580087661743
963,240,240,93.14485931396484,93.23297119140625,93.31033325195312,240,90.47557067871094,90.5189208984375,90.65855407714844,240,3.89370059967041,4.0758280754089355,4.623935222625732,240,0.8305619955062866,0.830968976020813,0.8312399983406067
964,240,240,93.13233184814453,93.14205932617188,93.16197204589844,240,90.46764373779297,90.47823333740234,90.5280532836914,240,3.7089264392852783,3.8428256511688232,3.9088594913482666,240,0.8311169743537903,0.8312699794769287,0.8313149809837341
965,240,240,93.16404724121094,93.29148864746094,93.37411499023438,240,90.52997589111328,90.66145324707031,90.72767639160156,240,3.7330799102783203,4.106250286102295,4.164805889129639,240,0.8302929997444153,0.8305760025978088,0.8311100006103516
966,240,240,93.24625396728516,93.29139709472656,93.37525177001953,240,90.54862213134766,90.64645385742188,90.70684051513672,240,3.82336163520813,4.006092548370361,4.159347057342529,240,0.8303750157356262,0.8305145502090454,0.8308719992637634
967,240,240,93.13090515136719,93.19282531738281,93.24535369873047,240,90.48365020751953,90.52153778076172,90.5707015991211,240,3.5722086429595947,3.6661813259124756,3.8234128952026367,240,0.8308749794960022,0.8310425281524658,0.8311709761619568
968,240,240,93.13320922851562,93.1607894897461,93.18083190917969,240,90.41796875,90.45381164550781,90.54341125488281,240,3.550381898880005,3.623230218887329,3.687960386276245,240,0.8309550285339355,0.8311600089073181,0.8312299847602844
969,240,240,93.1717758178711,93.25987243652344,93.31582641601562,240,90.49213409423828,90.57563781738281,90.59370422363281,240,3.6482458114624023,3.8669540882110596,3.9315872192382812,240,0.8308050036430359,0.83085697889328,0.8310229778289795
970,240,240,93.18879699707031,93.21814727783203,93.31685638427734,240,90.34075164794922,90.44741821289062,90.49219512939453,240,3.59782338142395,3.6936635971069336,3.865586757659912,240,0.8308600187301636,0.831418514251709,0.831849992275238
971,240,240,92.80187225341797,93.11898040771484,93.2296371459961,240,90.31709289550781,90.34557342529297,90.44927978515625,240,3.379392385482788,3.6259851455688477,3.673224687576294,240,0.8318600058555603,0.8321670293807983,0.8327800035476685
972,240,240,93.00790405273438,93.28287506103516,93.42235565185547,240,90.41415405273438,90.50653839111328,90.643310546875,240,3.308016777038574,3.746431350708008,4.107942581176758,240,0.8309760093688965,0.831353485584259,0.8319960236549377
973,240,240,93.30863189697266,93.45771789550781,93.50680541992188,240,90.30221557617188,90.32617950439453,90.61260986328125,240,2.539369583129883,3.201611042022705,3.4207937717437744,240,0.8309810161590576,0.8317149877548218,0.8322950005531311
974,240,240,93.02740478515625,93.0754165649414,93.30413055419922,240,90.24847412109375,90.29627990722656,90.36138153076172,240,2.379567861557007,2.4429636001586914,2.8074920177459717,240,0.8323040008544922,0.8329349756240845,0.8330529928207397
975,240,240,93.02742004394531,93.23826599121094,93.49457550048828,240,90.25379943847656,90.43484497070312,90.54328918457031,240,2.800161361694336,3.3474631309509277,3.9188156127929688,240,0.8313930034637451,0.8320795297622681,0.8330529928207397
976,240,240,93.49710845947266,93.56358337402344,93.5817642211914,240,90.41496276855469,90.51740264892578,90.55546569824219,240,3.3283727169036865,3.543647527694702,3.905200481414795,240,0.8313189744949341,0.8313819766044617,0.8317270278930664
977,240,240,93.3951416015625,93.43133544921875,93.53466796875,240,90.33892822265625,90.3662109375,90.4135971069336,240,2.882150173187256,3.0124964714050293,3.3249592781066895,240,0.8317279815673828,0.832086980342865,0.832252025604248
978,240,240,93.37519836425781,93.41079711914062,93.59444427490234,240,90.31785583496094,90.40243530273438,90.56734466552734,240,2.736236810684204,2.8331375122070312,3.030604600906372,240,0.8316199779510498,0.8321405053138733,0.8323450088500977
979,240,240,93.23416137695312,93.50641632080078,93.64563751220703,240,90.460205078125,90.5433349609375,90.62017059326172,240,2.886629343032837,3.0327677726745605,3.4282264709472656,240,0.8316180109977722,0.8320105075836182,0.8332160115242004
980,240,240,93.36659240722656,93.44895935058594,93.61373901367188,240,89.78685760498047,89.98042297363281,90.49446105957031,240,2.934849262237549,3.3224549293518066,3.5178613662719727,240,0.832427978515625,0.8331595063209534,0.8341420292854309
981,240,240,93.60743713378906,93.66486358642578,93.7983627319336,240,89.72502899169922,89.773193359375,89.8175048828125,240,2.678541898727417,2.7952980995178223,2.9389820098876953,240,0.8341559767723083,0.8345130085945129,0.8347259759902954
982,240,240,93.78096771240234,93.94208526611328,94.00092315673828,240,89.53958892822266,89.80911254882812,89.88716888427734,240,2.3614859580993652,2.7129955291748047,2.8602652549743652,240,0.8339629769325256,0.8341305255889893,0.8346760272979736
983,240,240,93.67729949951172,93.87771606445312,94.01832580566406,240,89.14181518554688,89.33025360107422,89.59739685058594,240,1.8448290824890137,2.11285138130188,2.371328353881836,240,0.833961009979248,0.8346260190010071,0.8353059887886047
984,240,240,93.10565185546875,93.34478759765625,93.67632293701172,240,89.14205169677734,89.60185241699219,90.46372985839844,240,1.246940016746521,1.737982988357544,2.2670176029205322,240,0.8337380290031433,0.8349865078926086,0.835660994052887
985,240,240,93.10824584960938,93.26734924316406,93.5702896118164,240,89.9096450805664,90.37903594970703,90.57372283935547,240,1.1506307125091553,1.3145500421524048,1.6237735748291016,240,0.8325930237770081,0.83314049243927,0.833728015422821
986,240,240,92.74168395996094,93.61692810058594,93.91508483886719,240,89.1595687866211,89.40156555175781,89.90315246582031,240,0.9709597826004028,2.159846305847168,2.665208578109741,240,0.8320950269699097,0.8339595198631287,0.8358420133590698
987,240,240,92.4317398071289,92.63579559326172,92.9302749633789,240,89.84333801269531,89.95643615722656,90.1737060546875,240,0.16668900847434998,0.374286949634552,0.9526492357254028,240,0.8353620171546936,0.8360404968261719,0.8361790180206299
988,240,240,92.9305191040039,93.32492065429688,93.78924560546875,240,89.61546325683594,89.99890899658203,90.05243682861328,240,0.2601962685585022,1.9908406734466553,3.171323537826538,240,0.8322830200195312,0.8338655233383179,0.8353549838066101
989,240,240,93.6083984375,93.72520446777344,93.80873107910156,240,89.11032104492188,89.5510025024414,89.6127700805664,240,2.085440158843994,2.9378817081451416,3.2361581325531006,240,0.8326240181922913,0.8332740068435669,0.8346070051193237
990,240,240,93.78215789794922,93.90704345703125,93.9726791381836,240,88.81141662597656,88.90240478515625,89.1042251586914,240,1.5761945247650146,1.6890490055084229,2.081118583679199,240,0.8345199823379517,0.8348654508590698,0.8354169726371765
991,240,240,93.89299011230469,94.0040054321289,94.07161712646484,240,88.98692321777344,89.163818359375,89.27964782714844,240,1.5948320627212524,1.7537921667099,2.0115888118743896,240,0.8341429829597473,0.8345664739608765,0.8350650072097778
992,240,240,93.62061309814453,93.83024597167969,93.91735076904297,240,88.78334045410156,89.00804138183594,89.16326904296875,240,1.6947745084762573,2.061892509460449,2.3032479286193848,240,0.8348050117492676,0.8351664543151855,0.8357250094413757
993,240,240,93.49667358398438,93.61019897460938,93.7054443359375,240,88.92192840576172,88.98934173583984,89.05589294433594,240,1.5854789018630981,1.7623083591461182,2.145756959915161,240,0.8347319960594177,0.8353909850120544,0.8357579708099365
994,240,240,93.66509246826172,93.7537841796875,93.8311996459961,240,88.9818115234375,89.10294342041016,89.18765258789062,240,2.0327842235565186,2.299633264541626,2.5345089435577393,240,0.83433997631073,0.8347325325012207,0.8355050086975098
995,240,240,93.50433349609375,93.68412780761719,93.77761840820312,240,88.82826232910156,88.95333099365234,89.05266571044922,240,1.6481760740280151,1.8461017608642578,2.067058801651001,240,0.8348649740219116,0.8352060317993164,0.8360620141029358
996,240,240,93.45829010009766,93.50845336914062,93.59687805175781,240,88.82212829589844,88.85392761230469,88.9438705444336,240,1.4240902662277222,1.5580867528915405,1.6614214181900024,240,0.835731029510498,0.8360445499420166,0.8362410068511963
997,240,240,93.60034942626953,93.73103332519531,93.79947662353516,240,88.9453125,89.02467346191406,89.06966400146484,240,1.513619303703308,1.8278306722640991,1.9485291242599487,240,0.8348339796066284,0.8351820111274719,0.8357200026512146
998,240,240,93.5467758178711,93.66504669189453,93.74595642089844,240,88.85321807861328,88.96502685546875,89.07555389404297,240,1.4203753471374512,1.6810355186462402,1.7837766408920288,240,0.834954023361206,0.8354159593582153,0.8360059857368469
999,240,240,93.37831115722656,93.56117248535156,93.68482971191406,240,88.72586059570312,88.83183288574219,88.90583038330078,240,1.3799844980239868,1.5023291110992432,2.006718635559082,240,0.8352320194244385,0.8357210159301758,0.8364329934120178
1000,240,240,93.35033416748047,93.44947814941406,93.65193939208984,240,88.7255859375,88.91104125976562,89.01342010498047,240,1.9627392292022705,3.012334108352661,3.2867610454559326,240,0.8340709805488586,0.8345770239830017,0.8364480137825012
1001,240,240,93.45447540283203,93.49505615234375,93.64090728759766,240,88.95985412597656,89.03030395507812,89.06713104248047,240,2.241666316986084,2.51578950881958,2.910940170288086,240,0.8339239954948425,0.8340719938278198,0.8344640135765076
1002,240,240,93.21631622314453,93.32740783691406,93.45254516601562,240,88.7809829711914,88.89666748046875,88.95933532714844,240,1.446044921875,1.8562508821487427,2.234407663345337,240,0.8344759941101074,0.8347769975662231,0.835286021232605
1003,240,240,93.21263122558594,93.4229507446289,93.63616180419922,240,88.7752456665039,88.86341857910156,89.0288314819336,240,1.4286178350448608,1.9306159019470215,2.3129146099090576,240,0.8339080214500427,0.8345304727554321,0.8352850079536438
1004,240,240,93.49270629882812,93.62081909179688,93.68950653076172,240,88.84396362304688,89.03565979003906,89.07810974121094,240,1.9983136653900146,2.268570899963379,2.3684377670288086,240,0.8338019847869873,0.8341649770736694,0.834792971611023
1005,240,240,93.44566345214844,93.50801086425781,93.5416488647461,240,88.7228012084961,88.81175231933594,88.88581085205078,240,1.6305087804794312,1.9581472873687744,2.0304722785949707,240,0.8345140218734741,0.8347659707069397,0.8352289795875549
1006,240,240,93.36289978027344,93.45899963378906,93.6734619140625,240,88.66526794433594,88.75387573242188,88.97408294677734,240,1.5589667558670044,1.9456121921539307,2.564145565032959,240,0.8340719938278198,0.8351185321807861,0.8356770277023315
1007,240,240,93.61333465576172,93.751708984375,93.8105697631836,240,88.90167236328125,89.06940460205078,89.15441131591797,240,2.3652126789093018,2.56952166557312,2.746661901473999,240,0.8331599831581116,0.833640456199646,0.8344020247459412
1008,240,240,93.2817611694336,93.42181396484375,93.63273620605469,240,88.58766174316406,88.76509094238281,88.9174575805664,240,1.9945882558822632,2.153541326522827,2.442643165588379,240,0.8343409895896912,0.8350554704666138,0.8356559872627258
1009,240,240,93.25088500976562,93.3236083984375,93.51981353759766,240,88.6224136352539,88.68388366699219,88.94029998779297,240,2.1491291522979736,2.6399307250976562,2.9065656661987305,240,0.8341709971427917,0.8348399996757507,0.8352929949760437
1010,240,240,93.1243896484375,93.2927474975586,93.5378646850586,240,88.94210052490234,89.158935546875,89.23413848876953,240,2.8823540210723877,3.6609160900115967,3.919215679168701,240,0.8339970111846924,0.8341879844665527,0.8344089984893799
1011,240,240,93.06602478027344,93.12107849121094,93.18666076660156,240,88.71382904052734,89.06002807617188,89.14952087402344,240,3.325430154800415,3.435157537460327,3.872267484664917,240,0.8344110250473022,0.8348144888877869,0.8362089991569519
1012,240,240,93.1760482788086,93.31405639648438,93.36703491210938,240,88.5556411743164,88.67121887207031,88.71217346191406,240,3.4191339015960693,3.7043304443359375,3.8272523880004883,240,0.835722029209137,0.8361040353775024,0.8364949822425842
1013,240,240,93.05464935302734,93.1348876953125,93.21837615966797,240,88.71204376220703,88.79367065429688,88.92002868652344,240,3.831496000289917,4.382062911987305,4.4652814865112305,240,0.8351989984512329,0.8357000350952148,0.8357869982719421
1014,240,240,93.21862030029297,93.48159790039062,93.6923599243164,240,88.69676971435547,88.85006713867188,88.9383773803711,240,3.8784830570220947,4.103935718536377,4.459750652313232,240,0.8350949883460999,0.8353105187416077,0.8354520201683044
1015,240,240,93.13285827636719,93.47308349609375,93.69276428222656,240,88.6838150024414,88.70672607421875,88.84355163574219,240,3.6944854259490967,3.824411153793335,3.9175162315368652,240,0.8354309797286987,0.8357800245285034,0.8359000086784363
1016,240,240,93.07393646240234,93.08766174316406,93.15774536132812,240,88.74115753173828,88.77702331542969,88.83404541015625,240,3.7551493644714355,3.8555688858032227,3.9384050369262695,240,0.8357710242271423,0.8358740210533142,0.8359479904174805
1017,240,240,93.04945373535156,93.22058868408203,93.32693481445312,240,88.50469970703125,88.5474853515625,88.7455825805664,240,3.871964454650879,4.488993167877197,4.755304336547852,240,0.8357980251312256,0.8377125263214111,0.837939977645874
1018,240,240,92.75875091552734,93.04380798339844,93.30851745605469,240,88.43030548095703,88.51318359375,88.609619140625,240,4.755757808685303,4.8980302810668945,4.9851908683776855,240,0.8375179767608643,0.8378385305404663,0.8383849859237671
1019,240,240,92.73139190673828,92.75750732421875,92.89817810058594,240,88.31256103515625,88.45046997070312,88.47306823730469,240,4.67725944519043,4.868181228637695,4.932169437408447,240,0.8383020162582397,0.8385394811630249,0.8395220041275024
1020,240,240,92.90080261230469,93.01629638671875,93.09635162353516,240,88.33943176269531,88.42848205566406,88.54537963867188,240,4.676924228668213,4.947894096374512,5.431520462036133,240,0.8375430107116699,0.8381519913673401,0.8392189741134644
1021,240,240,92.79286193847656,92.9193115234375,93.05363464355469,240,88.29159545898438,88.42303466796875,88.58660125732422,240,4.975159645080566,5.467442989349365,6.031336784362793,240,0.8375679850578308,0.8385825157165527,0.8394349813461304
1022,240,240,92.82266235351562,93.01036834716797,93.04408264160156,240,88.04576110839844,88.24577331542969,88.39263916015625,240,4.618381977081299,4.785630226135254,4.968578815460205,240,0.8386210203170776,0.8391364812850952,0.8396130204200745
1023,240,240,92.81532287597656,92.95237731933594,93.06472778320312,240,88.0491943359375,88.3140640258789,88.37671661376953,240,4.628973484039307,5.675230979919434,5.988443851470947,240,0.8383769989013672,0.838808000087738,0.8396099805831909
1024,240,240,92.94584655761719,92.96537017822266,93.0276870727539,240,88.37812805175781,88.42721557617188,88.4543685913086,240,5.845428943634033,5.943545341491699,6.049445629119873,240,0.8381509780883789,0.838271975517273,0.8383740186691284
1025,240,240,92.8480224609375,92.87940216064453,92.94583129882812,240,88.33750915527344,88.37474060058594,88.39884185791016,240,5.654160976409912,5.765020370483398,5.845629692077637,240,0.8383020162582397,0.8385109901428223,0.8386520147323608
1026,240,240,92.8519058227539,92.95109558105469,93.08837127685547,240,88.3403549194336,88.4107894897461,88.42549896240234,240,5.65544319152832,5.7233076095581055,5.841471195220947,240,0.8381649851799011,0.8383255004882812,0.8386449813842773
1027,240,240,93.08934783935547,93.13282775878906,93.17645263671875,240,88.06709289550781,88.30581665039062,88.40515899658203,240,5.261905670166016,5.623122215270996,5.816957473754883,240,0.8381659984588623,0.8383544683456421,0.8389899730682373
1028,240,240,92.42637634277344,92.64092254638672,93.1524887084961,240,87.76338195800781,87.98292541503906,88.14701080322266,240,2.0874102115631104,3.6755056381225586,5.416092395782471,240,0.8383190035820007,0.8392900228500366,0.8403850197792053
1029,240,240,92.47158813476562,92.78829193115234,92.85478973388672,240,88.15193176269531,88.31462860107422,88.39608001708984,240,1.8786776065826416,2.1347358226776123,2.391874313354492,240,0.8371700048446655,0.8373395204544067,0.8382890224456787
1030,240,240,92.82810974121094,92.92153930664062,93.01568603515625,240,88.2996597290039,88.37409973144531,88.42782592773438,240,2.3465194702148438,2.528555154800415,2.7390971183776855,240,0.8373450040817261,0.8375470042228699,0.8378900289535522
1031,240,240,92.72672271728516,92.87535095214844,92.9986801147461,240,88.12643432617188,88.22515869140625,88.29857635498047,240,2.0500409603118896,2.308806896209717,2.504209041595459,240,0.8377439975738525,0.8383255004882812,0.8389440178871155
1032,240,240,92.68609619140625,92.71875,92.81600952148438,240,88.10025024414062,88.12672424316406,88.24340057373047,240,1.7916584014892578,1.9406788349151611,2.140460252761841,240,0.8383780121803284,0.838876485824585,0.8390399813652039
1033,240,240,92.72966003417969,92.8637466430664,92.90791320800781,240,88.24620819091797,88.31806182861328,88.34552001953125,240,1.981594204902649,2.300696849822998,2.4172701835632324,240,0.8378959894180298,0.8380789756774902,0.8383730053901672
1034,240,240,92.65694427490234,92.67982482910156,92.72804260253906,240,88.15846252441406,88.21910095214844,88.28140258789062,240,2.184715509414673,2.344642162322998,2.466168165206909,240,0.8380259871482849,0.8382095098495483,0.8383820056915283
1035,240,240,92.4431381225586,92.54947662353516,92.66793060302734,240,88.03169250488281,88.11119079589844,88.1626968383789,240,1.7585843801498413,1.882267713546753,2.1821160316467285,240,0.838316023349762,0.8386639952659607,0.8389989733695984
1036,240,240,92.39051818847656,92.55479431152344,92.6881103515625,240,88.0708236694336,88.25470733642578,88.42892456054688,240,1.819406509399414,2.28550386428833,2.59367036819458,240,0.8375489711761475,0.8383079767227173,0.8390399813652039
1037,240,240,92.40402221679688,92.46134948730469,92.71337127685547,240,88.19853210449219,88.39187622070312,88.43927001953125,240,1.9828778505325317,2.3452680110931396,2.5967626571655273,240,0.8374500274658203,0.8377059698104858,0.8382629752159119
1038,240,240,92.27535247802734,92.32469940185547,92.43087005615234,240,88.03670501708984,88.1131362915039,88.19880676269531,240,1.7826793193817139,1.8863704204559326,2.0090577602386475,240,0.8382019996643066,0.8384695053100586,0.838683009147644
1039,240,240,92.27290344238281,92.44381713867188,92.5978012084961,240,88.10736083984375,88.22477722167969,88.34667205810547,240,1.7452913522720337,1.9503355026245117,2.5054593086242676,240,0.8374390006065369,0.8379664421081543,0.8385310173034668
1040,240,240,92.55164337158203,92.6044921875,92.63213348388672,240,88.30262756347656,88.36935424804688,88.4244613647461,240,2.3926920890808105,2.510688066482544,2.6164369583129883,240,0.8371359705924988,0.8373129963874817,0.8375189900398254
1041,240,240,92.36782836914062,92.480712890625,92.55586242675781,240,88.13723754882812,88.21392822265625,88.33872985839844,240,1.8856441974639893,2.0818238258361816,2.4019181728363037,240,0.8375219702720642,0.8379285335540771,0.8385720252990723
1042,240,240,92.30431365966797,92.375,92.58646392822266,240,88.01985168457031,88.06436157226562,88.13998413085938,240,1.5492708683013916,1.8005385398864746,2.296268939971924,240,0.8381670117378235,0.8386449813842773,0.8388990163803101
1043,240,240,92.54489135742188,92.65428161621094,92.69463348388672,240,88.14213562011719,88.32899475097656,88.43049621582031,240,2.2703821659088135,2.5152835845947266,2.6066184043884277,240,0.8373990058898926,0.8377079963684082,0.8381569981575012
1044,240,240,92.29792785644531,92.40408325195312,92.54413604736328,240,87.95806884765625,88.04856872558594,88.35742950439453,240,1.9972360134124756,2.313887119293213,2.567349672317505,240,0.8378890156745911,0.8385704755783081,0.8391240239143372
1045,240,240,92.27849578857422,92.41278839111328,92.5102310180664,240,87.87709045410156,87.95306396484375,88.12939453125,240,2.0845015048980713,2.2598838806152344,2.5429129600524902,240,0.8382980227470398,0.838828980922699,0.8393319845199585
1046,240,240,92.28726959228516,92.66596984863281,92.79817199707031,240,88.00761413574219,88.16026306152344,88.54838562011719,240,1.7273707389831543,2.7944231033325195,3.1549839973449707,240,0.8379219770431519,0.8382694721221924,0.8386080265045166
1047,240,240,92.29059600830078,92.43315124511719,92.47013854980469,240,88.07392883300781,88.39631652832031,88.56587219238281,240,1.6323081254959106,1.723344087600708,2.0179998874664307,240,0.8378850221633911,0.8381220102310181,0.8385800123214722
1048,240,240,91.47638702392578,92.55242156982422,93.05303192138672,240,87.17285919189453,87.95682525634766,89.16738891601562,240,2.028543472290039,2.9713735580444336,3.8152098655700684,240,0.8372129797935486,0.8382915258407593,0.8408989906311035
1049,240,240,91.47293090820312,91.79290771484375,91.90625762939453,240,89.1788330078125,89.38734436035156,89.48282623291016,240,2.762366533279419,2.9520742893218994,3.0267913341522217,240,0.8382610082626343,0.8387914896011353,0.8399869799613953
1050,240,240,91.85429382324219,92.161865234375,92.81200408935547,240,88.18240356445312,88.73330688476562,89.47798156738281,240,2.7560529708862305,2.8729662895202637,3.2958621978759766,240,0.8371400237083435,0.8382240533828735,0.8389890193939209
1051,240,240,92.80303192138672,93.06778717041016,93.19721221923828,240,87.66117858886719,87.8448715209961,88.17705535888672,240,3.3046419620513916,3.4810469150543213,3.596190929412842,240,0.837103009223938,0.8378289937973022,0.838208019733429
1052,240,240,92.66117858886719,92.98640441894531,93.17860412597656,240,88.0967025756836,88.2808609008789,88.50267028808594,240,3.2909281253814697,3.6919140815734863,3.759735584259033,240,0.8358479738235474,0.8369690179824829,0.8378689885139465
1053,240,240,92.4634017944336,92.71385192871094,92.810302734375,240,88.15803527832031,88.4683837890625,88.560791015625,240,2.8583483695983887,2.9293746948242188,3.2853312492370605,240,0.8378900289535522,0.8382980227470398,0.8391299843788147
1054,240,240,92.63985443115234,92.75372314453125,92.82373046875,240,88.03865814208984,88.08586120605469,88.22416687011719,240,2.483173370361328,2.7593889236450195,2.900970458984375,240,0.8386200070381165,0.8391405344009399,0.8394439816474915
1055,240,240,92.5511474609375,92.83358764648438,93.0686264038086,240,88.21882629394531,88.39750671386719,88.68775177001953,240,1.78870689868927,2.459771156311035,2.54683518409729,240,0.8376219868659973,0.8380575180053711,0.8386170268058777
1056,240,240,92.38648986816406,92.4399185180664,92.55044555664062,240,88.52564239501953,88.60856628417969,88.68379211425781,240,1.2583438158035278,1.5726518630981445,1.7871744632720947,240,0.8374509811401367,0.8379260301589966,0.8383299708366394
1057,240,240,92.28352355957031,92.37213134765625,92.4094009399414,240,88.06139373779297,88.41828918457031,88.570556640625,240,0.9962258338928223,1.0912774801254272,1.2574102878570557,240,0.8377349972724915,0.8385704755783081,0.8398249745368958
1058,240,240,92.30032348632812,92.41691589355469,92.60891723632812,240,87.98075103759766,88.13348388671875,88.31666564941406,240,0.9938659071922302,1.1962389945983887,1.9527428150177002,240,0.838441014289856,0.8392565250396729,0.8399739861488342
1059,240,240,92.59822845458984,92.64859008789062,92.71891021728516,240,88.23126983642578,88.32662200927734,88.37481689453125,240,1.9537447690963745,1.9743218421936035,2.114795684814453,240,0.8384259939193726,0.8389574885368347,0.8392390012741089
1060,240,240,92.48652648925781,92.5990982055664,92.6633071899414,240,88.15760803222656,88.19671630859375,88.2490234375,240,1.637813687324524,1.7210144996643066,1.9542454481124878,240,0.8390849828720093,0.8392125368118286,0.839398980140686
1061,240,240,92.48274230957031,92.48965454101562,92.50274658203125,240,88.16926574707031,88.18258666992188,88.20418548583984,240,1.431901454925537,1.5265570878982544,1.6379331350326538,240,0.8390169739723206,0.8390790224075317,0.8391379714012146
1062,240,240,92.41447448730469,92.49343872070312,92.59327697753906,240,87.82866668701172,88.12530517578125,88.20899963378906,240,0.8780414462089539,1.167428970336914,1.4305342435836792,240,0.8391100168228149,0.8395689725875854,0.8409109711647034
1063,240,240,92.54215240478516,92.62681579589844,92.7221450805664,240,87.76008605957031,87.91307067871094,88.0643081665039,240,1.027743935585022,1.166841745376587,1.3487168550491333,240,0.8397589921951294,0.8404680490493774,0.8410999774932861
1064,240,240,92.72252655029297,92.81158447265625,92.86433410644531,240,88.06455993652344,88.12022399902344,88.25840759277344,240,1.069177269935608,1.2408041954040527,1.4126389026641846,240,0.8388230204582214,0.8395345211029053,0.8398249745368958
1065,240,240,92.49100494384766,92.5888671875,92.81637573242188,240,88.05966186523438,88.17730712890625,88.23847961425781,240,1.166675090789795,1.2627671957015991,1.4533343315124512,240,0.8396300077438354,0.840457022190094,0.8407809734344482
1066,240,240,92.63360595703125,92.73257446289062,92.82865142822266,240,88.0237045288086,88.0804443359375,88.20759582519531,240,1.4593809843063354,1.9306185245513916,2.2985692024230957,240,0.8402829766273499,0.8405929803848267,0.8408979773521423
1067,240,240,92.83157348632812,93.15804290771484,93.25111389160156,240,88.08855438232422,88.22676086425781,88.2778091430664,240,2.306814193725586,2.8457534313201904,2.9936249256134033,240,0.8392509818077087,0.8395649790763855,0.8405629992485046
1068,240,240,92.8165283203125,92.87005615234375,93.15283966064453,240,88.11800384521484,88.20364379882812,88.2674789428711,240,2.28713059425354,2.550675392150879,2.876439332962036,240,0.8395400047302246,0.8398674726486206,0.8404269814491272
1069,240,240,92.36297607421875,92.7568359375,92.85685729980469,240,87.887451171875,87.962890625,88.1164321899414,240,1.8696973323822021,2.18601131439209,2.292515277862549,240,0.8401830196380615,0.8408520221710205,0.8412140011787415
1070,240,240,92.43359375,92.8609619140625,93.10308074951172,240,88.01348876953125,88.18414306640625,88.24925231933594,240,1.8715806007385254,2.7037806510925293,2.9383156299591064,240,0.8392350077629089,0.8393664956092834,0.8407890200614929
1071,240,240,92.72813415527344,92.93307495117188,93.0580825805664,240,87.9437026977539,88.12886047363281,88.19921875,240,2.236159086227417,2.4619979858398438,2.8202226161956787,240,0.8394200205802917,0.839835524559021,0.8406010270118713
1072,240,240,92.39193725585938,92.66082763671875,92.72461700439453,240,87.83949279785156,87.94657897949219,88.0164794921875,240,2.123476982116699,2.2280917167663574,2.55979061126709,240,0.8400989770889282,0.8402910232543945,0.8409789800643921
1073,240,240,92.41197967529297,92.59453582763672,92.93618774414062,240,88.00115966796875,88.18772888183594,88.44599151611328,240,2.449045181274414,2.887239456176758,3.560074806213379,240,0.839352011680603,0.8397574424743652,0.8408330082893372
1074,240,240,92.85982513427734,93.01593017578125,93.09165954589844,240,88.04705810546875,88.09489440917969,88.34882354736328,240,3.2057676315307617,3.4807639122009277,3.699040651321411,240,0.8390309810638428,0.8392680287361145,0.8398579955101013
1075,240,240,92.74225616455078,92.81741333007812,92.85777282714844,240,87.6866683959961,87.86913299560547,88.09195709228516,240,3.5736334323883057,3.7134106159210205,3.8472557067871094,240,0.8398669958114624,0.8404355049133301,0.8409389853477478
1076,240,240,92.69510650634766,92.74229431152344,92.8024673461914,240,87.687255859375,87.76795196533203,87.9229965209961,240,3.140493154525757,3.2642874717712402,3.633025646209717,240,0.8405060172080994,0.8409439921379089,0.8411440253257751
1077,240,240,92.22702026367188,92.37078857421875,92.78318786621094,240,87.6347885131836,87.73458099365234,88.19274139404297,240,1.7384380102157593,3.556497573852539,3.912264347076416,240,0.8399930000305176,0.8417694568634033,0.842602014541626
1078,240,240,92.09493255615234,92.2498779296875,92.37064361572266,240,87.73135375976562,87.89363098144531,88.19702911376953,240,0.4489338994026184,1.2732586860656738,1.7170300483703613,240,0.8399590253829956,0.840599536895752,0.8411309719085693
1079,240,240,91.43335723876953,91.78882598876953,92.27225494384766,240,87.74618530273438,87.88529968261719,88.11096954345703,240,0.4865826368331909,1.900724172592163,2.8412444591522217,240,0.840021014213562,0.8419619798660278,0.8439850211143494
1080,240,240,91.57862854003906,91.80464172363281,92.09600830078125,240,87.68473052978516,87.92897033691406,88.08463287353516,240,1.5475016832351685,2.0233240127563477,2.2776119709014893,240,0.8396099805831909,0.8406234979629517,0.8412100076675415
1081,240,240,91.6825942993164,91.9072265625,92.0512924194336,240,88.09037780761719,88.47506713867188,88.57041931152344,240,0.6906883120536804,0.8411641716957092,1.5393868684768677,240,0.839372992515564,0.8396104574203491,0.8399879932403564
1082,240,240,91.40982818603516,91.63688659667969,92.2981185913086,240,87.76893615722656,88.44477844238281,88.60281372070312,240,0.2776586413383484,0.6194459795951843,1.561600685119629,240,0.839900016784668,0.8402900099754333,0.8413059711456299
1083,240,240,92.223876953125,92.37533569335938,92.44528198242188,240,87.30365753173828,87.39582824707031,87.75608825683594,240,1.5745795965194702,2.099235773086548,2.380143880844116,240,0.8398969769477844,0.8405929803848267,0.841090977191925
1084,240,240,92.10419464111328,92.16040802001953,92.27023315429688,240,87.22303771972656,87.2742919921875,87.5967788696289,240,1.4731277227401733,1.6305687427520752,1.8029826879501343,240,0.8406410217285156,0.8412885069847107,0.8416619896888733
1085,240,240,92.1112289428711,92.26145935058594,92.34054565429688,240,87.59896850585938,87.76374053955078,87.80738067626953,240,1.5293110609054565,1.659181833267212,1.7674647569656372,240,0.8400059938430786,0.840192973613739,0.8406999707221985
1086,240,240,92.10877227783203,92.2562484741211,92.32145690917969,240,87.43778991699219,87.56735229492188,87.7596206665039,240,1.1969759464263916,1.412015438079834,1.5522994995117188,240,0.8402140140533447,0.8408575057983398,0.8415589928627014
1087,240,240,91.62444305419922,91.77131652832031,92.10716247558594,240,87.43657684326172,87.8046875,87.97964477539062,240,0.8388347029685974,0.9893242120742798,1.2056093215942383,240,0.8400949835777283,0.8412455320358276,0.8415409922599792
1088,240,240,91.64032745361328,91.74140167236328,91.79373168945312,240,87.88265991210938,87.9381332397461,88.00132751464844,240,0.5747125744819641,0.8001507520675659,1.1118834018707275,240,0.8408539891242981,0.8411099910736084,0.8412719964981079
1089,240,240,91.6019515991211,91.97288513183594,92.04151153564453,240,87.3296890258789,87.77679443359375,87.91778564453125,240,0.01978234015405178,0.5453630685806274,0.8299229741096497,240,0.8408129811286926,0.841233491897583,0.842648983001709
1090,240,240,91.70389556884766,92.12394714355469,92.25936126708984,240,87.36698913574219,87.51583862304688,87.707763671875,240,0.8432552218437195,1.6677112579345703,1.8063443899154663,240,0.8409169912338257,0.8411999940872192,0.8433769941329956
1091,240,240,92.05693054199219,92.11212921142578,92.14657592773438,240,87.60392761230469,87.70781707763672,87.85728454589844,240,1.7697882652282715,2.1084930896759033,2.1721372604370117,240,0.8410130143165588,0.8411170244216919,0.8413159847259521
1092,240,240,91.8844985961914,92.00533294677734,92.11600494384766,240,87.70672607421875,87.81121826171875,87.8810043334961,240,1.6057157516479492,1.9584453105926514,2.149857521057129,240,0.8411369919776917,0.8415765166282654,0.8420910239219666
1093,240,240,91.80846405029297,92.04901885986328,92.14006042480469,240,87.31130981445312,87.56582641601562,87.70919799804688,240,1.1785236597061157,1.6329673528671265,1.7493236064910889,240,0.8416320085525513,0.8420720100402832,0.8424460291862488
1094,240,240,91.79792785644531,91.87332153320312,91.91946411132812,240,87.31597137451172,87.57815551757812,87.62749481201172,240,1.0555469989776611,1.3980164527893066,1.5969165563583374,240,0.8409789800643921,0.8412635326385498,0.8422589898109436
1095,240,240,91.73375701904297,91.94136047363281,91.97539520263672,240,87.53865051269531,87.58390045166016,87.69257354736328,240,1.3888895511627197,1.6466319561004639,1.7069708108901978,240,0.8404520153999329,0.8408474922180176,0.841618001461029
1096,240,240,91.91064453125,92.01388549804688,92.07671356201172,240,87.38874053955078,87.46592712402344,87.69556427001953,240,1.458441972732544,1.8029282093048096,1.9027947187423706,240,0.8408870100975037,0.8411694765090942,0.8416680097579956
1097,240,240,91.89627075195312,91.94329833984375,91.9937515258789,240,87.38485717773438,87.4501953125,87.51756286621094,240,1.7076584100723267,1.7713910341262817,1.8537187576293945,240,0.8413580060005188,0.8415830135345459,0.8417630195617676
1098,240,240,91.9959716796875,92.11405944824219,92.17752838134766,240,87.51012420654297,87.58845520019531,87.65315246582031,240,1.8022226095199585,2.0316286087036133,2.14365816116333,240,0.8408570289611816,0.8409680128097534,0.8413500189781189
1099,240,240,92.01947784423828,92.14166259765625,92.19914245605469,240,87.48074340820312,87.56726837158203,87.63656616210938,240,1.7759699821472168,1.9330496788024902,2.103661060333252,240,0.8408460021018982,0.8412225246429443,0.8419250249862671
1100,240,240,92.01555633544922,92.06072235107422,92.15503692626953,240,87.4033432006836,87.46025085449219,87.49665832519531,240,1.7461881637573242,1.8475322723388672,1.944909691810608,240,0.8417789936065674,0.842054009437561,0.8425019979476929
1101,240,240,92.15464782714844,92.22051239013672,92.27067565917969,240,87.48854064941406,87.59898376464844,87.6593017578125,240,1.9472225904464722,2.1282644271850586,2.2050464153289795,240,0.8417410254478455,0.8418905138969421,0.8422539830207825
1102,240,240,92.01725769042969,92.17770385742188,92.25468444824219,240,87.32197570800781,87.4678955078125,87.59162139892578,240,1.6750292778015137,1.7627525329589844,2.0126588344573975,240,0.8418700098991394,0.8423410058021545,0.8431379795074463
1103,240,240,91.8631820678711,92.03648376464844,92.14380645751953,240,87.25071716308594,87.39163970947266,87.60601806640625,240,1.6750292778015137,1.7813613414764404,1.885332703590393,240,0.8420100212097168,0.8426629900932312,0.8435109853744507
1104,240,240,92.03189849853516,92.11141967773438,92.19121551513672,240,87.60684967041016,87.76863098144531,87.89347839355469,240,1.8699065446853638,2.2195990085601807,2.41605544090271,240,0.8412830233573914,0.8414610028266907,0.8420299887657166
1105,240,240,92.13093566894531,92.2093505859375,92.35818481445312,240,87.40374755859375,87.77583312988281,87.88223266601562,240,2.1641032695770264,2.250422716140747,2.5937459468841553,240,0.8413280248641968,0.8417179584503174,0.8424860239028931
1106,240,240,92.34060668945312,92.40806579589844,92.49971008300781,240,87.14656829833984,87.236083984375,87.39901733398438,240,2.599625587463379,2.988814353942871,3.1303155422210693,240,0.842510998249054,0.843435525894165,0.8435930013656616
1107,240,240,92.50492858886719,92.68853759765625,92.84807586669922,240,87.34292602539062,87.44760131835938,87.60391235351562,240,2.968078374862671,3.04953670501709,3.168111562728882,240,0.8422060012817383,0.8427900075912476,0.8432459831237793
1108,240,240,92.58956146240234,92.69374084472656,92.81451416015625,240,87.36126708984375,87.45436096191406,87.53755950927734,240,2.979269504547119,3.1348776817321777,3.2641680240631104,240,0.8425009846687317,0.8431254625320435,0.8435760140419006
1109,240,240,92.28754425048828,92.3378677368164,92.58783721923828,240,87.12377166748047,87.21351623535156,87.39613342285156,240,2.564451217651367,2.6859488487243652,2.9749298095703125,240,0.8435419797897339,0.8445519804954529,0.8448879718780518
1110,240,240,92.323974609375,92.47150421142578,92.72370147705078,240,87.1088638305664,87.20681762695312,87.42828369140625,240,2.5642220973968506,3.069434881210327,3.7541065216064453,240,0.8414369821548462,0.8441480398178101,0.8446699976921082
1111,240,240,92.19017791748047,92.37477111816406,92.6568832397461,240,87.43449401855469,87.73936462402344,87.91937255859375,240,2.1734886169433594,2.56398606300354,3.5951011180877686,240,0.8411679863929749,0.8414465188980103,0.842628002166748
1112,240,240,92.34207916259766,92.3956527709961,92.43343353271484,240,87.33190155029297,87.40736389160156,87.54585266113281,240,2.540140390396118,2.6421210765838623,2.695733070373535,240,0.8424010276794434,0.8426965475082397,0.8428570032119751
1113,240,240,92.11608123779297,92.33018493652344,92.38597106933594,240,87.08348083496094,87.25019836425781,87.41203308105469,240,2.3026528358459473,2.5476038455963135,3.0840070247650146,240,0.8416910171508789,0.8427519798278809,0.8432790040969849
1114,240,240,91.92939758300781,92.02082824707031,92.11295318603516,240,87.37738800048828,88.214111328125,88.33525848388672,240,3.1037487983703613,3.840480327606201,4.185538291931152,240,0.8375949859619141,0.8382099866867065,0.8416759967803955
1115,240,240,91.81017303466797,91.86408996582031,92.31942749023438,240,87.3033676147461,87.57608032226562,88.27642059326172,240,2.085064649581909,2.798306465148926,4.029293537139893,240,0.8381549715995789,0.8418200016021729,0.8432139754295349
1116,240,240,92.29480743408203,92.39543151855469,92.42521667480469,240,87.24542236328125,87.30429077148438,87.39856719970703,240,4.007216930389404,4.407888412475586,4.566859722137451,240,0.8416690230369568,0.8418154716491699,0.8422120213508606
1117,240,240,92.3213882446289,92.47441101074219,92.60638427734375,240,87.28656768798828,87.35759735107422,87.45189666748047,240,3.306833028793335,3.603152275085449,4.00213098526001,240,0.8415849804878235,0.8419604897499084,0.8423349857330322
1118,240,240,92.45516204833984,92.56455993652344,92.616455078125,240,87.21438598632812,87.40911865234375,87.49369049072266,240,3.1932852268218994,3.282230854034424,3.4871158599853516,240,0.8416479825973511,0.8422855138778687,0.8430179953575134
1119,240,240,92.38661193847656,92.42599487304688,92.50800323486328,240,87.03746795654297,87.05410766601562,87.21239471435547,240,3.483520984649658,3.5426254272460938,3.6023917198181152,240,0.8430299758911133,0.8434554934501648,0.843621015548706
1120,240,240,92.20939636230469,92.30363464355469,92.50377655029297,240,86.89286804199219,87.00782775878906,87.28911590576172,240,2.68029522895813,3.373185157775879,3.635826826095581,240,0.8421750068664551,0.8433169722557068,0.8437849879264832
1121,240,240,92.42548370361328,92.66098022460938,92.80774688720703,240,87.2771224975586,87.36802673339844,87.46760559082031,240,2.77022123336792,2.926600217819214,3.122488498687744,240,0.8413670063018799,0.8417065143585205,0.8421630263328552
1122,240,240,92.33013916015625,92.47570037841797,92.5649185180664,240,86.99493408203125,87.08463287353516,87.27699279785156,240,3.109483480453491,3.6234731674194336,3.826228618621826,240,0.8416919708251953,0.8426694869995117,0.8431389927864075
1123,240,240,92.26110076904297,92.31649017333984,92.36467742919922,240,86.89473724365234,86.95205688476562,87.01677703857422,240,3.605325937271118,3.7848849296569824,3.840939521789551,240,0.8430860042572021,0.843266487121582,0.8434810042381287
1124,240,240,92.26703643798828,92.4561767578125,92.63096618652344,240,86.90052032470703,87.05642700195312,87.27627563476562,240,3.512904644012451,3.702268362045288,3.7355966567993164,240,0.841916024684906,0.8428000211715698,0.8434730172157288
1125,240,240,92.54510498046875,92.61471557617188,92.6650161743164,240,87.1341781616211,87.21603393554688,87.31143951416016,240,3.5019636154174805,3.6200406551361084,3.6883857250213623,240,0.8418920040130615,0.8422459959983826,0.8424990177154541
1126,240,240,92.42877960205078,92.48457336425781,92.54351043701172,240,87.01437377929688,87.08798217773438,87.13479614257812,240,3.556718349456787,3.596816062927246,3.614654541015625,240,0.8425040245056152,0.8427850008010864,0.8429780006408691
1127,240,240,92.41534423828125,92.45985412597656,92.52983856201172,240,86.96327209472656,87.01014709472656,87.10955047607422,240,3.4960319995880127,3.554818630218506,3.628819227218628,240,0.8425670266151428,0.8428704738616943,0.8430690169334412
1128,240,240,92.52685546875,92.59927368164062,92.636474609375,240,87.11031341552734,87.17025756835938,87.20177459716797,240,3.2815749645233154,3.3494815826416016,3.526810646057129,240,0.8422219753265381,0.8422750234603882,0.8425629734992981
1129,240,240,92.4652328491211,92.55851745605469,92.61260986328125,240,86.99909210205078,87.03923034667969,87.11041259765625,240,3.281515121459961,3.511176109313965,3.568260431289673,240,0.8424620032310486,0.8426965475082397,0.8428850173950195
1130,240,240,92.41220092773438,92.43974304199219,92.59471130371094,240,86.91078186035156,86.94175720214844,87.04020690917969,240,3.229133129119873,3.343865394592285,3.4509384632110596,240,0.842399001121521,0.843037486076355,0.8431900143623352
1131,240,240,92.59698486328125,92.7472915649414,92.83927154541016,240,87.04216003417969,87.23771667480469,87.32115936279297,240,3.207965612411499,3.279784679412842,3.4542274475097656,240,0.8410680294036865,0.8414820432662964,0.8423889875411987
1132,240,240,92.60428619384766,92.7838134765625,92.86871337890625,240,86.91101837158203,87.26559448242188,87.31883239746094,240,3.31823992729187,3.4027748107910156,4.183948040008545,240,0.8405519723892212,0.8407984972000122,0.8411399722099304
1133,240,240,91.31474304199219,91.79537963867188,92.60179138183594,240,86.38330078125,86.68870544433594,87.75302124023438,240,4.215610504150391,5.679103374481201,6.340287208557129,240,0.8400530219078064,0.8417179584503174,0.8438590168952942
1134,240,240,91.31390380859375,91.87710571289062,92.39228820800781,240,87.14704895019531,87.4388427734375,87.71101379394531,240,3.7947795391082764,4.276083946228027,4.953651428222656,240,0.8385840058326721,0.8394734859466553,0.8411210179328918
1135,240,240,91.45159149169922,91.51181030273438,91.6366195678711,240,86.8888931274414,87.07975006103516,87.56940460205078,240,3.203751802444458,3.5203371047973633,4.954402923583984,240,0.8397790193557739,0.8404139876365662,0.8409469723701477
1136,91,91,91.48928833007812,91.65066528320312,91.78141021728516,91,86.54000854492188,86.74224090576172,86.88629150390625,91,3.4855434894561768,3.638518810272217,3.670025110244751,91,0.8408949971199036,0.8409439921379089,0.8419979810714722
