source,subject,setting,region,frame_a,frame_b,current_max_rotation_deg,current_max_acc_difference_m_s2,reference_pose_gap_deg,large_pose_gap
/home/duanyuhan/dyh/motion/MotionRe/base_mobileposer/data/raw/DIP_IMU/s_07/01.pkl,s_07,primary,hip_knee,420,810,7.363037632495359,0.7827645134626039,7.838467725385801,False
/home/duanyuhan/dyh/motion/MotionRe/base_mobileposer/data/raw/DIP_IMU/s_07/01.pkl,s_07,primary,spine,420,810,7.363037632495359,0.7827645134626039,2.045279195908843,False
/home/duanyuhan/dyh/motion/MotionRe/base_mobileposer/data/raw/DIP_IMU/s_07/01.pkl,s_07,primary,hip_knee,510,900,6.47339271641698,0.8474201076740259,2.0103184374529213,False
/home/duanyuhan/dyh/motion/MotionRe/base_mobileposer/data/raw/DIP_IMU/s_07/01.pkl,s_07,primary,spine,510,900,6.47339271641698,0.8474201076740259,0.7501305079636227,False
/home/duanyuhan/dyh/motion/MotionRe/base_mobileposer/data/raw/DIP_IMU/s_07/01.pkl,s_07,primary,hip_knee,510,1080,7.425477510381531,0.7019643388593249,2.6067115405505716,False
/home/duanyuhan/dyh/motion/MotionRe/base_mobileposer/data/raw/DIP_IMU/s_07/01.pkl,s_07,primary,spine,510,1080,7.425477510381531,0.7019643388593249,0.8332849774715526,False
/home/duanyuhan/dyh/motion/MotionRe/base_mobileposer/data/raw/DIP_IMU/s_07/01.pkl,s_07,primary,hip_knee,510,1740,8.987642861520502,0.8195861807800736,2.083665210865474,False
/home/duanyuhan/dyh/motion/MotionRe/base_mobileposer/data/raw/DIP_IMU/s_07/01.pkl,s_07,primary,spine,510,1740,8.987642861520502,0.8195861807800736,0.5244666736291721,False
/home/duanyuhan/dyh/motion/MotionRe/base_mobileposer/data/raw/DIP_IMU/s_07/01.pkl,s_07,primary,hip_knee,540,930,6.888170414306085,0.861073602339324,2.6659399950290945,False
/home/duanyuhan/dyh/motion/MotionRe/base_mobileposer/data/raw/DIP_IMU/s_07/01.pkl,s_07,primary,spine,540,930,6.888170414306085,0.861073602339324,0.929181927107034,False
/home/duanyuhan/dyh/motion/MotionRe/base_mobileposer/data/raw/DIP_IMU/s_07/01.pkl,s_07,primary,hip_knee,570,1620,9.823684730661691,0.5359298491823555,3.220302101653991,False
/home/duanyuhan/dyh/motion/MotionRe/base_mobileposer/data/raw/DIP_IMU/s_07/01.pkl,s_07,primary,spine,570,1620,9.823684730661691,0.5359298491823555,1.0734511026055076,False
/home/duanyuhan/dyh/motion/MotionRe/base_mobileposer/data/raw/DIP_IMU/s_07/01.pkl,s_07,primary,hip_knee,690,1590,7.172999051284401,0.8327375862554397,2.869505553639614,False
/home/duanyuhan/dyh/motion/MotionRe/base_mobileposer/data/raw/DIP_IMU/s_07/01.pkl,s_07,primary,spine,690,1590,7.172999051284401,0.8327375862554397,1.5767981500633574,False
/home/duanyuhan/dyh/motion/MotionRe/base_mobileposer/data/raw/DIP_IMU/s_07/01.pkl,s_07,primary,hip_knee,720,1080,6.012981084035614,0.9943284013710274,1.591164569551355,False
/home/duanyuhan/dyh/motion/MotionRe/base_mobileposer/data/raw/DIP_IMU/s_07/01.pkl,s_07,primary,spine,720,1080,6.012981084035614,0.9943284013710274,0.9224237661736195,False
/home/duanyuhan/dyh/motion/MotionRe/base_mobileposer/data/raw/DIP_IMU/s_07/01.pkl,s_07,primary,hip_knee,900,1740,7.360842981705364,0.725203414724055,2.9163525561668386,False
/home/duanyuhan/dyh/motion/MotionRe/base_mobileposer/data/raw/DIP_IMU/s_07/01.pkl,s_07,primary,spine,900,1740,7.360842981705364,0.725203414724055,1.0400917883587544,False
/home/duanyuhan/dyh/motion/MotionRe/base_mobileposer/data/raw/DIP_IMU/s_07/01.pkl,s_07,primary,hip_knee,1080,1410,9.2610104260212,0.9145882814566009,1.392616476742527,False
/home/duanyuhan/dyh/motion/MotionRe/base_mobileposer/data/raw/DIP_IMU/s_07/01.pkl,s_07,primary,spine,1080,1410,9.2610104260212,0.9145882814566009,1.085442950667093,False
/home/duanyuhan/dyh/motion/MotionRe/base_mobileposer/data/raw/DIP_IMU/s_07/01.pkl,s_07,primary,hip_knee,1080,1560,9.951868883995171,0.9469711405729537,2.0747012887037317,False
/home/duanyuhan/dyh/motion/MotionRe/base_mobileposer/data/raw/DIP_IMU/s_07/01.pkl,s_07,primary,spine,1080,1560,9.951868883995171,0.9469711405729537,1.5981440497499857,False
/home/duanyuhan/dyh/motion/MotionRe/base_mobileposer/data/raw/DIP_IMU/s_07/01.pkl,s_07,primary,hip_knee,2220,2820,3.053975155902359,0.9405885319286033,1.1845191110155573,False
/home/duanyuhan/dyh/motion/MotionRe/base_mobileposer/data/raw/DIP_IMU/s_07/01.pkl,s_07,primary,spine,2220,2820,3.053975155902359,0.9405885319286033,0.41014114024289516,False
/home/duanyuhan/dyh/motion/MotionRe/base_mobileposer/data/raw/DIP_IMU/s_07/01.pkl,s_07,primary,hip_knee,2220,2970,5.737309735848355,0.6799591837312156,1.0903813195124903,False
/home/duanyuhan/dyh/motion/MotionRe/base_mobileposer/data/raw/DIP_IMU/s_07/01.pkl,s_07,primary,spine,2220,2970,5.737309735848355,0.6799591837312156,1.2691482520486699,False
/home/duanyuhan/dyh/motion/MotionRe/base_mobileposer/data/raw/DIP_IMU/s_07/01.pkl,s_07,primary,hip_knee,2820,3390,6.426850273132588,0.43065139032225136,1.6435099658391479,False
/home/duanyuhan/dyh/motion/MotionRe/base_mobileposer/data/raw/DIP_IMU/s_07/01.pkl,s_07,primary,spine,2820,3390,6.426850273132588,0.43065139032225136,1.7151968071611037,False
/home/duanyuhan/dyh/motion/MotionRe/base_mobileposer/data/raw/DIP_IMU/s_07/01.pkl,s_07,primary,hip_knee,4680,4980,9.57315665204449,0.8740396693801137,0.7138464147271784,False
/home/duanyuhan/dyh/motion/MotionRe/base_mobileposer/data/raw/DIP_IMU/s_07/01.pkl,s_07,primary,spine,4680,4980,9.57315665204449,0.8740396693801137,1.1570369221190067,False
/home/duanyuhan/dyh/motion/MotionRe/base_mobileposer/data/raw/DIP_IMU/s_07/01.pkl,s_07,primary,hip_knee,5670,6000,6.221204486811479,0.6503167891970851,0.9152896360675331,False
/home/duanyuhan/dyh/motion/MotionRe/base_mobileposer/data/raw/DIP_IMU/s_07/01.pkl,s_07,primary,spine,5670,6000,6.221204486811479,0.6503167891970851,0.47289180019288374,False
/home/duanyuhan/dyh/motion/MotionRe/base_mobileposer/data/raw/DIP_IMU/s_07/01.pkl,s_07,primary,hip_knee,6000,6330,4.703995038371058,0.8160616826294153,0.5659714213503669,False
/home/duanyuhan/dyh/motion/MotionRe/base_mobileposer/data/raw/DIP_IMU/s_07/01.pkl,s_07,primary,spine,6000,6330,4.703995038371058,0.8160616826294153,0.6935517706650791,False
/home/duanyuhan/dyh/motion/MotionRe/base_mobileposer/data/raw/DIP_IMU/s_07/01.pkl,s_07,sensitivity_looser,hip_knee,120,6720,9.916798011041006,1.0143615179976928,9.64386368097945,False
/home/duanyuhan/dyh/motion/MotionRe/base_mobileposer/data/raw/DIP_IMU/s_07/01.pkl,s_07,sensitivity_looser,spine,120,6720,9.916798011041006,1.0143615179976928,2.850369305174885,False
/home/duanyuhan/dyh/motion/MotionRe/base_mobileposer/data/raw/DIP_IMU/s_07/01.pkl,s_07,sensitivity_looser,hip_knee,150,5070,18.82835495512136,1.4950085049567083,12.506020226934002,False
/home/duanyuhan/dyh/motion/MotionRe/base_mobileposer/data/raw/DIP_IMU/s_07/01.pkl,s_07,sensitivity_looser,spine,150,5070,18.82835495512136,1.4950085049567083,3.054294352168529,False
/home/duanyuhan/dyh/motion/MotionRe/base_mobileposer/data/raw/DIP_IMU/s_07/01.pkl,s_07,sensitivity_looser,hip_knee,210,1170,16.11003761824946,1.6081793205759927,11.958070070740318,False
/home/duanyuhan/dyh/motion/MotionRe/base_mobileposer/data/raw/DIP_IMU/s_07/01.pkl,s_07,sensitivity_looser,spine,210,1170,16.11003761824946,1.6081793205759927,2.3193929684121692,False
/home/duanyuhan/dyh/motion/MotionRe/base_mobileposer/data/raw/DIP_IMU/s_07/01.pkl,s_07,sensitivity_looser,hip_knee,210,3510,16.040317142794905,1.8341819001433113,9.266866225459744,False
/home/duanyuhan/dyh/motion/MotionRe/base_mobileposer/data/raw/DIP_IMU/s_07/01.pkl,s_07,sensitivity_looser,spine,210,3510,16.040317142794905,1.8341819001433113,2.6539984505206555,False
/home/duanyuhan/dyh/motion/MotionRe/base_mobileposer/data/raw/DIP_IMU/s_07/01.pkl,s_07,sensitivity_looser,hip_knee,240,600,11.682731176582763,1.6996949190331296,12.572425180738392,False
/home/duanyuhan/dyh/motion/MotionRe/base_mobileposer/data/raw/DIP_IMU/s_07/01.pkl,s_07,sensitivity_looser,spine,240,600,11.682731176582763,1.6996949190331296,2.3448362355984256,False
/home/duanyuhan/dyh/motion/MotionRe/base_mobileposer/data/raw/DIP_IMU/s_07/01.pkl,s_07,sensitivity_looser,hip_knee,240,630,13.213611984230658,1.6723147943486993,12.799518042865346,False
/home/duanyuhan/dyh/motion/MotionRe/base_mobileposer/data/raw/DIP_IMU/s_07/01.pkl,s_07,sensitivity_looser,spine,240,630,13.213611984230658,1.6723147943486993,1.7855759558511701,False
/home/duanyuhan/dyh/motion/MotionRe/base_mobileposer/data/raw/DIP_IMU/s_07/01.pkl,s_07,sensitivity_looser,hip_knee,240,810,11.692754049927732,1.3186442994152638,12.631483372298819,False
/home/duanyuhan/dyh/motion/MotionRe/base_mobileposer/data/raw/DIP_IMU/s_07/01.pkl,s_07,sensitivity_looser,spine,240,810,11.692754049927732,1.3186442994152638,2.095730474267206,False
/home/duanyuhan/dyh/motion/MotionRe/base_mobileposer/data/raw/DIP_IMU/s_07/01.pkl,s_07,sensitivity_looser,hip_knee,240,840,11.813700035798476,1.5281827186348735,12.704278402536524,False
/home/duanyuhan/dyh/motion/MotionRe/base_mobileposer/data/raw/DIP_IMU/s_07/01.pkl,s_07,sensitivity_looser,spine,240,840,11.813700035798476,1.5281827186348735,1.934904954922329,False
/home/duanyuhan/dyh/motion/MotionRe/base_mobileposer/data/raw/DIP_IMU/s_07/01.pkl,s_07,sensitivity_looser,hip_knee,240,990,12.768876396293077,1.7384087174360838,11.945478041902346,False
/home/duanyuhan/dyh/motion/MotionRe/base_mobileposer/data/raw/DIP_IMU/s_07/01.pkl,s_07,sensitivity_looser,spine,240,990,12.768876396293077,1.7384087174360838,1.8213838646081573,False
/home/duanyuhan/dyh/motion/MotionRe/base_mobileposer/data/raw/DIP_IMU/s_07/01.pkl,s_07,sensitivity_looser,hip_knee,240,3510,10.413700382318604,1.8719417384425459,9.069424802347084,False
/home/duanyuhan/dyh/motion/MotionRe/base_mobileposer/data/raw/DIP_IMU/s_07/01.pkl,s_07,sensitivity_looser,spine,240,3510,10.413700382318604,1.8719417384425459,2.094064800172592,False
/home/duanyuhan/dyh/motion/MotionRe/base_mobileposer/data/raw/DIP_IMU/s_07/01.pkl,s_07,sensitivity_looser,hip_knee,300,1710,14.52168819904858,1.6372232914802602,9.636954906661808,False
/home/duanyuhan/dyh/motion/MotionRe/base_mobileposer/data/raw/DIP_IMU/s_07/01.pkl,s_07,sensitivity_looser,spine,300,1710,14.52168819904858,1.6372232914802602,1.9633698057709017,False
/home/duanyuhan/dyh/motion/MotionRe/base_mobileposer/data/raw/DIP_IMU/s_07/01.pkl,s_07,sensitivity_looser,hip_knee,330,1410,11.908711011690686,0.91760373650383,9.708072416541999,False
/home/duanyuhan/dyh/motion/MotionRe/base_mobileposer/data/raw/DIP_IMU/s_07/01.pkl,s_07,sensitivity_looser,spine,330,1410,11.908711011690686,0.91760373650383,2.4515635835628644,False
/home/duanyuhan/dyh/motion/MotionRe/base_mobileposer/data/raw/DIP_IMU/s_07/01.pkl,s_07,sensitivity_looser,hip_knee,390,1140,10.314509241867778,1.3731310631330038,8.49825343858981,False
/home/duanyuhan/dyh/motion/MotionRe/base_mobileposer/data/raw/DIP_IMU/s_07/01.pkl,s_07,sensitivity_looser,spine,390,1140,10.314509241867778,1.3731310631330038,2.055071019515429,False
/home/duanyuhan/dyh/motion/MotionRe/base_mobileposer/data/raw/DIP_IMU/s_07/01.pkl,s_07,sensitivity_looser,hip_knee,420,810,7.363037632495359,0.7827645134626039,7.838467725385801,False
/home/duanyuhan/dyh/motion/MotionRe/base_mobileposer/data/raw/DIP_IMU/s_07/01.pkl,s_07,sensitivity_looser,spine,420,810,7.363037632495359,0.7827645134626039,2.045279195908843,False
/home/duanyuhan/dyh/motion/MotionRe/base_mobileposer/data/raw/DIP_IMU/s_07/01.pkl,s_07,sensitivity_looser,hip_knee,420,840,11.044631418965729,1.289723180803954,7.91035718763251,False
/home/duanyuhan/dyh/motion/MotionRe/base_mobileposer/data/raw/DIP_IMU/s_07/01.pkl,s_07,sensitivity_looser,spine,420,840,11.044631418965729,1.289723180803954,2.1482369513044257,False
/home/duanyuhan/dyh/motion/MotionRe/base_mobileposer/data/raw/DIP_IMU/s_07/01.pkl,s_07,sensitivity_looser,hip_knee,420,990,8.06258904066098,1.7328663927872128,7.1413666767513835,False
/home/duanyuhan/dyh/motion/MotionRe/base_mobileposer/data/raw/DIP_IMU/s_07/01.pkl,s_07,sensitivity_looser,spine,420,990,8.06258904066098,1.7328663927872128,1.7567842430737812,False
/home/duanyuhan/dyh/motion/MotionRe/base_mobileposer/data/raw/DIP_IMU/s_07/01.pkl,s_07,sensitivity_looser,hip_knee,420,1170,7.631389731479786,1.12549298622614,6.89597220764229,False
/home/duanyuhan/dyh/motion/MotionRe/base_mobileposer/data/raw/DIP_IMU/s_07/01.pkl,s_07,sensitivity_looser,spine,420,1170,7.631389731479786,1.12549298622614,1.9192949243486002,False
/home/duanyuhan/dyh/motion/MotionRe/base_mobileposer/data/raw/DIP_IMU/s_07/01.pkl,s_07,sensitivity_looser,hip_knee,420,3510,10.592044326030395,1.2072866739037627,4.307212973230455,False
/home/duanyuhan/dyh/motion/MotionRe/base_mobileposer/data/raw/DIP_IMU/s_07/01.pkl,s_07,sensitivity_looser,spine,420,3510,10.592044326030395,1.2072866739037627,2.453256019207601,False
/home/duanyuhan/dyh/motion/MotionRe/base_mobileposer/data/raw/DIP_IMU/s_07/01.pkl,s_07,sensitivity_looser,hip_knee,450,810,15.594732269547231,0.9352563655829553,5.381165133908885,False
/home/duanyuhan/dyh/motion/MotionRe/base_mobileposer/data/raw/DIP_IMU/s_07/01.pkl,s_07,sensitivity_looser,spine,450,810,15.594732269547231,0.9352563655829553,1.4047215880954729,False
/home/duanyuhan/dyh/motion/MotionRe/base_mobileposer/data/raw/DIP_IMU/s_07/01.pkl,s_07,sensitivity_looser,hip_knee,450,840,9.51598815825964,1.613301198260735,5.4406070030203635,False
/home/duanyuhan/dyh/motion/MotionRe/base_mobileposer/data/raw/DIP_IMU/s_07/01.pkl,s_07,sensitivity_looser,spine,450,840,9.51598815825964,1.613301198260735,1.4931745325956314,False
/home/duanyuhan/dyh/motion/MotionRe/base_mobileposer/data/raw/DIP_IMU/s_07/01.pkl,s_07,sensitivity_looser,hip_knee,450,3510,16.262794267335916,1.1979219941901686,2.687476155043962,False
/home/duanyuhan/dyh/motion/MotionRe/base_mobileposer/data/raw/DIP_IMU/s_07/01.pkl,s_07,sensitivity_looser,spine,450,3510,16.262794267335916,1.1979219941901686,2.1133663655782406,False
/home/duanyuhan/dyh/motion/MotionRe/base_mobileposer/data/raw/DIP_IMU/s_07/01.pkl,s_07,sensitivity_looser,hip_knee,450,6600,11.438592116601448,1.805140507062415,2.370855291171503,False
/home/duanyuhan/dyh/motion/MotionRe/base_mobileposer/data/raw/DIP_IMU/s_07/01.pkl,s_07,sensitivity_looser,spine,450,6600,11.438592116601448,1.805140507062415,2.727297604719421,False
/home/duanyuhan/dyh/motion/MotionRe/base_mobileposer/data/raw/DIP_IMU/s_07/01.pkl,s_07,sensitivity_looser,hip_knee,450,6720,18.20295730036188,1.798462520305266,8.083193764797588,False
/home/duanyuhan/dyh/motion/MotionRe/base_mobileposer/data/raw/DIP_IMU/s_07/01.pkl,s_07,sensitivity_looser,spine,450,6720,18.20295730036188,1.798462520305266,2.4179917111496096,False
/home/duanyuhan/dyh/motion/MotionRe/base_mobileposer/data/raw/DIP_IMU/s_07/01.pkl,s_07,sensitivity_looser,hip_knee,480,870,6.869435069837844,1.708220787630355,3.4570035514518684,False
/home/duanyuhan/dyh/motion/MotionRe/base_mobileposer/data/raw/DIP_IMU/s_07/01.pkl,s_07,sensitivity_looser,spine,480,870,6.869435069837844,1.708220787630355,1.3738138369216497,False
/home/duanyuhan/dyh/motion/MotionRe/base_mobileposer/data/raw/DIP_IMU/s_07/01.pkl,s_07,sensitivity_looser,hip_knee,510,900,6.47339271641698,0.8474201076740259,2.0103184374529213,False
/home/duanyuhan/dyh/motion/MotionRe/base_mobileposer/data/raw/DIP_IMU/s_07/01.pkl,s_07,sensitivity_looser,spine,510,900,6.47339271641698,0.8474201076740259,0.7501305079636227,False
/home/duanyuhan/dyh/motion/MotionRe/base_mobileposer/data/raw/DIP_IMU/s_07/01.pkl,s_07,sensitivity_looser,hip_knee,510,1080,7.425477510381531,0.7019643388593249,2.6067115405505716,False
/home/duanyuhan/dyh/motion/MotionRe/base_mobileposer/data/raw/DIP_IMU/s_07/01.pkl,s_07,sensitivity_looser,spine,510,1080,7.425477510381531,0.7019643388593249,0.8332849774715526,False
/home/duanyuhan/dyh/motion/MotionRe/base_mobileposer/data/raw/DIP_IMU/s_07/01.pkl,s_07,sensitivity_looser,hip_knee,510,1410,10.473594281421422,1.1069666177337607,2.5854141426008703,False
/home/duanyuhan/dyh/motion/MotionRe/base_mobileposer/data/raw/DIP_IMU/s_07/01.pkl,s_07,sensitivity_looser,spine,510,1410,10.473594281421422,1.1069666177337607,1.2607247332021803,False
/home/duanyuhan/dyh/motion/MotionRe/base_mobileposer/data/raw/DIP_IMU/s_07/01.pkl,s_07,sensitivity_looser,hip_knee,510,1560,14.863449678190724,1.3932159995277635,1.9900161895611863,False
/home/duanyuhan/dyh/motion/MotionRe/base_mobileposer/data/raw/DIP_IMU/s_07/01.pkl,s_07,sensitivity_looser,spine,510,1560,14.863449678190724,1.3932159995277635,1.111888164977007,False
/home/duanyuhan/dyh/motion/MotionRe/base_mobileposer/data/raw/DIP_IMU/s_07/01.pkl,s_07,sensitivity_looser,hip_knee,510,1740,8.987642861520502,0.8195861807800736,2.083665210865474,False
/home/duanyuhan/dyh/motion/MotionRe/base_mobileposer/data/raw/DIP_IMU/s_07/01.pkl,s_07,sensitivity_looser,spine,510,1740,8.987642861520502,0.8195861807800736,0.5244666736291721,False
/home/duanyuhan/dyh/motion/MotionRe/base_mobileposer/data/raw/DIP_IMU/s_07/01.pkl,s_07,sensitivity_looser,hip_knee,540,930,6.888170414306085,0.861073602339324,2.6659399950290945,False
/home/duanyuhan/dyh/motion/MotionRe/base_mobileposer/data/raw/DIP_IMU/s_07/01.pkl,s_07,sensitivity_looser,spine,540,930,6.888170414306085,0.861073602339324,0.929181927107034,False
/home/duanyuhan/dyh/motion/MotionRe/base_mobileposer/data/raw/DIP_IMU/s_07/01.pkl,s_07,sensitivity_looser,hip_knee,540,1230,9.734032591402665,1.4985084511374054,2.2953597216434445,False
/home/duanyuhan/dyh/motion/MotionRe/base_mobileposer/data/raw/DIP_IMU/s_07/01.pkl,s_07,sensitivity_looser,spine,540,1230,9.734032591402665,1.4985084511374054,1.3991728716465854,False
/home/duanyuhan/dyh/motion/MotionRe/base_mobileposer/data/raw/DIP_IMU/s_07/01.pkl,s_07,sensitivity_looser,hip_knee,540,1590,8.796559840756315,1.1960120460544315,2.5577144977894135,False
/home/duanyuhan/dyh/motion/MotionRe/base_mobileposer/data/raw/DIP_IMU/s_07/01.pkl,s_07,sensitivity_looser,spine,540,1590,8.796559840756315,1.1960120460544315,0.7613967886858855,False
/home/duanyuhan/dyh/motion/MotionRe/base_mobileposer/data/raw/DIP_IMU/s_07/01.pkl,s_07,sensitivity_looser,hip_knee,570,1620,9.823684730661691,0.5359298491823555,3.220302101653991,False
/home/duanyuhan/dyh/motion/MotionRe/base_mobileposer/data/raw/DIP_IMU/s_07/01.pkl,s_07,sensitivity_looser,spine,570,1620,9.823684730661691,0.5359298491823555,1.0734511026055076,False
/home/duanyuhan/dyh/motion/MotionRe/base_mobileposer/data/raw/DIP_IMU/s_07/01.pkl,s_07,sensitivity_looser,hip_knee,600,990,4.808131865994385,1.289727060267087,1.5363038474331037,False
/home/duanyuhan/dyh/motion/MotionRe/base_mobileposer/data/raw/DIP_IMU/s_07/01.pkl,s_07,sensitivity_looser,spine,600,990,4.808131865994385,1.289727060267087,1.3721175619686472,False
/home/duanyuhan/dyh/motion/MotionRe/base_mobileposer/data/raw/DIP_IMU/s_07/01.pkl,s_07,sensitivity_looser,hip_knee,600,3510,10.381543833474252,1.8603758895888034,3.804771149945537,False
/home/duanyuhan/dyh/motion/MotionRe/base_mobileposer/data/raw/DIP_IMU/s_07/01.pkl,s_07,sensitivity_looser,spine,600,3510,10.381543833474252,1.8603758895888034,2.058455865772441,False
/home/duanyuhan/dyh/motion/MotionRe/base_mobileposer/data/raw/DIP_IMU/s_07/01.pkl,s_07,sensitivity_looser,hip_knee,630,990,11.93579101585978,1.5387482717305487,2.1351927322742688,False
/home/duanyuhan/dyh/motion/MotionRe/base_mobileposer/data/raw/DIP_IMU/s_07/01.pkl,s_07,sensitivity_looser,spine,630,990,11.93579101585978,1.5387482717305487,0.9120522990538973,False
/home/duanyuhan/dyh/motion/MotionRe/base_mobileposer/data/raw/DIP_IMU/s_07/01.pkl,s_07,sensitivity_looser,hip_knee,630,3510,12.925992359968122,1.5791151676190247,4.107418897253112,False
/home/duanyuhan/dyh/motion/MotionRe/base_mobileposer/data/raw/DIP_IMU/s_07/01.pkl,s_07,sensitivity_looser,spine,630,3510,12.925992359968122,1.5791151676190247,1.3686334276273857,False
/home/duanyuhan/dyh/motion/MotionRe/base_mobileposer/data/raw/DIP_IMU/s_07/01.pkl,s_07,sensitivity_looser,hip_knee,660,960,6.276558018995932,1.0716827587550402,2.1066211776019133,False
/home/duanyuhan/dyh/motion/MotionRe/base_mobileposer/data/raw/DIP_IMU/s_07/01.pkl,s_07,sensitivity_looser,spine,660,960,6.276558018995932,1.0716827587550402,1.5775051431073075,False
/home/duanyuhan/dyh/motion/MotionRe/base_mobileposer/data/raw/DIP_IMU/s_07/01.pkl,s_07,sensitivity_looser,hip_knee,690,1110,15.518566083095655,1.8710784563911393,1.4927142158881663,False
/home/duanyuhan/dyh/motion/MotionRe/base_mobileposer/data/raw/DIP_IMU/s_07/01.pkl,s_07,sensitivity_looser,spine,690,1110,15.518566083095655,1.8710784563911393,1.7650777325517604,False
/home/duanyuhan/dyh/motion/MotionRe/base_mobileposer/data/raw/DIP_IMU/s_07/01.pkl,s_07,sensitivity_looser,hip_knee,690,1230,10.533611725998199,1.7402195504294093,2.224971247284552,False
/home/duanyuhan/dyh/motion/MotionRe/base_mobileposer/data/raw/DIP_IMU/s_07/01.pkl,s_07,sensitivity_looser,spine,690,1230,10.533611725998199,1.7402195504294093,1.5434275757329365,False
/home/duanyuhan/dyh/motion/MotionRe/base_mobileposer/data/raw/DIP_IMU/s_07/01.pkl,s_07,sensitivity_looser,hip_knee,690,1590,7.172999051284401,0.8327375862554397,2.869505553639614,False
/home/duanyuhan/dyh/motion/MotionRe/base_mobileposer/data/raw/DIP_IMU/s_07/01.pkl,s_07,sensitivity_looser,spine,690,1590,7.172999051284401,0.8327375862554397,1.5767981500633574,False
/home/duanyuhan/dyh/motion/MotionRe/base_mobileposer/data/raw/DIP_IMU/s_07/01.pkl,s_07,sensitivity_looser,hip_knee,720,1080,6.012981084035614,0.9943284013710274,1.591164569551355,False
/home/duanyuhan/dyh/motion/MotionRe/base_mobileposer/data/raw/DIP_IMU/s_07/01.pkl,s_07,sensitivity_looser,spine,720,1080,6.012981084035614,0.9943284013710274,0.9224237661736195,False
/home/duanyuhan/dyh/motion/MotionRe/base_mobileposer/data/raw/DIP_IMU/s_07/01.pkl,s_07,sensitivity_looser,hip_knee,720,1410,12.57464152386818,1.2887559705447262,2.4922627761871876,False
/home/duanyuhan/dyh/motion/MotionRe/base_mobileposer/data/raw/DIP_IMU/s_07/01.pkl,s_07,sensitivity_looser,spine,720,1410,12.57464152386818,1.2887559705447262,1.1224479639170337,False
/home/duanyuhan/dyh/motion/MotionRe/base_mobileposer/data/raw/DIP_IMU/s_07/01.pkl,s_07,sensitivity_looser,hip_knee,720,1560,11.750881924608686,1.354083883491739,2.4716735379848958,False
/home/duanyuhan/dyh/motion/MotionRe/base_mobileposer/data/raw/DIP_IMU/s_07/01.pkl,s_07,sensitivity_looser,spine,720,1560,11.750881924608686,1.354083883491739,2.098028398498601,False
/home/duanyuhan/dyh/motion/MotionRe/base_mobileposer/data/raw/DIP_IMU/s_07/01.pkl,s_07,sensitivity_looser,hip_knee,720,1740,13.19883386179848,1.4084191587008559,2.8425600291394755,False
/home/duanyuhan/dyh/motion/MotionRe/base_mobileposer/data/raw/DIP_IMU/s_07/01.pkl,s_07,sensitivity_looser,spine,720,1740,13.19883386179848,1.4084191587008559,1.35747876753101,False
/home/duanyuhan/dyh/motion/MotionRe/base_mobileposer/data/raw/DIP_IMU/s_07/01.pkl,s_07,sensitivity_looser,hip_knee,750,1110,8.754122170054027,1.9068557004430327,1.5959839872533288,False
/home/duanyuhan/dyh/motion/MotionRe/base_mobileposer/data/raw/DIP_IMU/s_07/01.pkl,s_07,sensitivity_looser,spine,750,1110,8.754122170054027,1.9068557004430327,1.170107883236416,False
/home/duanyuhan/dyh/motion/MotionRe/base_mobileposer/data/raw/DIP_IMU/s_07/01.pkl,s_07,sensitivity_looser,hip_knee,750,1230,16.859522357395658,0.9297865022881834,2.6754204491732696,False
/home/duanyuhan/dyh/motion/MotionRe/base_mobileposer/data/raw/DIP_IMU/s_07/01.pkl,s_07,sensitivity_looser,spine,750,1230,16.859522357395658,0.9297865022881834,2.0994688535590744,False
/home/duanyuhan/dyh/motion/MotionRe/base_mobileposer/data/raw/DIP_IMU/s_07/01.pkl,s_07,sensitivity_looser,hip_knee,750,1590,10.711516820772266,0.5272250859325146,3.2372808518378076,False
/home/duanyuhan/dyh/motion/MotionRe/base_mobileposer/data/raw/DIP_IMU/s_07/01.pkl,s_07,sensitivity_looser,spine,750,1590,10.711516820772266,0.5272250859325146,1.538215548993844,False
/home/duanyuhan/dyh/motion/MotionRe/base_mobileposer/data/raw/DIP_IMU/s_07/01.pkl,s_07,sensitivity_looser,hip_knee,780,1620,7.702038903885201,1.6612430191820384,3.5031858358501666,False
/home/duanyuhan/dyh/motion/MotionRe/base_mobileposer/data/raw/DIP_IMU/s_07/01.pkl,s_07,sensitivity_looser,spine,780,1620,7.702038903885201,1.6612430191820384,1.107548448389535,False
/home/duanyuhan/dyh/motion/MotionRe/base_mobileposer/data/raw/DIP_IMU/s_07/01.pkl,s_07,sensitivity_looser,hip_knee,810,1170,8.013046465945504,1.7948209817104186,1.644335957813336,False
/home/duanyuhan/dyh/motion/MotionRe/base_mobileposer/data/raw/DIP_IMU/s_07/01.pkl,s_07,sensitivity_looser,spine,810,1170,8.013046465945504,1.7948209817104186,1.3510263939231233,False
/home/duanyuhan/dyh/motion/MotionRe/base_mobileposer/data/raw/DIP_IMU/s_07/01.pkl,s_07,sensitivity_looser,hip_knee,810,3510,12.674105977166391,1.0623686946297708,3.823167969073725,False
/home/duanyuhan/dyh/motion/MotionRe/base_mobileposer/data/raw/DIP_IMU/s_07/01.pkl,s_07,sensitivity_looser,spine,810,3510,12.674105977166391,1.0623686946297708,1.7366956716154016,False
/home/duanyuhan/dyh/motion/MotionRe/base_mobileposer/data/raw/DIP_IMU/s_07/01.pkl,s_07,sensitivity_looser,hip_knee,810,6720,14.889789749200025,1.9210070131667911,6.989830487184141,False
/home/duanyuhan/dyh/motion/MotionRe/base_mobileposer/data/raw/DIP_IMU/s_07/01.pkl,s_07,sensitivity_looser,spine,810,6720,14.889789749200025,1.9210070131667911,1.8659202442749556,False
/home/duanyuhan/dyh/motion/MotionRe/base_mobileposer/data/raw/DIP_IMU/s_07/01.pkl,s_07,sensitivity_looser,hip_knee,840,3510,14.026592744818776,1.7003960831022378,3.9289853734979063,False
/home/duanyuhan/dyh/motion/MotionRe/base_mobileposer/data/raw/DIP_IMU/s_07/01.pkl,s_07,sensitivity_looser,spine,840,3510,14.026592744818776,1.7003960831022378,1.5080589610136979,False
/home/duanyuhan/dyh/motion/MotionRe/base_mobileposer/data/raw/DIP_IMU/s_07/01.pkl,s_07,sensitivity_looser,hip_knee,900,1410,6.935151971023022,1.758397092173595,2.073330822983392,False
/home/duanyuhan/dyh/motion/MotionRe/base_mobileposer/data/raw/DIP_IMU/s_07/01.pkl,s_07,sensitivity_looser,spine,900,1410,6.935151971023022,1.758397092173595,1.4223760552419564,False
/home/duanyuhan/dyh/motion/MotionRe/base_mobileposer/data/raw/DIP_IMU/s_07/01.pkl,s_07,sensitivity_looser,hip_knee,900,1560,8.816496370247823,1.1283799049446326,2.395694193734909,False
/home/duanyuhan/dyh/motion/MotionRe/base_mobileposer/data/raw/DIP_IMU/s_07/01.pkl,s_07,sensitivity_looser,spine,900,1560,8.816496370247823,1.1283799049446326,1.7407370258792305,False
/home/duanyuhan/dyh/motion/MotionRe/base_mobileposer/data/raw/DIP_IMU/s_07/01.pkl,s_07,sensitivity_looser,hip_knee,900,1740,7.360842981705364,0.725203414724055,2.9163525561668386,False
/home/duanyuhan/dyh/motion/MotionRe/base_mobileposer/data/raw/DIP_IMU/s_07/01.pkl,s_07,sensitivity_looser,spine,900,1740,7.360842981705364,0.725203414724055,1.0400917883587544,False
/home/duanyuhan/dyh/motion/MotionRe/base_mobileposer/data/raw/DIP_IMU/s_07/01.pkl,s_07,sensitivity_looser,hip_knee,930,1230,6.336748395567892,1.1388434460891244,2.042517808948957,False
/home/duanyuhan/dyh/motion/MotionRe/base_mobileposer/data/raw/DIP_IMU/s_07/01.pkl,s_07,sensitivity_looser,spine,930,1230,6.336748395567892,1.1388434460891244,1.1170544957088573,False
/home/duanyuhan/dyh/motion/MotionRe/base_mobileposer/data/raw/DIP_IMU/s_07/01.pkl,s_07,sensitivity_looser,hip_knee,930,1590,6.9573749767674755,1.113190538451709,2.814295639968568,False
/home/duanyuhan/dyh/motion/MotionRe/base_mobileposer/data/raw/DIP_IMU/s_07/01.pkl,s_07,sensitivity_looser,spine,930,1590,6.9573749767674755,1.113190538451709,0.6950385750176237,False
/home/duanyuhan/dyh/motion/MotionRe/base_mobileposer/data/raw/DIP_IMU/s_07/01.pkl,s_07,sensitivity_looser,hip_knee,990,1500,9.262978462062033,1.290582796448557,1.6769929619522799,False
/home/duanyuhan/dyh/motion/MotionRe/base_mobileposer/data/raw/DIP_IMU/s_07/01.pkl,s_07,sensitivity_looser,spine,990,1500,9.262978462062033,1.290582796448557,0.7094434136611935,False
/home/duanyuhan/dyh/motion/MotionRe/base_mobileposer/data/raw/DIP_IMU/s_07/01.pkl,s_07,sensitivity_looser,hip_knee,990,1650,7.262459068078615,1.860519272410737,2.098360415087272,False
/home/duanyuhan/dyh/motion/MotionRe/base_mobileposer/data/raw/DIP_IMU/s_07/01.pkl,s_07,sensitivity_looser,spine,990,1650,7.262459068078615,1.860519272410737,0.9061647703755608,False
/home/duanyuhan/dyh/motion/MotionRe/base_mobileposer/data/raw/DIP_IMU/s_07/01.pkl,s_07,sensitivity_looser,hip_knee,1080,1410,9.2610104260212,0.9145882814566009,1.392616476742527,False
/home/duanyuhan/dyh/motion/MotionRe/base_mobileposer/data/raw/DIP_IMU/s_07/01.pkl,s_07,sensitivity_looser,spine,1080,1410,9.2610104260212,0.9145882814566009,1.085442950667093,False
/home/duanyuhan/dyh/motion/MotionRe/base_mobileposer/data/raw/DIP_IMU/s_07/01.pkl,s_07,sensitivity_looser,hip_knee,1080,1560,9.951868883995171,0.9469711405729537,2.0747012887037317,False
/home/duanyuhan/dyh/motion/MotionRe/base_mobileposer/data/raw/DIP_IMU/s_07/01.pkl,s_07,sensitivity_looser,spine,1080,1560,9.951868883995171,0.9469711405729537,1.5981440497499857,False
/home/duanyuhan/dyh/motion/MotionRe/base_mobileposer/data/raw/DIP_IMU/s_07/01.pkl,s_07,sensitivity_looser,hip_knee,1080,1740,10.171839112360724,1.0557874295258642,2.5345432611988636,False
/home/duanyuhan/dyh/motion/MotionRe/base_mobileposer/data/raw/DIP_IMU/s_07/01.pkl,s_07,sensitivity_looser,spine,1080,1740,10.171839112360724,1.0557874295258642,0.8110910017975735,False
/home/duanyuhan/dyh/motion/MotionRe/base_mobileposer/data/raw/DIP_IMU/s_07/01.pkl,s_07,sensitivity_looser,hip_knee,1110,1590,17.301354044308397,1.4273074161021109,2.4333608407738314,False
/home/duanyuhan/dyh/motion/MotionRe/base_mobileposer/data/raw/DIP_IMU/s_07/01.pkl,s_07,sensitivity_looser,spine,1110,1590,17.301354044308397,1.4273074161021109,1.9955578509709593,False
/home/duanyuhan/dyh/motion/MotionRe/base_mobileposer/data/raw/DIP_IMU/s_07/01.pkl,s_07,sensitivity_looser,hip_knee,1110,1860,19.71411769714111,1.6696501314070935,3.392274416113433,False
/home/duanyuhan/dyh/motion/MotionRe/base_mobileposer/data/raw/DIP_IMU/s_07/01.pkl,s_07,sensitivity_looser,spine,1110,1860,19.71411769714111,1.6696501314070935,3.0072779691233946,False
/home/duanyuhan/dyh/motion/MotionRe/base_mobileposer/data/raw/DIP_IMU/s_07/01.pkl,s_07,sensitivity_looser,hip_knee,1170,3510,14.80004477833556,1.4582989557272956,2.829795766141933,False
/home/duanyuhan/dyh/motion/MotionRe/base_mobileposer/data/raw/DIP_IMU/s_07/01.pkl,s_07,sensitivity_looser,spine,1170,3510,14.80004477833556,1.4582989557272956,1.602243640697732,False
/home/duanyuhan/dyh/motion/MotionRe/base_mobileposer/data/raw/DIP_IMU/s_07/01.pkl,s_07,sensitivity_looser,hip_knee,1230,1590,6.651308949161839,1.0212190608679643,1.4380870724890693,False
/home/duanyuhan/dyh/motion/MotionRe/base_mobileposer/data/raw/DIP_IMU/s_07/01.pkl,s_07,sensitivity_looser,spine,1230,1590,6.651308949161839,1.0212190608679643,1.4008058135683845,False
/home/duanyuhan/dyh/motion/MotionRe/base_mobileposer/data/raw/DIP_IMU/s_07/01.pkl,s_07,sensitivity_looser,hip_knee,1230,1710,16.730983192763194,1.1994077027191739,1.9270856262226648,False
/home/duanyuhan/dyh/motion/MotionRe/base_mobileposer/data/raw/DIP_IMU/s_07/01.pkl,s_07,sensitivity_looser,spine,1230,1710,16.730983192763194,1.1994077027191739,0.7361341256632908,False
/home/duanyuhan/dyh/motion/MotionRe/base_mobileposer/data/raw/DIP_IMU/s_07/01.pkl,s_07,sensitivity_looser,hip_knee,1410,1740,3.160778279050789,1.7743854925023934,1.6189296737163636,False
/home/duanyuhan/dyh/motion/MotionRe/base_mobileposer/data/raw/DIP_IMU/s_07/01.pkl,s_07,sensitivity_looser,spine,1410,1740,3.160778279050789,1.7743854925023934,1.15430045518646,False
/home/duanyuhan/dyh/motion/MotionRe/base_mobileposer/data/raw/DIP_IMU/s_07/01.pkl,s_07,sensitivity_looser,hip_knee,2040,2670,19.496156511349028,1.5800507887434754,1.1282170877920847,False
/home/duanyuhan/dyh/motion/MotionRe/base_mobileposer/data/raw/DIP_IMU/s_07/01.pkl,s_07,sensitivity_looser,spine,2040,2670,19.496156511349028,1.5800507887434754,3.252470888291331,False
/home/duanyuhan/dyh/motion/MotionRe/base_mobileposer/data/raw/DIP_IMU/s_07/01.pkl,s_07,sensitivity_looser,hip_knee,2040,3240,14.728434776042294,1.2254478399524005,1.2322762188103316,False
/home/duanyuhan/dyh/motion/MotionRe/base_mobileposer/data/raw/DIP_IMU/s_07/01.pkl,s_07,sensitivity_looser,spine,2040,3240,14.728434776042294,1.2254478399524005,2.7890458351040235,False
/home/duanyuhan/dyh/motion/MotionRe/base_mobileposer/data/raw/DIP_IMU/s_07/01.pkl,s_07,sensitivity_looser,hip_knee,2070,2370,13.657840175255659,1.836137011142101,0.9100366721982647,False
/home/duanyuhan/dyh/motion/MotionRe/base_mobileposer/data/raw/DIP_IMU/s_07/01.pkl,s_07,sensitivity_looser,spine,2070,2370,13.657840175255659,1.836137011142101,2.1341729489985783,False
/home/duanyuhan/dyh/motion/MotionRe/base_mobileposer/data/raw/DIP_IMU/s_07/01.pkl,s_07,sensitivity_looser,hip_knee,2070,2670,10.847670159461185,0.8269221354724879,1.3069431826126072,False
/home/duanyuhan/dyh/motion/MotionRe/base_mobileposer/data/raw/DIP_IMU/s_07/01.pkl,s_07,sensitivity_looser,spine,2070,2670,10.847670159461185,0.8269221354724879,2.2282379371391015,False
/home/duanyuhan/dyh/motion/MotionRe/base_mobileposer/data/raw/DIP_IMU/s_07/01.pkl,s_07,sensitivity_looser,hip_knee,2070,2820,14.30593111781282,1.3953446552918198,1.7035878565410043,False
/home/duanyuhan/dyh/motion/MotionRe/base_mobileposer/data/raw/DIP_IMU/s_07/01.pkl,s_07,sensitivity_looser,spine,2070,2820,14.30593111781282,1.3953446552918198,1.8078554583707056,False
/home/duanyuhan/dyh/motion/MotionRe/base_mobileposer/data/raw/DIP_IMU/s_07/01.pkl,s_07,sensitivity_looser,hip_knee,2070,2970,15.760139608409439,1.5449366677495255,1.1938984688900034,False
/home/duanyuhan/dyh/motion/MotionRe/base_mobileposer/data/raw/DIP_IMU/s_07/01.pkl,s_07,sensitivity_looser,spine,2070,2970,15.760139608409439,1.5449366677495255,2.6138533147908674,False
/home/duanyuhan/dyh/motion/MotionRe/base_mobileposer/data/raw/DIP_IMU/s_07/01.pkl,s_07,sensitivity_looser,hip_knee,2070,3120,14.835620799248298,1.563440552652037,1.3470345389492873,False
/home/duanyuhan/dyh/motion/MotionRe/base_mobileposer/data/raw/DIP_IMU/s_07/01.pkl,s_07,sensitivity_looser,spine,2070,3120,14.835620799248298,1.563440552652037,2.4848677572519073,False
/home/duanyuhan/dyh/motion/MotionRe/base_mobileposer/data/raw/DIP_IMU/s_07/01.pkl,s_07,sensitivity_looser,hip_knee,2070,3240,7.711088794840451,1.599599292798176,1.0665538002109138,False
/home/duanyuhan/dyh/motion/MotionRe/base_mobileposer/data/raw/DIP_IMU/s_07/01.pkl,s_07,sensitivity_looser,spine,2070,3240,7.711088794840451,1.599599292798176,1.8747088164721124,False
/home/duanyuhan/dyh/motion/MotionRe/base_mobileposer/data/raw/DIP_IMU/s_07/01.pkl,s_07,sensitivity_looser,hip_knee,2070,3390,16.340309572893737,1.6702122973487386,1.661306881207327,False
/home/duanyuhan/dyh/motion/MotionRe/base_mobileposer/data/raw/DIP_IMU/s_07/01.pkl,s_07,sensitivity_looser,spine,2070,3390,16.340309572893737,1.6702122973487386,3.1085255176111235,False
/home/duanyuhan/dyh/motion/MotionRe/base_mobileposer/data/raw/DIP_IMU/s_07/01.pkl,s_07,sensitivity_looser,hip_knee,2190,3000,12.543204332458055,1.78177500452073,1.2240811342512836,False
/home/duanyuhan/dyh/motion/MotionRe/base_mobileposer/data/raw/DIP_IMU/s_07/01.pkl,s_07,sensitivity_looser,spine,2190,3000,12.543204332458055,1.78177500452073,3.6825910642750905,False
/home/duanyuhan/dyh/motion/MotionRe/base_mobileposer/data/raw/DIP_IMU/s_07/01.pkl,s_07,sensitivity_looser,hip_knee,2190,3420,10.806771045585231,1.4158976098764222,1.2735751186657631,False
/home/duanyuhan/dyh/motion/MotionRe/base_mobileposer/data/raw/DIP_IMU/s_07/01.pkl,s_07,sensitivity_looser,spine,2190,3420,10.806771045585231,1.4158976098764222,2.8545901741846422,False
/home/duanyuhan/dyh/motion/MotionRe/base_mobileposer/data/raw/DIP_IMU/s_07/01.pkl,s_07,sensitivity_looser,hip_knee,2220,2670,3.5723500812628997,1.1009078014039422,0.9226257776966542,False
/home/duanyuhan/dyh/motion/MotionRe/base_mobileposer/data/raw/DIP_IMU/s_07/01.pkl,s_07,sensitivity_looser,spine,2220,2670,3.5723500812628997,1.1009078014039422,0.7962701119752049,False
/home/duanyuhan/dyh/motion/MotionRe/base_mobileposer/data/raw/DIP_IMU/s_07/01.pkl,s_07,sensitivity_looser,hip_knee,2220,2820,3.053975155902359,0.9405885319286033,1.1845191110155573,False
/home/duanyuhan/dyh/motion/MotionRe/base_mobileposer/data/raw/DIP_IMU/s_07/01.pkl,s_07,sensitivity_looser,spine,2220,2820,3.053975155902359,0.9405885319286033,0.41014114024289516,False
/home/duanyuhan/dyh/motion/MotionRe/base_mobileposer/data/raw/DIP_IMU/s_07/01.pkl,s_07,sensitivity_looser,hip_knee,2220,2970,5.737309735848355,0.6799591837312156,1.0903813195124903,False
/home/duanyuhan/dyh/motion/MotionRe/base_mobileposer/data/raw/DIP_IMU/s_07/01.pkl,s_07,sensitivity_looser,spine,2220,2970,5.737309735848355,0.6799591837312156,1.2691482520486699,False
/home/duanyuhan/dyh/motion/MotionRe/base_mobileposer/data/raw/DIP_IMU/s_07/01.pkl,s_07,sensitivity_looser,hip_knee,2220,3120,5.260357893591284,1.1214655238922004,0.9179533847850622,False
/home/duanyuhan/dyh/motion/MotionRe/base_mobileposer/data/raw/DIP_IMU/s_07/01.pkl,s_07,sensitivity_looser,spine,2220,3120,5.260357893591284,1.1214655238922004,1.2919596198903556,False
/home/duanyuhan/dyh/motion/MotionRe/base_mobileposer/data/raw/DIP_IMU/s_07/01.pkl,s_07,sensitivity_looser,hip_knee,2220,3390,8.166761984314668,1.127556643122154,1.0896106472082945,False
/home/duanyuhan/dyh/motion/MotionRe/base_mobileposer/data/raw/DIP_IMU/s_07/01.pkl,s_07,sensitivity_looser,spine,2220,3390,8.166761984314668,1.127556643122154,1.844473045923081,False
/home/duanyuhan/dyh/motion/MotionRe/base_mobileposer/data/raw/DIP_IMU/s_07/01.pkl,s_07,sensitivity_looser,hip_knee,2280,3030,10.151749823544224,1.680600169900543,1.246359292100903,False
/home/duanyuhan/dyh/motion/MotionRe/base_mobileposer/data/raw/DIP_IMU/s_07/01.pkl,s_07,sensitivity_looser,spine,2280,3030,10.151749823544224,1.680600169900543,1.1922943678201463,False
/home/duanyuhan/dyh/motion/MotionRe/base_mobileposer/data/raw/DIP_IMU/s_07/01.pkl,s_07,sensitivity_looser,hip_knee,2340,2700,6.609073034899433,1.8460591587547672,1.0211472788295841,False
/home/duanyuhan/dyh/motion/MotionRe/base_mobileposer/data/raw/DIP_IMU/s_07/01.pkl,s_07,sensitivity_looser,spine,2340,2700,6.609073034899433,1.8460591587547672,2.5453743269153346,False
/home/duanyuhan/dyh/motion/MotionRe/base_mobileposer/data/raw/DIP_IMU/s_07/01.pkl,s_07,sensitivity_looser,hip_knee,2340,3090,5.503774053654498,1.6178297477167056,0.9015870231229135,False
/home/duanyuhan/dyh/motion/MotionRe/base_mobileposer/data/raw/DIP_IMU/s_07/01.pkl,s_07,sensitivity_looser,spine,2340,3090,5.503774053654498,1.6178297477167056,0.9798016125379396,False
/home/duanyuhan/dyh/motion/MotionRe/base_mobileposer/data/raw/DIP_IMU/s_07/01.pkl,s_07,sensitivity_looser,hip_knee,2340,3420,6.106754710250439,1.1638238040780051,0.9674985888020673,False
/home/duanyuhan/dyh/motion/MotionRe/base_mobileposer/data/raw/DIP_IMU/s_07/01.pkl,s_07,sensitivity_looser,spine,2340,3420,6.106754710250439,1.1638238040780051,2.1402486844360986,False
/home/duanyuhan/dyh/motion/MotionRe/base_mobileposer/data/raw/DIP_IMU/s_07/01.pkl,s_07,sensitivity_looser,hip_knee,2370,2670,6.706299584095902,1.383899404226434,0.5171221993619967,False
/home/duanyuhan/dyh/motion/MotionRe/base_mobileposer/data/raw/DIP_IMU/s_07/01.pkl,s_07,sensitivity_looser,spine,2370,2670,6.706299584095902,1.383899404226434,0.6717418236887327,False
/home/duanyuhan/dyh/motion/MotionRe/base_mobileposer/data/raw/DIP_IMU/s_07/01.pkl,s_07,sensitivity_looser,hip_knee,2370,2820,2.651830467551238,1.6626775999385612,0.8935374805228616,False
/home/duanyuhan/dyh/motion/MotionRe/base_mobileposer/data/raw/DIP_IMU/s_07/01.pkl,s_07,sensitivity_looser,spine,2370,2820,2.651830467551238,1.6626775999385612,0.7077924673682287,False
/home/duanyuhan/dyh/motion/MotionRe/base_mobileposer/data/raw/DIP_IMU/s_07/01.pkl,s_07,sensitivity_looser,hip_knee,2370,2970,4.329089996592351,1.4757453282746213,0.9114883258587415,False
/home/duanyuhan/dyh/motion/MotionRe/base_mobileposer/data/raw/DIP_IMU/s_07/01.pkl,s_07,sensitivity_looser,spine,2370,2970,4.329089996592351,1.4757453282746213,0.8062169322319853,False
/home/duanyuhan/dyh/motion/MotionRe/base_mobileposer/data/raw/DIP_IMU/s_07/01.pkl,s_07,sensitivity_looser,hip_knee,2370,3120,5.626409964246759,1.940310005185412,1.0760328395055252,False
/home/duanyuhan/dyh/motion/MotionRe/base_mobileposer/data/raw/DIP_IMU/s_07/01.pkl,s_07,sensitivity_looser,spine,2370,3120,5.626409964246759,1.940310005185412,1.1224483913280519,False
/home/duanyuhan/dyh/motion/MotionRe/base_mobileposer/data/raw/DIP_IMU/s_07/01.pkl,s_07,sensitivity_looser,hip_knee,2370,3390,8.690718214110763,1.8357482877714635,1.4276520221259559,False
/home/duanyuhan/dyh/motion/MotionRe/base_mobileposer/data/raw/DIP_IMU/s_07/01.pkl,s_07,sensitivity_looser,spine,2370,3390,8.690718214110763,1.8357482877714635,1.14027734201555,False
/home/duanyuhan/dyh/motion/MotionRe/base_mobileposer/data/raw/DIP_IMU/s_07/01.pkl,s_07,sensitivity_looser,hip_knee,2430,2880,7.602611450095844,1.4292822681656088,0.5395446806358328,False
/home/duanyuhan/dyh/motion/MotionRe/base_mobileposer/data/raw/DIP_IMU/s_07/01.pkl,s_07,sensitivity_looser,spine,2430,2880,7.602611450095844,1.4292822681656088,0.6438913952834326,False
/home/duanyuhan/dyh/motion/MotionRe/base_mobileposer/data/raw/DIP_IMU/s_07/01.pkl,s_07,sensitivity_looser,hip_knee,2580,2880,13.116295229276863,0.7709369348724243,0.6748043207338106,False
/home/duanyuhan/dyh/motion/MotionRe/base_mobileposer/data/raw/DIP_IMU/s_07/01.pkl,s_07,sensitivity_looser,spine,2580,2880,13.116295229276863,0.7709369348724243,1.0372226729285323,False
/home/duanyuhan/dyh/motion/MotionRe/base_mobileposer/data/raw/DIP_IMU/s_07/01.pkl,s_07,sensitivity_looser,hip_knee,2670,2970,8.829577289186211,1.578229648369795,0.8905227329255976,False
/home/duanyuhan/dyh/motion/MotionRe/base_mobileposer/data/raw/DIP_IMU/s_07/01.pkl,s_07,sensitivity_looser,spine,2670,2970,8.829577289186211,1.578229648369795,1.394152670352895,False
/home/duanyuhan/dyh/motion/MotionRe/base_mobileposer/data/raw/DIP_IMU/s_07/01.pkl,s_07,sensitivity_looser,hip_knee,2670,3120,7.729453324776878,1.8348543933071972,0.905050772130763,False
/home/duanyuhan/dyh/motion/MotionRe/base_mobileposer/data/raw/DIP_IMU/s_07/01.pkl,s_07,sensitivity_looser,spine,2670,3120,7.729453324776878,1.8348543933071972,1.6939620368940187,False
/home/duanyuhan/dyh/motion/MotionRe/base_mobileposer/data/raw/DIP_IMU/s_07/01.pkl,s_07,sensitivity_looser,hip_knee,2670,3240,8.52475029125041,1.21650646709286,0.5584515858787373,False
/home/duanyuhan/dyh/motion/MotionRe/base_mobileposer/data/raw/DIP_IMU/s_07/01.pkl,s_07,sensitivity_looser,spine,2670,3240,8.52475029125041,1.21650646709286,1.395206949304811,False
/home/duanyuhan/dyh/motion/MotionRe/base_mobileposer/data/raw/DIP_IMU/s_07/01.pkl,s_07,sensitivity_looser,hip_knee,2670,3390,8.729669435730592,1.9503988280782343,1.352190878696307,False
/home/duanyuhan/dyh/motion/MotionRe/base_mobileposer/data/raw/DIP_IMU/s_07/01.pkl,s_07,sensitivity_looser,spine,2670,3390,8.729669435730592,1.9503988280782343,1.3703985468694244,False
/home/duanyuhan/dyh/motion/MotionRe/base_mobileposer/data/raw/DIP_IMU/s_07/01.pkl,s_07,sensitivity_looser,hip_knee,2700,3090,7.243778844764376,1.4531354668527885,1.2445488087682062,False
/home/duanyuhan/dyh/motion/MotionRe/base_mobileposer/data/raw/DIP_IMU/s_07/01.pkl,s_07,sensitivity_looser,spine,2700,3090,7.243778844764376,1.4531354668527885,2.6238250546696906,False
/home/duanyuhan/dyh/motion/MotionRe/base_mobileposer/data/raw/DIP_IMU/s_07/01.pkl,s_07,sensitivity_looser,hip_knee,2730,3300,13.268333304860368,0.9211000236079413,1.1463149213645236,False
/home/duanyuhan/dyh/motion/MotionRe/base_mobileposer/data/raw/DIP_IMU/s_07/01.pkl,s_07,sensitivity_looser,spine,2730,3300,13.268333304860368,0.9211000236079413,2.080558003996105,False
/home/duanyuhan/dyh/motion/MotionRe/base_mobileposer/data/raw/DIP_IMU/s_07/01.pkl,s_07,sensitivity_looser,hip_knee,2760,3330,5.6529261781691105,1.0714546195615102,1.0017056388786114,False
/home/duanyuhan/dyh/motion/MotionRe/base_mobileposer/data/raw/DIP_IMU/s_07/01.pkl,s_07,sensitivity_looser,spine,2760,3330,5.6529261781691105,1.0714546195615102,1.4018545865030385,False
/home/duanyuhan/dyh/motion/MotionRe/base_mobileposer/data/raw/DIP_IMU/s_07/01.pkl,s_07,sensitivity_looser,hip_knee,2820,3120,4.47079436696439,1.0803684744795687,1.2847838679878614,False
/home/duanyuhan/dyh/motion/MotionRe/base_mobileposer/data/raw/DIP_IMU/s_07/01.pkl,s_07,sensitivity_looser,spine,2820,3120,4.47079436696439,1.0803684744795687,1.3682461202092826,False
/home/duanyuhan/dyh/motion/MotionRe/base_mobileposer/data/raw/DIP_IMU/s_07/01.pkl,s_07,sensitivity_looser,hip_knee,2820,3390,6.426850273132588,0.43065139032225136,1.6435099658391479,False
/home/duanyuhan/dyh/motion/MotionRe/base_mobileposer/data/raw/DIP_IMU/s_07/01.pkl,s_07,sensitivity_looser,spine,2820,3390,6.426850273132588,0.43065139032225136,1.7151968071611037,False
/home/duanyuhan/dyh/motion/MotionRe/base_mobileposer/data/raw/DIP_IMU/s_07/01.pkl,s_07,sensitivity_looser,hip_knee,2910,3330,10.285415548860126,1.7254746350660277,1.0764317818519347,False
/home/duanyuhan/dyh/motion/MotionRe/base_mobileposer/data/raw/DIP_IMU/s_07/01.pkl,s_07,sensitivity_looser,spine,2910,3330,10.285415548860126,1.7254746350660277,0.7249150859461885,False
/home/duanyuhan/dyh/motion/MotionRe/base_mobileposer/data/raw/DIP_IMU/s_07/01.pkl,s_07,sensitivity_looser,hip_knee,2970,3390,4.399413019600375,1.0486651264832547,1.3491598125563868,False
/home/duanyuhan/dyh/motion/MotionRe/base_mobileposer/data/raw/DIP_IMU/s_07/01.pkl,s_07,sensitivity_looser,spine,2970,3390,4.399413019600375,1.0486651264832547,1.0920292721940248,False
/home/duanyuhan/dyh/motion/MotionRe/base_mobileposer/data/raw/DIP_IMU/s_07/01.pkl,s_07,sensitivity_looser,hip_knee,3510,6720,15.254866838690543,1.6025576186668613,6.815772007458823,False
/home/duanyuhan/dyh/motion/MotionRe/base_mobileposer/data/raw/DIP_IMU/s_07/01.pkl,s_07,sensitivity_looser,spine,3510,6720,15.254866838690543,1.6025576186668613,2.6709166054427427,False
/home/duanyuhan/dyh/motion/MotionRe/base_mobileposer/data/raw/DIP_IMU/s_07/01.pkl,s_07,sensitivity_looser,hip_knee,3570,4500,17.104755860109627,1.4515619607599264,1.374369077854516,False
/home/duanyuhan/dyh/motion/MotionRe/base_mobileposer/data/raw/DIP_IMU/s_07/01.pkl,s_07,sensitivity_looser,spine,3570,4500,17.104755860109627,1.4515619607599264,0.8494511593460713,False
/home/duanyuhan/dyh/motion/MotionRe/base_mobileposer/data/raw/DIP_IMU/s_07/01.pkl,s_07,sensitivity_looser,hip_knee,3570,4650,15.308414873410305,1.0349647635376302,1.1038189547328217,False
/home/duanyuhan/dyh/motion/MotionRe/base_mobileposer/data/raw/DIP_IMU/s_07/01.pkl,s_07,sensitivity_looser,spine,3570,4650,15.308414873410305,1.0349647635376302,0.882999965886607,False
/home/duanyuhan/dyh/motion/MotionRe/base_mobileposer/data/raw/DIP_IMU/s_07/01.pkl,s_07,sensitivity_looser,hip_knee,3570,5130,18.899527362799656,1.8166999996405662,1.6947135564740419,False
/home/duanyuhan/dyh/motion/MotionRe/base_mobileposer/data/raw/DIP_IMU/s_07/01.pkl,s_07,sensitivity_looser,spine,3570,5130,18.899527362799656,1.8166999996405662,3.233704434075573,False
/home/duanyuhan/dyh/motion/MotionRe/base_mobileposer/data/raw/DIP_IMU/s_07/01.pkl,s_07,sensitivity_looser,hip_knee,3600,4500,12.042769248006326,1.1537943948385587,1.718105180759475,False
/home/duanyuhan/dyh/motion/MotionRe/base_mobileposer/data/raw/DIP_IMU/s_07/01.pkl,s_07,sensitivity_looser,spine,3600,4500,12.042769248006326,1.1537943948385587,1.0401596944386606,False
/home/duanyuhan/dyh/motion/MotionRe/base_mobileposer/data/raw/DIP_IMU/s_07/01.pkl,s_07,sensitivity_looser,hip_knee,3600,4530,12.342128722396033,1.8532469367762499,1.457544095178057,False
/home/duanyuhan/dyh/motion/MotionRe/base_mobileposer/data/raw/DIP_IMU/s_07/01.pkl,s_07,sensitivity_looser,spine,3600,4530,12.342128722396033,1.8532469367762499,0.9918541647841099,False
/home/duanyuhan/dyh/motion/MotionRe/base_mobileposer/data/raw/DIP_IMU/s_07/01.pkl,s_07,sensitivity_looser,hip_knee,3600,4650,14.155251713681327,1.5472717010893353,1.3293656812435077,False
/home/duanyuhan/dyh/motion/MotionRe/base_mobileposer/data/raw/DIP_IMU/s_07/01.pkl,s_07,sensitivity_looser,spine,3600,4650,14.155251713681327,1.5472717010893353,1.6030606054066763,False
/home/duanyuhan/dyh/motion/MotionRe/base_mobileposer/data/raw/DIP_IMU/s_07/01.pkl,s_07,sensitivity_looser,hip_knee,3600,4680,13.536480356161887,1.522176183476699,1.1991206662226641,False
/home/duanyuhan/dyh/motion/MotionRe/base_mobileposer/data/raw/DIP_IMU/s_07/01.pkl,s_07,sensitivity_looser,spine,3600,4680,13.536480356161887,1.522176183476699,1.141615584290293,False
/home/duanyuhan/dyh/motion/MotionRe/base_mobileposer/data/raw/DIP_IMU/s_07/01.pkl,s_07,sensitivity_looser,hip_knee,3600,4830,15.74964609589106,1.9716002717252648,1.181697334539325,False
/home/duanyuhan/dyh/motion/MotionRe/base_mobileposer/data/raw/DIP_IMU/s_07/01.pkl,s_07,sensitivity_looser,spine,3600,4830,15.74964609589106,1.9716002717252648,1.0714210850216936,False
/home/duanyuhan/dyh/motion/MotionRe/base_mobileposer/data/raw/DIP_IMU/s_07/01.pkl,s_07,sensitivity_looser,hip_knee,3660,4290,11.229530690354903,1.0827872294056182,0.8311354985284908,False
/home/duanyuhan/dyh/motion/MotionRe/base_mobileposer/data/raw/DIP_IMU/s_07/01.pkl,s_07,sensitivity_looser,spine,3660,4290,11.229530690354903,1.0827872294056182,1.3906616741134412,False
/home/duanyuhan/dyh/motion/MotionRe/base_mobileposer/data/raw/DIP_IMU/s_07/01.pkl,s_07,sensitivity_looser,hip_knee,3660,4740,19.655878376384297,0.9505315408373796,1.6897212290335752,False
/home/duanyuhan/dyh/motion/MotionRe/base_mobileposer/data/raw/DIP_IMU/s_07/01.pkl,s_07,sensitivity_looser,spine,3660,4740,19.655878376384297,0.9505315408373796,0.6290650969551298,False
/home/duanyuhan/dyh/motion/MotionRe/base_mobileposer/data/raw/DIP_IMU/s_07/01.pkl,s_07,sensitivity_looser,hip_knee,3660,5040,8.05555281062863,1.5247895798335338,1.3148693750888554,False
/home/duanyuhan/dyh/motion/MotionRe/base_mobileposer/data/raw/DIP_IMU/s_07/01.pkl,s_07,sensitivity_looser,spine,3660,5040,8.05555281062863,1.5247895798335338,2.8084449209689506,False
/home/duanyuhan/dyh/motion/MotionRe/base_mobileposer/data/raw/DIP_IMU/s_07/01.pkl,s_07,sensitivity_looser,hip_knee,3720,4080,12.88366101949835,1.8790714510670499,1.1637269620951411,False
/home/duanyuhan/dyh/motion/MotionRe/base_mobileposer/data/raw/DIP_IMU/s_07/01.pkl,s_07,sensitivity_looser,spine,3720,4080,12.88366101949835,1.8790714510670499,3.8619693229831076,False
/home/duanyuhan/dyh/motion/MotionRe/base_mobileposer/data/raw/DIP_IMU/s_07/01.pkl,s_07,sensitivity_looser,hip_knee,3750,4050,11.526031530011764,1.0670038320235344,1.9796563122994526,False
/home/duanyuhan/dyh/motion/MotionRe/base_mobileposer/data/raw/DIP_IMU/s_07/01.pkl,s_07,sensitivity_looser,spine,3750,4050,11.526031530011764,1.0670038320235344,1.333428652322584,False
/home/duanyuhan/dyh/motion/MotionRe/base_mobileposer/data/raw/DIP_IMU/s_07/01.pkl,s_07,sensitivity_looser,hip_knee,3750,4500,8.99521930053927,1.404547699138829,1.2457100226543107,False
/home/duanyuhan/dyh/motion/MotionRe/base_mobileposer/data/raw/DIP_IMU/s_07/01.pkl,s_07,sensitivity_looser,spine,3750,4500,8.99521930053927,1.404547699138829,0.7924968366414206,False
/home/duanyuhan/dyh/motion/MotionRe/base_mobileposer/data/raw/DIP_IMU/s_07/01.pkl,s_07,sensitivity_looser,hip_knee,3750,4680,15.572770767451589,0.660167810504037,1.044273312845767,False
/home/duanyuhan/dyh/motion/MotionRe/base_mobileposer/data/raw/DIP_IMU/s_07/01.pkl,s_07,sensitivity_looser,spine,3750,4680,15.572770767451589,0.660167810504037,1.843029735722207,False
/home/duanyuhan/dyh/motion/MotionRe/base_mobileposer/data/raw/DIP_IMU/s_07/01.pkl,s_07,sensitivity_looser,hip_knee,3750,4830,13.646359171104077,1.2505019863670495,0.7220270346645378,False
/home/duanyuhan/dyh/motion/MotionRe/base_mobileposer/data/raw/DIP_IMU/s_07/01.pkl,s_07,sensitivity_looser,spine,3750,4830,13.646359171104077,1.2505019863670495,1.398615095463109,False
/home/duanyuhan/dyh/motion/MotionRe/base_mobileposer/data/raw/DIP_IMU/s_07/01.pkl,s_07,sensitivity_looser,hip_knee,3750,4980,11.33395370205809,0.7846769709516751,1.3772247021623347,False
/home/duanyuhan/dyh/motion/MotionRe/base_mobileposer/data/raw/DIP_IMU/s_07/01.pkl,s_07,sensitivity_looser,spine,3750,4980,11.33395370205809,0.7846769709516751,1.4958738981176414,False
/home/duanyuhan/dyh/motion/MotionRe/base_mobileposer/data/raw/DIP_IMU/s_07/01.pkl,s_07,sensitivity_looser,hip_knee,3810,4260,14.44900254062105,1.903950181625509,1.3464485119130445,False
/home/duanyuhan/dyh/motion/MotionRe/base_mobileposer/data/raw/DIP_IMU/s_07/01.pkl,s_07,sensitivity_looser,spine,3810,4260,14.44900254062105,1.903950181625509,2.552633999732272,False
/home/duanyuhan/dyh/motion/MotionRe/base_mobileposer/data/raw/DIP_IMU/s_07/01.pkl,s_07,sensitivity_looser,hip_knee,3810,4890,15.237134326814045,1.3696168900260381,1.1683772854740229,False
/home/duanyuhan/dyh/motion/MotionRe/base_mobileposer/data/raw/DIP_IMU/s_07/01.pkl,s_07,sensitivity_looser,spine,3810,4890,15.237134326814045,1.3696168900260381,0.9784777160014627,False
/home/duanyuhan/dyh/motion/MotionRe/base_mobileposer/data/raw/DIP_IMU/s_07/01.pkl,s_07,sensitivity_looser,hip_knee,3870,4230,12.753648073387861,1.8703299028117233,0.42333587849722776,False
/home/duanyuhan/dyh/motion/MotionRe/base_mobileposer/data/raw/DIP_IMU/s_07/01.pkl,s_07,sensitivity_looser,spine,3870,4230,12.753648073387861,1.8703299028117233,4.464691522489505,False
/home/duanyuhan/dyh/motion/MotionRe/base_mobileposer/data/raw/DIP_IMU/s_07/01.pkl,s_07,sensitivity_looser,hip_knee,3870,4800,1.8202222656788996,1.6034859826733234,0.8587364839118914,False
/home/duanyuhan/dyh/motion/MotionRe/base_mobileposer/data/raw/DIP_IMU/s_07/01.pkl,s_07,sensitivity_looser,spine,3870,4800,1.8202222656788996,1.6034859826733234,0.9105726829778328,False
/home/duanyuhan/dyh/motion/MotionRe/base_mobileposer/data/raw/DIP_IMU/s_07/01.pkl,s_07,sensitivity_looser,hip_knee,3870,4950,7.8572625059808825,1.67180395592447,0.7593500415955456,False
/home/duanyuhan/dyh/motion/MotionRe/base_mobileposer/data/raw/DIP_IMU/s_07/01.pkl,s_07,sensitivity_looser,spine,3870,4950,7.8572625059808825,1.67180395592447,0.6494697309446308,False
/home/duanyuhan/dyh/motion/MotionRe/base_mobileposer/data/raw/DIP_IMU/s_07/01.pkl,s_07,sensitivity_looser,hip_knee,3900,4200,4.47180296490464,1.8192208821221154,0.653744902328213,False
/home/duanyuhan/dyh/motion/MotionRe/base_mobileposer/data/raw/DIP_IMU/s_07/01.pkl,s_07,sensitivity_looser,spine,3900,4200,4.47180296490464,1.8192208821221154,0.6244250791779327,False
/home/duanyuhan/dyh/motion/MotionRe/base_mobileposer/data/raw/DIP_IMU/s_07/01.pkl,s_07,sensitivity_looser,hip_knee,3900,4680,18.35964384691187,1.243667067190817,1.802982286508033,False
/home/duanyuhan/dyh/motion/MotionRe/base_mobileposer/data/raw/DIP_IMU/s_07/01.pkl,s_07,sensitivity_looser,spine,3900,4680,18.35964384691187,1.243667067190817,2.0517693458058237,False
/home/duanyuhan/dyh/motion/MotionRe/base_mobileposer/data/raw/DIP_IMU/s_07/01.pkl,s_07,sensitivity_looser,hip_knee,3900,4830,18.10963492001543,1.1910626593190021,1.056690300953881,False
/home/duanyuhan/dyh/motion/MotionRe/base_mobileposer/data/raw/DIP_IMU/s_07/01.pkl,s_07,sensitivity_looser,spine,3900,4830,18.10963492001543,1.1910626593190021,0.7473992747672543,False
/home/duanyuhan/dyh/motion/MotionRe/base_mobileposer/data/raw/DIP_IMU/s_07/01.pkl,s_07,sensitivity_looser,hip_knee,3900,4980,12.589757988910476,0.7432796484452846,1.5472374014740615,False
/home/duanyuhan/dyh/motion/MotionRe/base_mobileposer/data/raw/DIP_IMU/s_07/01.pkl,s_07,sensitivity_looser,spine,3900,4980,12.589757988910476,0.7432796484452846,1.1309804819276896,False
/home/duanyuhan/dyh/motion/MotionRe/base_mobileposer/data/raw/DIP_IMU/s_07/01.pkl,s_07,sensitivity_looser,hip_knee,3930,4800,9.78550053427592,1.3551739976917831,1.0839213664521883,False
/home/duanyuhan/dyh/motion/MotionRe/base_mobileposer/data/raw/DIP_IMU/s_07/01.pkl,s_07,sensitivity_looser,spine,3930,4800,9.78550053427592,1.3551739976917831,4.378953514811387,False
/home/duanyuhan/dyh/motion/MotionRe/base_mobileposer/data/raw/DIP_IMU/s_07/01.pkl,s_07,sensitivity_looser,hip_knee,3960,4260,6.464850017117364,1.5824900168088607,1.1621182328056192,False
/home/duanyuhan/dyh/motion/MotionRe/base_mobileposer/data/raw/DIP_IMU/s_07/01.pkl,s_07,sensitivity_looser,spine,3960,4260,6.464850017117364,1.5824900168088607,1.1701697079807554,False
/home/duanyuhan/dyh/motion/MotionRe/base_mobileposer/data/raw/DIP_IMU/s_07/01.pkl,s_07,sensitivity_looser,hip_knee,3960,4890,9.9551277273007,1.909717244973416,0.8778211920175004,False
/home/duanyuhan/dyh/motion/MotionRe/base_mobileposer/data/raw/DIP_IMU/s_07/01.pkl,s_07,sensitivity_looser,spine,3960,4890,9.9551277273007,1.909717244973416,1.0238734700383858,False
/home/duanyuhan/dyh/motion/MotionRe/base_mobileposer/data/raw/DIP_IMU/s_07/01.pkl,s_07,sensitivity_looser,hip_knee,4020,4950,6.915630024039131,1.2211337008558372,1.328918693678368,False
/home/duanyuhan/dyh/motion/MotionRe/base_mobileposer/data/raw/DIP_IMU/s_07/01.pkl,s_07,sensitivity_looser,spine,4020,4950,6.915630024039131,1.2211337008558372,2.229260677120107,False
/home/duanyuhan/dyh/motion/MotionRe/base_mobileposer/data/raw/DIP_IMU/s_07/01.pkl,s_07,sensitivity_looser,hip_knee,4050,4680,15.276247403634397,1.4755334642056404,2.4560494846249705,False
/home/duanyuhan/dyh/motion/MotionRe/base_mobileposer/data/raw/DIP_IMU/s_07/01.pkl,s_07,sensitivity_looser,spine,4050,4680,15.276247403634397,1.4755334642056404,1.7671536991353112,False
/home/duanyuhan/dyh/motion/MotionRe/base_mobileposer/data/raw/DIP_IMU/s_07/01.pkl,s_07,sensitivity_looser,hip_knee,4050,4830,15.276129700826026,1.4920836295082038,1.7446692585140118,False
/home/duanyuhan/dyh/motion/MotionRe/base_mobileposer/data/raw/DIP_IMU/s_07/01.pkl,s_07,sensitivity_looser,spine,4050,4830,15.276129700826026,1.4920836295082038,0.45363519146692516,False
/home/duanyuhan/dyh/motion/MotionRe/base_mobileposer/data/raw/DIP_IMU/s_07/01.pkl,s_07,sensitivity_looser,hip_knee,4050,4980,11.62507060095144,1.037696307347743,2.305407625387071,False
/home/duanyuhan/dyh/motion/MotionRe/base_mobileposer/data/raw/DIP_IMU/s_07/01.pkl,s_07,sensitivity_looser,spine,4050,4980,11.62507060095144,1.037696307347743,1.0087073983527546,False
/home/duanyuhan/dyh/motion/MotionRe/base_mobileposer/data/raw/DIP_IMU/s_07/01.pkl,s_07,sensitivity_looser,hip_knee,4080,4800,10.911292072961261,1.379536209214012,0.6719364915165993,False
/home/duanyuhan/dyh/motion/MotionRe/base_mobileposer/data/raw/DIP_IMU/s_07/01.pkl,s_07,sensitivity_looser,spine,4080,4800,10.911292072961261,1.379536209214012,3.4351500779481476,False
/home/duanyuhan/dyh/motion/MotionRe/base_mobileposer/data/raw/DIP_IMU/s_07/01.pkl,s_07,sensitivity_looser,hip_knee,4140,4590,10.996940466627207,1.9921792451436124,1.5181491973395533,False
/home/duanyuhan/dyh/motion/MotionRe/base_mobileposer/data/raw/DIP_IMU/s_07/01.pkl,s_07,sensitivity_looser,spine,4140,4590,10.996940466627207,1.9921792451436124,0.6965053568089515,False
/home/duanyuhan/dyh/motion/MotionRe/base_mobileposer/data/raw/DIP_IMU/s_07/01.pkl,s_07,sensitivity_looser,hip_knee,4140,4740,11.261700025713616,1.9990521270642112,1.2007119031602786,False
/home/duanyuhan/dyh/motion/MotionRe/base_mobileposer/data/raw/DIP_IMU/s_07/01.pkl,s_07,sensitivity_looser,spine,4140,4740,11.261700025713616,1.9990521270642112,0.7129514566677623,False
/home/duanyuhan/dyh/motion/MotionRe/base_mobileposer/data/raw/DIP_IMU/s_07/01.pkl,s_07,sensitivity_looser,hip_knee,4230,4800,11.295706899951231,1.3339576542393499,0.9470559913643302,False
/home/duanyuhan/dyh/motion/MotionRe/base_mobileposer/data/raw/DIP_IMU/s_07/01.pkl,s_07,sensitivity_looser,spine,4230,4800,11.295706899951231,1.3339576542393499,4.0161719417485715,False
/home/duanyuhan/dyh/motion/MotionRe/base_mobileposer/data/raw/DIP_IMU/s_07/01.pkl,s_07,sensitivity_looser,hip_knee,4230,4950,7.242627744434993,1.924192754508867,0.784582851703177,False
/home/duanyuhan/dyh/motion/MotionRe/base_mobileposer/data/raw/DIP_IMU/s_07/01.pkl,s_07,sensitivity_looser,spine,4230,4950,7.242627744434993,1.924192754508867,3.873716440758763,False
/home/duanyuhan/dyh/motion/MotionRe/base_mobileposer/data/raw/DIP_IMU/s_07/01.pkl,s_07,sensitivity_looser,hip_knee,4290,4740,9.27148682375544,1.4231973726536042,1.7134687066729395,False
/home/duanyuhan/dyh/motion/MotionRe/base_mobileposer/data/raw/DIP_IMU/s_07/01.pkl,s_07,sensitivity_looser,spine,4290,4740,9.27148682375544,1.4231973726536042,1.0575618940081246,False
/home/duanyuhan/dyh/motion/MotionRe/base_mobileposer/data/raw/DIP_IMU/s_07/01.pkl,s_07,sensitivity_looser,hip_knee,4290,5040,7.584040810059325,1.6499873468922601,1.0129129014061093,False
/home/duanyuhan/dyh/motion/MotionRe/base_mobileposer/data/raw/DIP_IMU/s_07/01.pkl,s_07,sensitivity_looser,spine,4290,5040,7.584040810059325,1.6499873468922601,4.075573786627854,False
/home/duanyuhan/dyh/motion/MotionRe/base_mobileposer/data/raw/DIP_IMU/s_07/01.pkl,s_07,sensitivity_looser,hip_knee,4500,4830,12.351022377071063,1.874210732235072,0.7561398003847141,False
/home/duanyuhan/dyh/motion/MotionRe/base_mobileposer/data/raw/DIP_IMU/s_07/01.pkl,s_07,sensitivity_looser,spine,4500,4830,12.351022377071063,1.874210732235072,0.9458315829663407,False
/home/duanyuhan/dyh/motion/MotionRe/base_mobileposer/data/raw/DIP_IMU/s_07/01.pkl,s_07,sensitivity_looser,hip_knee,4500,4980,10.523306005052644,1.833298871067861,0.8420667939004306,False
/home/duanyuhan/dyh/motion/MotionRe/base_mobileposer/data/raw/DIP_IMU/s_07/01.pkl,s_07,sensitivity_looser,spine,4500,4980,10.523306005052644,1.833298871067861,1.3310751785233415,False
/home/duanyuhan/dyh/motion/MotionRe/base_mobileposer/data/raw/DIP_IMU/s_07/01.pkl,s_07,sensitivity_looser,hip_knee,4530,5130,7.687365777913484,1.5433976391843547,0.8053829442595866,False
/home/duanyuhan/dyh/motion/MotionRe/base_mobileposer/data/raw/DIP_IMU/s_07/01.pkl,s_07,sensitivity_looser,spine,4530,5130,7.687365777913484,1.5433976391843547,1.9006900512065628,False
/home/duanyuhan/dyh/motion/MotionRe/base_mobileposer/data/raw/DIP_IMU/s_07/01.pkl,s_07,sensitivity_looser,hip_knee,4680,4980,9.57315665204449,0.8740396693801137,0.7138464147271784,False
/home/duanyuhan/dyh/motion/MotionRe/base_mobileposer/data/raw/DIP_IMU/s_07/01.pkl,s_07,sensitivity_looser,spine,4680,4980,9.57315665204449,0.8740396693801137,1.1570369221190067,False
/home/duanyuhan/dyh/motion/MotionRe/base_mobileposer/data/raw/DIP_IMU/s_07/01.pkl,s_07,sensitivity_looser,hip_knee,4740,5040,15.995482128014341,1.6967506286211183,2.4618096032757033,False
/home/duanyuhan/dyh/motion/MotionRe/base_mobileposer/data/raw/DIP_IMU/s_07/01.pkl,s_07,sensitivity_looser,spine,4740,5040,15.995482128014341,1.6967506286211183,3.2056809724925124,False
/home/duanyuhan/dyh/motion/MotionRe/base_mobileposer/data/raw/DIP_IMU/s_07/01.pkl,s_07,sensitivity_looser,hip_knee,5220,6450,6.354636095518782,1.842991639825287,1.4839893508769917,False
/home/duanyuhan/dyh/motion/MotionRe/base_mobileposer/data/raw/DIP_IMU/s_07/01.pkl,s_07,sensitivity_looser,spine,5220,6450,6.354636095518782,1.842991639825287,1.34413302837146,False
/home/duanyuhan/dyh/motion/MotionRe/base_mobileposer/data/raw/DIP_IMU/s_07/01.pkl,s_07,sensitivity_looser,hip_knee,5220,6510,10.647596119989446,1.645542874088744,1.3687889814994936,False
/home/duanyuhan/dyh/motion/MotionRe/base_mobileposer/data/raw/DIP_IMU/s_07/01.pkl,s_07,sensitivity_looser,spine,5220,6510,10.647596119989446,1.645542874088744,1.055898585520593,False
/home/duanyuhan/dyh/motion/MotionRe/base_mobileposer/data/raw/DIP_IMU/s_07/01.pkl,s_07,sensitivity_looser,hip_knee,5250,5550,9.360651080100771,1.9586216717264568,0.7698711326651018,False
/home/duanyuhan/dyh/motion/MotionRe/base_mobileposer/data/raw/DIP_IMU/s_07/01.pkl,s_07,sensitivity_looser,spine,5250,5550,9.360651080100771,1.9586216717264568,0.5899651703149933,False
/home/duanyuhan/dyh/motion/MotionRe/base_mobileposer/data/raw/DIP_IMU/s_07/01.pkl,s_07,sensitivity_looser,hip_knee,5250,5610,9.685943080380547,1.9998969405654416,1.0716233049973534,False
/home/duanyuhan/dyh/motion/MotionRe/base_mobileposer/data/raw/DIP_IMU/s_07/01.pkl,s_07,sensitivity_looser,spine,5250,5610,9.685943080380547,1.9998969405654416,1.3740080058313815,False
/home/duanyuhan/dyh/motion/MotionRe/base_mobileposer/data/raw/DIP_IMU/s_07/01.pkl,s_07,sensitivity_looser,hip_knee,5250,5700,19.451001209248307,1.8048267495222994,0.8378981278536979,False
/home/duanyuhan/dyh/motion/MotionRe/base_mobileposer/data/raw/DIP_IMU/s_07/01.pkl,s_07,sensitivity_looser,spine,5250,5700,19.451001209248307,1.8048267495222994,1.6598605509171556,False
/home/duanyuhan/dyh/motion/MotionRe/base_mobileposer/data/raw/DIP_IMU/s_07/01.pkl,s_07,sensitivity_looser,hip_knee,5250,6210,12.450091552705185,0.9484816487653985,0.9513437085647471,False
/home/duanyuhan/dyh/motion/MotionRe/base_mobileposer/data/raw/DIP_IMU/s_07/01.pkl,s_07,sensitivity_looser,spine,5250,6210,12.450091552705185,0.9484816487653985,0.992382585629676,False
/home/duanyuhan/dyh/motion/MotionRe/base_mobileposer/data/raw/DIP_IMU/s_07/01.pkl,s_07,sensitivity_looser,hip_knee,5280,5730,14.314956958582675,1.5733737351879655,0.8145697928249969,False
/home/duanyuhan/dyh/motion/MotionRe/base_mobileposer/data/raw/DIP_IMU/s_07/01.pkl,s_07,sensitivity_looser,spine,5280,5730,14.314956958582675,1.5733737351879655,0.7294370883752176,False
/home/duanyuhan/dyh/motion/MotionRe/base_mobileposer/data/raw/DIP_IMU/s_07/01.pkl,s_07,sensitivity_looser,hip_knee,5280,5760,10.685463584088119,1.969940147249086,0.7510880447564154,False
/home/duanyuhan/dyh/motion/MotionRe/base_mobileposer/data/raw/DIP_IMU/s_07/01.pkl,s_07,sensitivity_looser,spine,5280,5760,10.685463584088119,1.969940147249086,1.2425663686461246,False
/home/duanyuhan/dyh/motion/MotionRe/base_mobileposer/data/raw/DIP_IMU/s_07/01.pkl,s_07,sensitivity_looser,hip_knee,5280,6210,6.138543772040899,1.6377744871437965,0.9022286592179831,False
/home/duanyuhan/dyh/motion/MotionRe/base_mobileposer/data/raw/DIP_IMU/s_07/01.pkl,s_07,sensitivity_looser,spine,5280,6210,6.138543772040899,1.6377744871437965,1.3228000942370892,False
/home/duanyuhan/dyh/motion/MotionRe/base_mobileposer/data/raw/DIP_IMU/s_07/01.pkl,s_07,sensitivity_looser,hip_knee,5310,5610,9.140264760433396,1.832898282041737,0.8873161535268068,False
/home/duanyuhan/dyh/motion/MotionRe/base_mobileposer/data/raw/DIP_IMU/s_07/01.pkl,s_07,sensitivity_looser,spine,5310,5610,9.140264760433396,1.832898282041737,0.9949190207718365,False
/home/duanyuhan/dyh/motion/MotionRe/base_mobileposer/data/raw/DIP_IMU/s_07/01.pkl,s_07,sensitivity_looser,hip_knee,5310,5700,5.3155729167364445,1.0991617563819445,0.8448868797293747,False
/home/duanyuhan/dyh/motion/MotionRe/base_mobileposer/data/raw/DIP_IMU/s_07/01.pkl,s_07,sensitivity_looser,spine,5310,5700,5.3155729167364445,1.0991617563819445,0.5932544305837611,False
/home/duanyuhan/dyh/motion/MotionRe/base_mobileposer/data/raw/DIP_IMU/s_07/01.pkl,s_07,sensitivity_looser,hip_knee,5310,5940,6.9630681301348645,1.757995981239987,1.0883838774377064,False
/home/duanyuhan/dyh/motion/MotionRe/base_mobileposer/data/raw/DIP_IMU/s_07/01.pkl,s_07,sensitivity_looser,spine,5310,5940,6.9630681301348645,1.757995981239987,0.9579476155847363,False
/home/duanyuhan/dyh/motion/MotionRe/base_mobileposer/data/raw/DIP_IMU/s_07/01.pkl,s_07,sensitivity_looser,hip_knee,5310,6360,14.68505798042243,1.604793091603099,1.436867095541253,False
/home/duanyuhan/dyh/motion/MotionRe/base_mobileposer/data/raw/DIP_IMU/s_07/01.pkl,s_07,sensitivity_looser,spine,5310,6360,14.68505798042243,1.604793091603099,0.8406869625860945,False
/home/duanyuhan/dyh/motion/MotionRe/base_mobileposer/data/raw/DIP_IMU/s_07/01.pkl,s_07,sensitivity_looser,hip_knee,5310,6480,14.760765381814712,1.2008387097052908,1.2699202576332298,False
/home/duanyuhan/dyh/motion/MotionRe/base_mobileposer/data/raw/DIP_IMU/s_07/01.pkl,s_07,sensitivity_looser,spine,5310,6480,14.760765381814712,1.2008387097052908,1.0472852879636514,False
/home/duanyuhan/dyh/motion/MotionRe/base_mobileposer/data/raw/DIP_IMU/s_07/01.pkl,s_07,sensitivity_looser,hip_knee,5430,6210,7.935122692725802,1.1406380583107225,1.0099155977640435,False
/home/duanyuhan/dyh/motion/MotionRe/base_mobileposer/data/raw/DIP_IMU/s_07/01.pkl,s_07,sensitivity_looser,spine,5430,6210,7.935122692725802,1.1406380583107225,1.8178016359172637,False
/home/duanyuhan/dyh/motion/MotionRe/base_mobileposer/data/raw/DIP_IMU/s_07/01.pkl,s_07,sensitivity_looser,hip_knee,5490,6000,13.013561564206931,1.9408041894703825,1.412882855740941,False
/home/duanyuhan/dyh/motion/MotionRe/base_mobileposer/data/raw/DIP_IMU/s_07/01.pkl,s_07,sensitivity_looser,spine,5490,6000,13.013561564206931,1.9408041894703825,0.24701536011123695,False
/home/duanyuhan/dyh/motion/MotionRe/base_mobileposer/data/raw/DIP_IMU/s_07/01.pkl,s_07,sensitivity_looser,hip_knee,5490,6330,11.707502554487416,1.8874850588513734,0.9771118983027155,False
/home/duanyuhan/dyh/motion/MotionRe/base_mobileposer/data/raw/DIP_IMU/s_07/01.pkl,s_07,sensitivity_looser,spine,5490,6330,11.707502554487416,1.8874850588513734,0.8679553885167435,False
/home/duanyuhan/dyh/motion/MotionRe/base_mobileposer/data/raw/DIP_IMU/s_07/01.pkl,s_07,sensitivity_looser,hip_knee,5520,6000,5.872303160294431,1.4698981334946286,1.383496382379666,False
/home/duanyuhan/dyh/motion/MotionRe/base_mobileposer/data/raw/DIP_IMU/s_07/01.pkl,s_07,sensitivity_looser,spine,5520,6000,5.872303160294431,1.4698981334946286,0.7768693013690745,False
/home/duanyuhan/dyh/motion/MotionRe/base_mobileposer/data/raw/DIP_IMU/s_07/01.pkl,s_07,sensitivity_looser,hip_knee,5520,6330,7.5517076887491035,1.3487786174127894,0.9076387134224069,False
/home/duanyuhan/dyh/motion/MotionRe/base_mobileposer/data/raw/DIP_IMU/s_07/01.pkl,s_07,sensitivity_looser,spine,5520,6330,7.5517076887491035,1.3487786174127894,0.868911275757716,False
/home/duanyuhan/dyh/motion/MotionRe/base_mobileposer/data/raw/DIP_IMU/s_07/01.pkl,s_07,sensitivity_looser,hip_knee,5580,6360,19.676595748648285,1.5256375722189506,0.9214849090906734,False
/home/duanyuhan/dyh/motion/MotionRe/base_mobileposer/data/raw/DIP_IMU/s_07/01.pkl,s_07,sensitivity_looser,spine,5580,6360,19.676595748648285,1.5256375722189506,2.7706998410295665,False
/home/duanyuhan/dyh/motion/MotionRe/base_mobileposer/data/raw/DIP_IMU/s_07/01.pkl,s_07,sensitivity_looser,hip_knee,5610,6360,6.411241460157892,1.0217889793427108,0.8734285363868857,False
/home/duanyuhan/dyh/motion/MotionRe/base_mobileposer/data/raw/DIP_IMU/s_07/01.pkl,s_07,sensitivity_looser,spine,5610,6360,6.411241460157892,1.0217889793427108,0.9570281150182615,False
/home/duanyuhan/dyh/motion/MotionRe/base_mobileposer/data/raw/DIP_IMU/s_07/01.pkl,s_07,sensitivity_looser,hip_knee,5640,6000,7.99517051287499,1.8788008110198315,0.4690268130995969,False
/home/duanyuhan/dyh/motion/MotionRe/base_mobileposer/data/raw/DIP_IMU/s_07/01.pkl,s_07,sensitivity_looser,spine,5640,6000,7.99517051287499,1.8788008110198315,0.740911821813668,False
/home/duanyuhan/dyh/motion/MotionRe/base_mobileposer/data/raw/DIP_IMU/s_07/01.pkl,s_07,sensitivity_looser,hip_knee,5640,6300,12.58227570850765,1.810661233621861,0.5754502923055803,False
/home/duanyuhan/dyh/motion/MotionRe/base_mobileposer/data/raw/DIP_IMU/s_07/01.pkl,s_07,sensitivity_looser,spine,5640,6300,12.58227570850765,1.810661233621861,1.1310752697415265,False
/home/duanyuhan/dyh/motion/MotionRe/base_mobileposer/data/raw/DIP_IMU/s_07/01.pkl,s_07,sensitivity_looser,hip_knee,5640,6450,15.184824018102036,1.9477208599104698,0.3791344053656073,False
/home/duanyuhan/dyh/motion/MotionRe/base_mobileposer/data/raw/DIP_IMU/s_07/01.pkl,s_07,sensitivity_looser,spine,5640,6450,15.184824018102036,1.9477208599104698,0.8104378441100053,False
/home/duanyuhan/dyh/motion/MotionRe/base_mobileposer/data/raw/DIP_IMU/s_07/01.pkl,s_07,sensitivity_looser,hip_knee,5640,6480,7.585696287377038,1.711356404987494,0.5560954927799068,False
/home/duanyuhan/dyh/motion/MotionRe/base_mobileposer/data/raw/DIP_IMU/s_07/01.pkl,s_07,sensitivity_looser,spine,5640,6480,7.585696287377038,1.711356404987494,0.7330460208913673,False
/home/duanyuhan/dyh/motion/MotionRe/base_mobileposer/data/raw/DIP_IMU/s_07/01.pkl,s_07,sensitivity_looser,hip_knee,5640,6510,10.407187121018477,1.5830526892564702,0.5213667804641166,False
/home/duanyuhan/dyh/motion/MotionRe/base_mobileposer/data/raw/DIP_IMU/s_07/01.pkl,s_07,sensitivity_looser,spine,5640,6510,10.407187121018477,1.5830526892564702,0.5356360348551522,False
/home/duanyuhan/dyh/motion/MotionRe/base_mobileposer/data/raw/DIP_IMU/s_07/01.pkl,s_07,sensitivity_looser,hip_knee,5670,6000,6.221204486811479,0.6503167891970851,0.9152896360675331,False
/home/duanyuhan/dyh/motion/MotionRe/base_mobileposer/data/raw/DIP_IMU/s_07/01.pkl,s_07,sensitivity_looser,spine,5670,6000,6.221204486811479,0.6503167891970851,0.47289180019288374,False
/home/duanyuhan/dyh/motion/MotionRe/base_mobileposer/data/raw/DIP_IMU/s_07/01.pkl,s_07,sensitivity_looser,hip_knee,5670,6300,11.548977550831626,0.9850195652245868,0.7440994136182029,False
/home/duanyuhan/dyh/motion/MotionRe/base_mobileposer/data/raw/DIP_IMU/s_07/01.pkl,s_07,sensitivity_looser,spine,5670,6300,11.548977550831626,0.9850195652245868,0.6998570751932798,False
/home/duanyuhan/dyh/motion/MotionRe/base_mobileposer/data/raw/DIP_IMU/s_07/01.pkl,s_07,sensitivity_looser,hip_knee,5670,6330,9.587862847731175,1.3592370350949288,0.5931396521361894,False
/home/duanyuhan/dyh/motion/MotionRe/base_mobileposer/data/raw/DIP_IMU/s_07/01.pkl,s_07,sensitivity_looser,spine,5670,6330,9.587862847731175,1.3592370350949288,0.40827879266733763,False
/home/duanyuhan/dyh/motion/MotionRe/base_mobileposer/data/raw/DIP_IMU/s_07/01.pkl,s_07,sensitivity_looser,hip_knee,5700,6360,13.126206042282236,1.2365524835304968,0.7381183158601456,False
/home/duanyuhan/dyh/motion/MotionRe/base_mobileposer/data/raw/DIP_IMU/s_07/01.pkl,s_07,sensitivity_looser,spine,5700,6360,13.126206042282236,1.2365524835304968,0.8977331246284833,False
/home/duanyuhan/dyh/motion/MotionRe/base_mobileposer/data/raw/DIP_IMU/s_07/01.pkl,s_07,sensitivity_looser,hip_knee,5700,6450,6.81465308829544,1.6408469683519327,0.5868071590521533,False
/home/duanyuhan/dyh/motion/MotionRe/base_mobileposer/data/raw/DIP_IMU/s_07/01.pkl,s_07,sensitivity_looser,spine,5700,6450,6.81465308829544,1.6408469683519327,1.3051068746413135,False
/home/duanyuhan/dyh/motion/MotionRe/base_mobileposer/data/raw/DIP_IMU/s_07/01.pkl,s_07,sensitivity_looser,hip_knee,5700,6480,15.45817376270438,0.9257659006324168,0.7561963892304137,False
/home/duanyuhan/dyh/motion/MotionRe/base_mobileposer/data/raw/DIP_IMU/s_07/01.pkl,s_07,sensitivity_looser,spine,5700,6480,15.45817376270438,0.9257659006324168,0.8653723586213159,False
/home/duanyuhan/dyh/motion/MotionRe/base_mobileposer/data/raw/DIP_IMU/s_07/01.pkl,s_07,sensitivity_looser,hip_knee,5730,6390,13.40283545189566,1.0923021478509405,1.397114397880687,False
/home/duanyuhan/dyh/motion/MotionRe/base_mobileposer/data/raw/DIP_IMU/s_07/01.pkl,s_07,sensitivity_looser,spine,5730,6390,13.40283545189566,1.0923021478509405,1.170304041592261,False
/home/duanyuhan/dyh/motion/MotionRe/base_mobileposer/data/raw/DIP_IMU/s_07/01.pkl,s_07,sensitivity_looser,hip_knee,5760,6390,12.177561545417188,1.0416250939490037,1.3418049984142526,False
/home/duanyuhan/dyh/motion/MotionRe/base_mobileposer/data/raw/DIP_IMU/s_07/01.pkl,s_07,sensitivity_looser,spine,5760,6390,12.177561545417188,1.0416250939490037,0.8580469460243139,False
/home/duanyuhan/dyh/motion/MotionRe/base_mobileposer/data/raw/DIP_IMU/s_07/01.pkl,s_07,sensitivity_looser,hip_knee,5760,6420,6.363155385551361,1.45997357116712,0.7747025381503198,False
/home/duanyuhan/dyh/motion/MotionRe/base_mobileposer/data/raw/DIP_IMU/s_07/01.pkl,s_07,sensitivity_looser,spine,5760,6420,6.363155385551361,1.45997357116712,0.8263251575377613,False
/home/duanyuhan/dyh/motion/MotionRe/base_mobileposer/data/raw/DIP_IMU/s_07/01.pkl,s_07,sensitivity_looser,hip_knee,5940,6270,10.91694340497272,1.4356596878731664,0.37299506452257336,False
/home/duanyuhan/dyh/motion/MotionRe/base_mobileposer/data/raw/DIP_IMU/s_07/01.pkl,s_07,sensitivity_looser,spine,5940,6270,10.91694340497272,1.4356596878731664,0.7567881798443405,False
/home/duanyuhan/dyh/motion/MotionRe/base_mobileposer/data/raw/DIP_IMU/s_07/01.pkl,s_07,sensitivity_looser,hip_knee,5940,6360,8.126473970427739,1.5325504424768457,0.4645335095188063,False
/home/duanyuhan/dyh/motion/MotionRe/base_mobileposer/data/raw/DIP_IMU/s_07/01.pkl,s_07,sensitivity_looser,spine,5940,6360,8.126473970427739,1.5325504424768457,1.0967047002875134,False
/home/duanyuhan/dyh/motion/MotionRe/base_mobileposer/data/raw/DIP_IMU/s_07/01.pkl,s_07,sensitivity_looser,hip_knee,5940,6450,9.317440330651932,1.6395650526651935,0.3743069133231708,False
/home/duanyuhan/dyh/motion/MotionRe/base_mobileposer/data/raw/DIP_IMU/s_07/01.pkl,s_07,sensitivity_looser,spine,5940,6450,9.317440330651932,1.6395650526651935,1.5229314477657943,False
/home/duanyuhan/dyh/motion/MotionRe/base_mobileposer/data/raw/DIP_IMU/s_07/01.pkl,s_07,sensitivity_looser,hip_knee,6000,6300,6.568737827880275,1.5855610672447418,0.36488987555105623,False
/home/duanyuhan/dyh/motion/MotionRe/base_mobileposer/data/raw/DIP_IMU/s_07/01.pkl,s_07,sensitivity_looser,spine,6000,6300,6.568737827880275,1.5855610672447418,0.8047328161529164,False
/home/duanyuhan/dyh/motion/MotionRe/base_mobileposer/data/raw/DIP_IMU/s_07/01.pkl,s_07,sensitivity_looser,hip_knee,6000,6330,4.703995038371058,0.8160616826294153,0.5659714213503669,False
/home/duanyuhan/dyh/motion/MotionRe/base_mobileposer/data/raw/DIP_IMU/s_07/01.pkl,s_07,sensitivity_looser,spine,6000,6330,4.703995038371058,0.8160616826294153,0.6935517706650791,False
/home/duanyuhan/dyh/motion/MotionRe/base_mobileposer/data/raw/DIP_IMU/s_07/02.pkl,s_07,primary,hip_knee,240,1050,7.980269306536106,0.8852786811529192,3.4201445425343477,False
/home/duanyuhan/dyh/motion/MotionRe/base_mobileposer/data/raw/DIP_IMU/s_07/02.pkl,s_07,primary,spine,240,1050,7.980269306536106,0.8852786811529192,2.850668916818682,False
/home/duanyuhan/dyh/motion/MotionRe/base_mobileposer/data/raw/DIP_IMU/s_07/02.pkl,s_07,primary,hip_knee,240,2190,7.674882199651013,0.9441523827930819,3.845509490084323,False
/home/duanyuhan/dyh/motion/MotionRe/base_mobileposer/data/raw/DIP_IMU/s_07/02.pkl,s_07,primary,spine,240,2190,7.674882199651013,0.9441523827930819,2.9994325622331144,False
/home/duanyuhan/dyh/motion/MotionRe/base_mobileposer/data/raw/DIP_IMU/s_07/02.pkl,s_07,primary,hip_knee,240,2460,9.29771795431386,0.6756685729213356,4.651180399938712,False
/home/duanyuhan/dyh/motion/MotionRe/base_mobileposer/data/raw/DIP_IMU/s_07/02.pkl,s_07,primary,spine,240,2460,9.29771795431386,0.6756685729213356,2.8393377390643777,False
/home/duanyuhan/dyh/motion/MotionRe/base_mobileposer/data/raw/DIP_IMU/s_07/02.pkl,s_07,primary,hip_knee,240,2730,7.769160170015085,0.995445944278848,4.457959461534485,False
/home/duanyuhan/dyh/motion/MotionRe/base_mobileposer/data/raw/DIP_IMU/s_07/02.pkl,s_07,primary,spine,240,2730,7.769160170015085,0.995445944278848,2.9005031055842405,False
/home/duanyuhan/dyh/motion/MotionRe/base_mobileposer/data/raw/DIP_IMU/s_07/02.pkl,s_07,primary,hip_knee,270,1020,9.084553076725026,0.8363073162429707,6.679658358155605,False
/home/duanyuhan/dyh/motion/MotionRe/base_mobileposer/data/raw/DIP_IMU/s_07/02.pkl,s_07,primary,spine,270,1020,9.084553076725026,0.8363073162429707,1.3521142176139025,False
/home/duanyuhan/dyh/motion/MotionRe/base_mobileposer/data/raw/DIP_IMU/s_07/02.pkl,s_07,primary,hip_knee,510,930,5.713561474066572,0.42919758465531566,1.6205943726295127,False
/home/duanyuhan/dyh/motion/MotionRe/base_mobileposer/data/raw/DIP_IMU/s_07/02.pkl,s_07,primary,spine,510,930,5.713561474066572,0.42919758465531566,1.9799141793022927,False
/home/duanyuhan/dyh/motion/MotionRe/base_mobileposer/data/raw/DIP_IMU/s_07/02.pkl,s_07,primary,hip_knee,510,1080,5.862337520776128,0.49788176347150104,2.0656502218878874,False
/home/duanyuhan/dyh/motion/MotionRe/base_mobileposer/data/raw/DIP_IMU/s_07/02.pkl,s_07,primary,spine,510,1080,5.862337520776128,0.49788176347150104,1.6450356094822816,False
/home/duanyuhan/dyh/motion/MotionRe/base_mobileposer/data/raw/DIP_IMU/s_07/02.pkl,s_07,primary,hip_knee,510,1500,5.722071343156662,0.7890270401221182,2.8212111920129517,False
/home/duanyuhan/dyh/motion/MotionRe/base_mobileposer/data/raw/DIP_IMU/s_07/02.pkl,s_07,primary,spine,510,1500,5.722071343156662,0.7890270401221182,1.9681433819818202,False
/home/duanyuhan/dyh/motion/MotionRe/base_mobileposer/data/raw/DIP_IMU/s_07/02.pkl,s_07,primary,hip_knee,510,1650,8.735359790049298,0.788299800679174,4.213180313452481,False
/home/duanyuhan/dyh/motion/MotionRe/base_mobileposer/data/raw/DIP_IMU/s_07/02.pkl,s_07,primary,spine,510,1650,8.735359790049298,0.788299800679174,1.7981854118986462,False
/home/duanyuhan/dyh/motion/MotionRe/base_mobileposer/data/raw/DIP_IMU/s_07/02.pkl,s_07,primary,hip_knee,780,1500,4.303952800350076,0.7025243515467064,1.0300605887197993,False
/home/duanyuhan/dyh/motion/MotionRe/base_mobileposer/data/raw/DIP_IMU/s_07/02.pkl,s_07,primary,spine,780,1500,4.303952800350076,0.7025243515467064,1.076470385801587,False
/home/duanyuhan/dyh/motion/MotionRe/base_mobileposer/data/raw/DIP_IMU/s_07/02.pkl,s_07,primary,hip_knee,780,3360,8.778317768433931,0.9909062704765658,4.252246776069501,False
/home/duanyuhan/dyh/motion/MotionRe/base_mobileposer/data/raw/DIP_IMU/s_07/02.pkl,s_07,primary,spine,780,3360,8.778317768433931,0.9909062704765658,2.7396920701904826,False
/home/duanyuhan/dyh/motion/MotionRe/base_mobileposer/data/raw/DIP_IMU/s_07/02.pkl,s_07,primary,hip_knee,840,1560,3.9161977484216073,0.7302589394299546,1.7357589218507035,False
/home/duanyuhan/dyh/motion/MotionRe/base_mobileposer/data/raw/DIP_IMU/s_07/02.pkl,s_07,primary,spine,840,1560,3.9161977484216073,0.7302589394299546,0.8475986549382091,False
/home/duanyuhan/dyh/motion/MotionRe/base_mobileposer/data/raw/DIP_IMU/s_07/02.pkl,s_07,primary,hip_knee,930,1500,3.960846218005957,0.5482637241941607,1.9591890865985548,False
/home/duanyuhan/dyh/motion/MotionRe/base_mobileposer/data/raw/DIP_IMU/s_07/02.pkl,s_07,primary,spine,930,1500,3.960846218005957,0.5482637241941607,0.985065805399584,False
/home/duanyuhan/dyh/motion/MotionRe/base_mobileposer/data/raw/DIP_IMU/s_07/02.pkl,s_07,primary,hip_knee,930,1650,6.57518392813245,0.6469192030096926,3.2027312534698624,False
/home/duanyuhan/dyh/motion/MotionRe/base_mobileposer/data/raw/DIP_IMU/s_07/02.pkl,s_07,primary,spine,930,1650,6.57518392813245,0.6469192030096926,1.7807217940277906,False
/home/duanyuhan/dyh/motion/MotionRe/base_mobileposer/data/raw/DIP_IMU/s_07/02.pkl,s_07,primary,hip_knee,930,2070,8.240929919744573,0.9359958273349122,4.383272332968859,False
/home/duanyuhan/dyh/motion/MotionRe/base_mobileposer/data/raw/DIP_IMU/s_07/02.pkl,s_07,primary,spine,930,2070,8.240929919744573,0.9359958273349122,2.3685126363439966,False
/home/duanyuhan/dyh/motion/MotionRe/base_mobileposer/data/raw/DIP_IMU/s_07/02.pkl,s_07,primary,hip_knee,930,2610,9.894170883939408,0.9297252549434052,4.58560305088675,False
/home/duanyuhan/dyh/motion/MotionRe/base_mobileposer/data/raw/DIP_IMU/s_07/02.pkl,s_07,primary,spine,930,2610,9.894170883939408,0.9297252549434052,2.030785458719663,False
/home/duanyuhan/dyh/motion/MotionRe/base_mobileposer/data/raw/DIP_IMU/s_07/02.pkl,s_07,primary,hip_knee,1080,1500,3.113516109692594,0.8332960357575064,1.778394215477321,False
/home/duanyuhan/dyh/motion/MotionRe/base_mobileposer/data/raw/DIP_IMU/s_07/02.pkl,s_07,primary,spine,1080,1500,3.113516109692594,0.8332960357575064,0.7142420517836411,False
/home/duanyuhan/dyh/motion/MotionRe/base_mobileposer/data/raw/DIP_IMU/s_07/02.pkl,s_07,primary,hip_knee,1080,1650,6.923238215891922,0.9864458092429164,3.2735955119278657,False
/home/duanyuhan/dyh/motion/MotionRe/base_mobileposer/data/raw/DIP_IMU/s_07/02.pkl,s_07,primary,spine,1080,1650,6.923238215891922,0.9864458092429164,1.4654617750491117,False
/home/duanyuhan/dyh/motion/MotionRe/base_mobileposer/data/raw/DIP_IMU/s_07/02.pkl,s_07,primary,hip_knee,1080,3360,9.497322924610438,0.9837065021234148,4.468052106334064,False
/home/duanyuhan/dyh/motion/MotionRe/base_mobileposer/data/raw/DIP_IMU/s_07/02.pkl,s_07,primary,spine,1080,3360,9.497322924610438,0.9837065021234148,2.336010087085718,False
/home/duanyuhan/dyh/motion/MotionRe/base_mobileposer/data/raw/DIP_IMU/s_07/02.pkl,s_07,primary,hip_knee,1500,2460,9.50467758653635,0.7544944299672041,4.342421180336042,False
/home/duanyuhan/dyh/motion/MotionRe/base_mobileposer/data/raw/DIP_IMU/s_07/02.pkl,s_07,primary,spine,1500,2460,9.50467758653635,0.7544944299672041,1.446568729510881,False
/home/duanyuhan/dyh/motion/MotionRe/base_mobileposer/data/raw/DIP_IMU/s_07/02.pkl,s_07,primary,hip_knee,1650,2070,6.320050008098759,0.7410025578145399,3.4220701794174286,False
/home/duanyuhan/dyh/motion/MotionRe/base_mobileposer/data/raw/DIP_IMU/s_07/02.pkl,s_07,primary,spine,1650,2070,6.320050008098759,0.7410025578145399,0.7166548808289392,False
/home/duanyuhan/dyh/motion/MotionRe/base_mobileposer/data/raw/DIP_IMU/s_07/02.pkl,s_07,primary,hip_knee,2070,2610,6.215820151659745,0.248485447175202,1.8641753236814875,False
/home/duanyuhan/dyh/motion/MotionRe/base_mobileposer/data/raw/DIP_IMU/s_07/02.pkl,s_07,primary,spine,2070,2610,6.215820151659745,0.248485447175202,0.6120616079740828,False
/home/duanyuhan/dyh/motion/MotionRe/base_mobileposer/data/raw/DIP_IMU/s_07/02.pkl,s_07,primary,hip_knee,2070,2880,7.84130325955533,0.6716976380459965,4.423130655818239,False
/home/duanyuhan/dyh/motion/MotionRe/base_mobileposer/data/raw/DIP_IMU/s_07/02.pkl,s_07,primary,spine,2070,2880,7.84130325955533,0.6716976380459965,2.1275237602389585,False
/home/duanyuhan/dyh/motion/MotionRe/base_mobileposer/data/raw/DIP_IMU/s_07/02.pkl,s_07,primary,hip_knee,2190,2730,5.495413021954988,0.7414362857635501,1.4270352109370354,False
/home/duanyuhan/dyh/motion/MotionRe/base_mobileposer/data/raw/DIP_IMU/s_07/02.pkl,s_07,primary,spine,2190,2730,5.495413021954988,0.7414362857635501,0.41216745489115647,False
/home/duanyuhan/dyh/motion/MotionRe/base_mobileposer/data/raw/DIP_IMU/s_07/02.pkl,s_07,primary,hip_knee,2190,3000,6.236628330629914,0.9380414531418809,2.527450815208356,False
/home/duanyuhan/dyh/motion/MotionRe/base_mobileposer/data/raw/DIP_IMU/s_07/02.pkl,s_07,primary,spine,2190,3000,6.236628330629914,0.9380414531418809,0.877140839220797,False
/home/duanyuhan/dyh/motion/MotionRe/base_mobileposer/data/raw/DIP_IMU/s_07/02.pkl,s_07,primary,hip_knee,2340,2880,6.712819787484106,0.4583233026564212,3.578705393979848,False
/home/duanyuhan/dyh/motion/MotionRe/base_mobileposer/data/raw/DIP_IMU/s_07/02.pkl,s_07,primary,spine,2340,2880,6.712819787484106,0.4583233026564212,2.5509568266453506,False
/home/duanyuhan/dyh/motion/MotionRe/base_mobileposer/data/raw/DIP_IMU/s_07/02.pkl,s_07,primary,hip_knee,2370,2910,1.840225796512726,0.8813822444990915,0.8604626539223629,False
/home/duanyuhan/dyh/motion/MotionRe/base_mobileposer/data/raw/DIP_IMU/s_07/02.pkl,s_07,primary,spine,2370,2910,1.840225796512726,0.8813822444990915,3.332880704262878,False
/home/duanyuhan/dyh/motion/MotionRe/base_mobileposer/data/raw/DIP_IMU/s_07/02.pkl,s_07,primary,hip_knee,2460,8790,8.862957140380187,0.9697565850075972,5.411794624986007,False
/home/duanyuhan/dyh/motion/MotionRe/base_mobileposer/data/raw/DIP_IMU/s_07/02.pkl,s_07,primary,spine,2460,8790,8.862957140380187,0.9697565850075972,3.569239954311905,False
/home/duanyuhan/dyh/motion/MotionRe/base_mobileposer/data/raw/DIP_IMU/s_07/02.pkl,s_07,primary,hip_knee,3210,4470,8.52080292774407,0.8744077020798667,8.509141739932733,False
/home/duanyuhan/dyh/motion/MotionRe/base_mobileposer/data/raw/DIP_IMU/s_07/02.pkl,s_07,primary,spine,3210,4470,8.52080292774407,0.8744077020798667,3.396392124709584,False
/home/duanyuhan/dyh/motion/MotionRe/base_mobileposer/data/raw/DIP_IMU/s_07/02.pkl,s_07,primary,hip_knee,3240,4470,9.746269159110476,0.6965826473119531,2.868052821387156,False
/home/duanyuhan/dyh/motion/MotionRe/base_mobileposer/data/raw/DIP_IMU/s_07/02.pkl,s_07,primary,spine,3240,4470,9.746269159110476,0.6965826473119531,3.175349840180724,False
/home/duanyuhan/dyh/motion/MotionRe/base_mobileposer/data/raw/DIP_IMU/s_07/02.pkl,s_07,primary,hip_knee,3450,3960,8.60272251711486,0.4342636557413383,7.01442370945537,False
/home/duanyuhan/dyh/motion/MotionRe/base_mobileposer/data/raw/DIP_IMU/s_07/02.pkl,s_07,primary,spine,3450,3960,8.60272251711486,0.4342636557413383,1.4596557823500118,False
/home/duanyuhan/dyh/motion/MotionRe/base_mobileposer/data/raw/DIP_IMU/s_07/02.pkl,s_07,primary,hip_knee,3810,4470,6.305347435946724,0.6746560479971866,3.612500901641468,False
/home/duanyuhan/dyh/motion/MotionRe/base_mobileposer/data/raw/DIP_IMU/s_07/02.pkl,s_07,primary,spine,3810,4470,6.305347435946724,0.6746560479971866,2.223699208940674,False
/home/duanyuhan/dyh/motion/MotionRe/base_mobileposer/data/raw/DIP_IMU/s_07/02.pkl,s_07,primary,hip_knee,3960,4290,8.74883993459834,0.6186838292032912,2.1066138315823206,False
/home/duanyuhan/dyh/motion/MotionRe/base_mobileposer/data/raw/DIP_IMU/s_07/02.pkl,s_07,primary,spine,3960,4290,8.74883993459834,0.6186838292032912,1.1163459876352493,False
/home/duanyuhan/dyh/motion/MotionRe/base_mobileposer/data/raw/DIP_IMU/s_07/02.pkl,s_07,primary,hip_knee,5370,5700,4.925339851349211,0.6877609159627648,1.8758381172089595,False
/home/duanyuhan/dyh/motion/MotionRe/base_mobileposer/data/raw/DIP_IMU/s_07/02.pkl,s_07,primary,spine,5370,5700,4.925339851349211,0.6877609159627648,0.8958160225489404,False
/home/duanyuhan/dyh/motion/MotionRe/base_mobileposer/data/raw/DIP_IMU/s_07/02.pkl,s_07,primary,hip_knee,5430,5760,7.643069334627312,0.8530058824265943,1.971112144821542,False
/home/duanyuhan/dyh/motion/MotionRe/base_mobileposer/data/raw/DIP_IMU/s_07/02.pkl,s_07,primary,spine,5430,5760,7.643069334627312,0.8530058824265943,0.46800158034177963,False
/home/duanyuhan/dyh/motion/MotionRe/base_mobileposer/data/raw/DIP_IMU/s_07/02.pkl,s_07,primary,hip_knee,5610,6390,9.415015537580002,0.7020388665703166,2.2828569372857177,False
/home/duanyuhan/dyh/motion/MotionRe/base_mobileposer/data/raw/DIP_IMU/s_07/02.pkl,s_07,primary,spine,5610,6390,9.415015537580002,0.7020388665703166,1.0373086587972264,False
/home/duanyuhan/dyh/motion/MotionRe/base_mobileposer/data/raw/DIP_IMU/s_07/02.pkl,s_07,primary,hip_knee,6090,6390,5.969520256783902,0.9994010436304668,1.2421529573243153,False
/home/duanyuhan/dyh/motion/MotionRe/base_mobileposer/data/raw/DIP_IMU/s_07/02.pkl,s_07,primary,spine,6090,6390,5.969520256783902,0.9994010436304668,1.3046364844528051,False
/home/duanyuhan/dyh/motion/MotionRe/base_mobileposer/data/raw/DIP_IMU/s_07/02.pkl,s_07,primary,hip_knee,6240,6540,6.832186808681197,0.671667277587582,0.8440667530363127,False
/home/duanyuhan/dyh/motion/MotionRe/base_mobileposer/data/raw/DIP_IMU/s_07/02.pkl,s_07,primary,spine,6240,6540,6.832186808681197,0.671667277587582,0.8416211556109899,False
/home/duanyuhan/dyh/motion/MotionRe/base_mobileposer/data/raw/DIP_IMU/s_07/02.pkl,s_07,sensitivity_looser,hip_knee,240,750,5.59111830054536,1.6276950502752034,5.056511236432355,False
/home/duanyuhan/dyh/motion/MotionRe/base_mobileposer/data/raw/DIP_IMU/s_07/02.pkl,s_07,sensitivity_looser,spine,240,750,5.59111830054536,1.6276950502752034,3.200329641039851,False
/home/duanyuhan/dyh/motion/MotionRe/base_mobileposer/data/raw/DIP_IMU/s_07/02.pkl,s_07,sensitivity_looser,hip_knee,240,780,5.089715216994079,1.566275537510339,2.868405691862227,False
/home/duanyuhan/dyh/motion/MotionRe/base_mobileposer/data/raw/DIP_IMU/s_07/02.pkl,s_07,sensitivity_looser,spine,240,780,5.089715216994079,1.566275537510339,3.402754253597948,False
/home/duanyuhan/dyh/motion/MotionRe/base_mobileposer/data/raw/DIP_IMU/s_07/02.pkl,s_07,sensitivity_looser,hip_knee,240,930,6.26317027997369,1.3218176982526233,2.6486621359499996,False
/home/duanyuhan/dyh/motion/MotionRe/base_mobileposer/data/raw/DIP_IMU/s_07/02.pkl,s_07,sensitivity_looser,spine,240,930,6.26317027997369,1.3218176982526233,3.8023334421807125,False
/home/duanyuhan/dyh/motion/MotionRe/base_mobileposer/data/raw/DIP_IMU/s_07/02.pkl,s_07,sensitivity_looser,hip_knee,240,1050,7.980269306536106,0.8852786811529192,3.4201445425343477,False
/home/duanyuhan/dyh/motion/MotionRe/base_mobileposer/data/raw/DIP_IMU/s_07/02.pkl,s_07,sensitivity_looser,spine,240,1050,7.980269306536106,0.8852786811529192,2.850668916818682,False
/home/duanyuhan/dyh/motion/MotionRe/base_mobileposer/data/raw/DIP_IMU/s_07/02.pkl,s_07,sensitivity_looser,hip_knee,240,1080,7.06561892852455,1.5509880171998192,3.014342635370726,False
/home/duanyuhan/dyh/motion/MotionRe/base_mobileposer/data/raw/DIP_IMU/s_07/02.pkl,s_07,sensitivity_looser,spine,240,1080,7.06561892852455,1.5509880171998192,3.404789125918216,False
/home/duanyuhan/dyh/motion/MotionRe/base_mobileposer/data/raw/DIP_IMU/s_07/02.pkl,s_07,sensitivity_looser,hip_knee,240,1200,12.401861823816459,1.2964284148240133,2.0955629370899884,False
/home/duanyuhan/dyh/motion/MotionRe/base_mobileposer/data/raw/DIP_IMU/s_07/02.pkl,s_07,sensitivity_looser,spine,240,1200,12.401861823816459,1.2964284148240133,3.4050221455257277,False
/home/duanyuhan/dyh/motion/MotionRe/base_mobileposer/data/raw/DIP_IMU/s_07/02.pkl,s_07,sensitivity_looser,hip_knee,240,1230,8.980426484696544,1.5271959412098506,2.793078220383739,False
/home/duanyuhan/dyh/motion/MotionRe/base_mobileposer/data/raw/DIP_IMU/s_07/02.pkl,s_07,sensitivity_looser,spine,240,1230,8.980426484696544,1.5271959412098506,2.319051441324674,False
/home/duanyuhan/dyh/motion/MotionRe/base_mobileposer/data/raw/DIP_IMU/s_07/02.pkl,s_07,sensitivity_looser,hip_knee,240,1380,9.597119256007444,1.6858814146857932,2.6519296612174785,False
/home/duanyuhan/dyh/motion/MotionRe/base_mobileposer/data/raw/DIP_IMU/s_07/02.pkl,s_07,sensitivity_looser,spine,240,1380,9.597119256007444,1.6858814146857932,2.3229924557561215,False
/home/duanyuhan/dyh/motion/MotionRe/base_mobileposer/data/raw/DIP_IMU/s_07/02.pkl,s_07,sensitivity_looser,hip_knee,240,1500,7.0563867449584,1.2616900356082705,2.580099684325569,False
/home/duanyuhan/dyh/motion/MotionRe/base_mobileposer/data/raw/DIP_IMU/s_07/02.pkl,s_07,sensitivity_looser,spine,240,1500,7.0563867449584,1.2616900356082705,3.5546945781884927,False
/home/duanyuhan/dyh/motion/MotionRe/base_mobileposer/data/raw/DIP_IMU/s_07/02.pkl,s_07,sensitivity_looser,hip_knee,240,1620,11.322969779030934,1.5382334480126298,4.563045182345796,False
/home/duanyuhan/dyh/motion/MotionRe/base_mobileposer/data/raw/DIP_IMU/s_07/02.pkl,s_07,sensitivity_looser,spine,240,1620,11.322969779030934,1.5382334480126298,2.8560578109906447,False
/home/duanyuhan/dyh/motion/MotionRe/base_mobileposer/data/raw/DIP_IMU/s_07/02.pkl,s_07,sensitivity_looser,hip_knee,240,1650,10.824489429878001,1.5348019876268915,4.411154314740722,False
/home/duanyuhan/dyh/motion/MotionRe/base_mobileposer/data/raw/DIP_IMU/s_07/02.pkl,s_07,sensitivity_looser,spine,240,1650,10.824489429878001,1.5348019876268915,2.21094695091107,False
/home/duanyuhan/dyh/motion/MotionRe/base_mobileposer/data/raw/DIP_IMU/s_07/02.pkl,s_07,sensitivity_looser,hip_knee,240,2070,7.154050871552343,1.6849794626974517,4.146803287796677,False
/home/duanyuhan/dyh/motion/MotionRe/base_mobileposer/data/raw/DIP_IMU/s_07/02.pkl,s_07,sensitivity_looser,spine,240,2070,7.154050871552343,1.6849794626974517,2.0963384722351486,False
/home/duanyuhan/dyh/motion/MotionRe/base_mobileposer/data/raw/DIP_IMU/s_07/02.pkl,s_07,sensitivity_looser,hip_knee,240,2190,7.674882199651013,0.9441523827930819,3.845509490084323,False
/home/duanyuhan/dyh/motion/MotionRe/base_mobileposer/data/raw/DIP_IMU/s_07/02.pkl,s_07,sensitivity_looser,spine,240,2190,7.674882199651013,0.9441523827930819,2.9994325622331144,False
/home/duanyuhan/dyh/motion/MotionRe/base_mobileposer/data/raw/DIP_IMU/s_07/02.pkl,s_07,sensitivity_looser,hip_knee,240,2340,9.157071167463029,1.7809044604254956,4.936159651782202,False
/home/duanyuhan/dyh/motion/MotionRe/base_mobileposer/data/raw/DIP_IMU/s_07/02.pkl,s_07,sensitivity_looser,spine,240,2340,9.157071167463029,1.7809044604254956,2.5376430102493814,False
/home/duanyuhan/dyh/motion/MotionRe/base_mobileposer/data/raw/DIP_IMU/s_07/02.pkl,s_07,sensitivity_looser,hip_knee,240,2460,9.29771795431386,0.6756685729213356,4.651180399938712,False
/home/duanyuhan/dyh/motion/MotionRe/base_mobileposer/data/raw/DIP_IMU/s_07/02.pkl,s_07,sensitivity_looser,spine,240,2460,9.29771795431386,0.6756685729213356,2.8393377390643777,False
/home/duanyuhan/dyh/motion/MotionRe/base_mobileposer/data/raw/DIP_IMU/s_07/02.pkl,s_07,sensitivity_looser,hip_knee,240,2580,9.141058517300094,1.8072938083379477,4.6905092282255545,False
/home/duanyuhan/dyh/motion/MotionRe/base_mobileposer/data/raw/DIP_IMU/s_07/02.pkl,s_07,sensitivity_looser,spine,240,2580,9.141058517300094,1.8072938083379477,3.5268646435017086,False
/home/duanyuhan/dyh/motion/MotionRe/base_mobileposer/data/raw/DIP_IMU/s_07/02.pkl,s_07,sensitivity_looser,hip_knee,240,2610,6.980024317667939,1.5601336889319728,4.166784699276104,False
/home/duanyuhan/dyh/motion/MotionRe/base_mobileposer/data/raw/DIP_IMU/s_07/02.pkl,s_07,sensitivity_looser,spine,240,2610,6.980024317667939,1.5601336889319728,2.4591259084870547,False
/home/duanyuhan/dyh/motion/MotionRe/base_mobileposer/data/raw/DIP_IMU/s_07/02.pkl,s_07,sensitivity_looser,hip_knee,240,2700,13.293248120085309,1.9613099785742978,7.821057304544658,False
/home/duanyuhan/dyh/motion/MotionRe/base_mobileposer/data/raw/DIP_IMU/s_07/02.pkl,s_07,sensitivity_looser,spine,240,2700,13.293248120085309,1.9613099785742978,2.9101437168026507,False
/home/duanyuhan/dyh/motion/MotionRe/base_mobileposer/data/raw/DIP_IMU/s_07/02.pkl,s_07,sensitivity_looser,hip_knee,240,2730,7.769160170015085,0.995445944278848,4.457959461534485,False
/home/duanyuhan/dyh/motion/MotionRe/base_mobileposer/data/raw/DIP_IMU/s_07/02.pkl,s_07,sensitivity_looser,spine,240,2730,7.769160170015085,0.995445944278848,2.9005031055842405,False
/home/duanyuhan/dyh/motion/MotionRe/base_mobileposer/data/raw/DIP_IMU/s_07/02.pkl,s_07,sensitivity_looser,hip_knee,240,2850,8.152515610111355,1.3649109142345799,5.765774662579068,False
/home/duanyuhan/dyh/motion/MotionRe/base_mobileposer/data/raw/DIP_IMU/s_07/02.pkl,s_07,sensitivity_looser,spine,240,2850,8.152515610111355,1.3649109142345799,2.2854182324121575,False
/home/duanyuhan/dyh/motion/MotionRe/base_mobileposer/data/raw/DIP_IMU/s_07/02.pkl,s_07,sensitivity_looser,hip_knee,240,3000,9.98475126845617,1.2074366269236887,3.274648012519226,False
/home/duanyuhan/dyh/motion/MotionRe/base_mobileposer/data/raw/DIP_IMU/s_07/02.pkl,s_07,sensitivity_looser,spine,240,3000,9.98475126845617,1.2074366269236887,3.4048535159055215,False
/home/duanyuhan/dyh/motion/MotionRe/base_mobileposer/data/raw/DIP_IMU/s_07/02.pkl,s_07,sensitivity_looser,hip_knee,240,3360,6.488917842742627,1.6013313549333257,4.657474420089193,False
/home/duanyuhan/dyh/motion/MotionRe/base_mobileposer/data/raw/DIP_IMU/s_07/02.pkl,s_07,sensitivity_looser,spine,240,3360,6.488917842742627,1.6013313549333257,4.853436109814521,False
/home/duanyuhan/dyh/motion/MotionRe/base_mobileposer/data/raw/DIP_IMU/s_07/02.pkl,s_07,sensitivity_looser,hip_knee,240,3390,19.47562803943471,1.722539949826958,6.594597227316377,False
/home/duanyuhan/dyh/motion/MotionRe/base_mobileposer/data/raw/DIP_IMU/s_07/02.pkl,s_07,sensitivity_looser,spine,240,3390,19.47562803943471,1.722539949826958,2.568742969305514,False
/home/duanyuhan/dyh/motion/MotionRe/base_mobileposer/data/raw/DIP_IMU/s_07/02.pkl,s_07,sensitivity_looser,hip_knee,240,3900,15.125496934957402,1.8573590104694062,9.17849632421651,False
/home/duanyuhan/dyh/motion/MotionRe/base_mobileposer/data/raw/DIP_IMU/s_07/02.pkl,s_07,sensitivity_looser,spine,240,3900,15.125496934957402,1.8573590104694062,4.452246958087959,False
/home/duanyuhan/dyh/motion/MotionRe/base_mobileposer/data/raw/DIP_IMU/s_07/02.pkl,s_07,sensitivity_looser,hip_knee,240,8130,13.194345761427625,1.8173580668187252,8.939131618245677,False
/home/duanyuhan/dyh/motion/MotionRe/base_mobileposer/data/raw/DIP_IMU/s_07/02.pkl,s_07,sensitivity_looser,spine,240,8130,13.194345761427625,1.8173580668187252,4.7767609867737875,False
/home/duanyuhan/dyh/motion/MotionRe/base_mobileposer/data/raw/DIP_IMU/s_07/02.pkl,s_07,sensitivity_looser,hip_knee,240,8790,13.04196583736189,1.248946536952061,7.3936883318903055,False
/home/duanyuhan/dyh/motion/MotionRe/base_mobileposer/data/raw/DIP_IMU/s_07/02.pkl,s_07,sensitivity_looser,spine,240,8790,13.04196583736189,1.248946536952061,5.253904855444799,False
/home/duanyuhan/dyh/motion/MotionRe/base_mobileposer/data/raw/DIP_IMU/s_07/02.pkl,s_07,sensitivity_looser,hip_knee,270,600,14.736844350064844,1.5829801926106286,15.937215256686885,False
/home/duanyuhan/dyh/motion/MotionRe/base_mobileposer/data/raw/DIP_IMU/s_07/02.pkl,s_07,sensitivity_looser,spine,270,600,14.736844350064844,1.5829801926106286,1.9981426784207699,False
/home/duanyuhan/dyh/motion/MotionRe/base_mobileposer/data/raw/DIP_IMU/s_07/02.pkl,s_07,sensitivity_looser,hip_knee,270,870,6.770425124035455,1.2022610109802745,4.98374991793211,False
/home/duanyuhan/dyh/motion/MotionRe/base_mobileposer/data/raw/DIP_IMU/s_07/02.pkl,s_07,sensitivity_looser,spine,270,870,6.770425124035455,1.2022610109802745,1.984662857505451,False
/home/duanyuhan/dyh/motion/MotionRe/base_mobileposer/data/raw/DIP_IMU/s_07/02.pkl,s_07,sensitivity_looser,hip_knee,270,960,9.837355948430853,1.7554963060415993,13.255100053189658,False
/home/duanyuhan/dyh/motion/MotionRe/base_mobileposer/data/raw/DIP_IMU/s_07/02.pkl,s_07,sensitivity_looser,spine,270,960,9.837355948430853,1.7554963060415993,1.6823439072876651,False
/home/duanyuhan/dyh/motion/MotionRe/base_mobileposer/data/raw/DIP_IMU/s_07/02.pkl,s_07,sensitivity_looser,hip_knee,270,1020,9.084553076725026,0.8363073162429707,6.679658358155605,False
/home/duanyuhan/dyh/motion/MotionRe/base_mobileposer/data/raw/DIP_IMU/s_07/02.pkl,s_07,sensitivity_looser,spine,270,1020,9.084553076725026,0.8363073162429707,1.3521142176139025,False
/home/duanyuhan/dyh/motion/MotionRe/base_mobileposer/data/raw/DIP_IMU/s_07/02.pkl,s_07,sensitivity_looser,hip_knee,270,1110,9.554357967067913,1.6040907207510597,7.484948515031888,False
/home/duanyuhan/dyh/motion/MotionRe/base_mobileposer/data/raw/DIP_IMU/s_07/02.pkl,s_07,sensitivity_looser,spine,270,1110,9.554357967067913,1.6040907207510597,1.5716268059275167,False
/home/duanyuhan/dyh/motion/MotionRe/base_mobileposer/data/raw/DIP_IMU/s_07/02.pkl,s_07,sensitivity_looser,hip_knee,270,1170,10.686035999043918,1.5124878537709086,11.013106452992876,False
/home/duanyuhan/dyh/motion/MotionRe/base_mobileposer/data/raw/DIP_IMU/s_07/02.pkl,s_07,sensitivity_looser,spine,270,1170,10.686035999043918,1.5124878537709086,2.101391466567082,False
/home/duanyuhan/dyh/motion/MotionRe/base_mobileposer/data/raw/DIP_IMU/s_07/02.pkl,s_07,sensitivity_looser,hip_knee,270,1260,7.098247366113212,1.5629871911740858,5.653120588105809,False
/home/duanyuhan/dyh/motion/MotionRe/base_mobileposer/data/raw/DIP_IMU/s_07/02.pkl,s_07,sensitivity_looser,spine,270,1260,7.098247366113212,1.5629871911740858,2.1098664455819804,False
/home/duanyuhan/dyh/motion/MotionRe/base_mobileposer/data/raw/DIP_IMU/s_07/02.pkl,s_07,sensitivity_looser,hip_knee,450,870,4.804149330596645,1.5820496356029985,1.7007068613181793,False
/home/duanyuhan/dyh/motion/MotionRe/base_mobileposer/data/raw/DIP_IMU/s_07/02.pkl,s_07,sensitivity_looser,spine,450,870,4.804149330596645,1.5820496356029985,1.3276140069353748,False
/home/duanyuhan/dyh/motion/MotionRe/base_mobileposer/data/raw/DIP_IMU/s_07/02.pkl,s_07,sensitivity_looser,hip_knee,450,1020,5.995535412136676,1.4955827838494857,5.335509142211467,False
/home/duanyuhan/dyh/motion/MotionRe/base_mobileposer/data/raw/DIP_IMU/s_07/02.pkl,s_07,sensitivity_looser,spine,450,1020,5.995535412136676,1.4955827838494857,2.0699593600563575,False
/home/duanyuhan/dyh/motion/MotionRe/base_mobileposer/data/raw/DIP_IMU/s_07/02.pkl,s_07,sensitivity_looser,hip_knee,450,1410,10.493712644952835,1.5861952641167099,6.797951952462055,False
/home/duanyuhan/dyh/motion/MotionRe/base_mobileposer/data/raw/DIP_IMU/s_07/02.pkl,s_07,sensitivity_looser,spine,450,1410,10.493712644952835,1.5861952641167099,1.7890513830644308,False
/home/duanyuhan/dyh/motion/MotionRe/base_mobileposer/data/raw/DIP_IMU/s_07/02.pkl,s_07,sensitivity_looser,hip_knee,480,1050,6.847994641154399,1.7583566715055883,3.06846703766447,False
/home/duanyuhan/dyh/motion/MotionRe/base_mobileposer/data/raw/DIP_IMU/s_07/02.pkl,s_07,sensitivity_looser,spine,480,1050,6.847994641154399,1.7583566715055883,2.49948864469286,False
/home/duanyuhan/dyh/motion/MotionRe/base_mobileposer/data/raw/DIP_IMU/s_07/02.pkl,s_07,sensitivity_looser,hip_knee,480,1200,11.752255930686665,1.3951202743129743,2.2112095333404396,False
/home/duanyuhan/dyh/motion/MotionRe/base_mobileposer/data/raw/DIP_IMU/s_07/02.pkl,s_07,sensitivity_looser,spine,480,1200,11.752255930686665,1.3951202743129743,2.943451827940739,False
/home/duanyuhan/dyh/motion/MotionRe/base_mobileposer/data/raw/DIP_IMU/s_07/02.pkl,s_07,sensitivity_looser,hip_knee,480,1230,10.3622705536449,1.3691370293470828,2.7250317247885447,False
/home/duanyuhan/dyh/motion/MotionRe/base_mobileposer/data/raw/DIP_IMU/s_07/02.pkl,s_07,sensitivity_looser,spine,480,1230,10.3622705536449,1.3691370293470828,1.7036433519000047,False
/home/duanyuhan/dyh/motion/MotionRe/base_mobileposer/data/raw/DIP_IMU/s_07/02.pkl,s_07,sensitivity_looser,hip_knee,480,1380,10.89263659503374,1.2548628493498526,1.8213325956052988,False
/home/duanyuhan/dyh/motion/MotionRe/base_mobileposer/data/raw/DIP_IMU/s_07/02.pkl,s_07,sensitivity_looser,spine,480,1380,10.89263659503374,1.2548628493498526,2.200147486384235,False
/home/duanyuhan/dyh/motion/MotionRe/base_mobileposer/data/raw/DIP_IMU/s_07/02.pkl,s_07,sensitivity_looser,hip_knee,480,1620,10.047246604287787,1.737006684025361,4.855329825835759,False
/home/duanyuhan/dyh/motion/MotionRe/base_mobileposer/data/raw/DIP_IMU/s_07/02.pkl,s_07,sensitivity_looser,spine,480,1620,10.047246604287787,1.737006684025361,2.593077419161535,False
/home/duanyuhan/dyh/motion/MotionRe/base_mobileposer/data/raw/DIP_IMU/s_07/02.pkl,s_07,sensitivity_looser,hip_knee,480,2850,14.862593550781654,1.9720271073163014,7.112315805864033,False
/home/duanyuhan/dyh/motion/MotionRe/base_mobileposer/data/raw/DIP_IMU/s_07/02.pkl,s_07,sensitivity_looser,spine,480,2850,14.862593550781654,1.9720271073163014,2.5726946708463214,False
/home/duanyuhan/dyh/motion/MotionRe/base_mobileposer/data/raw/DIP_IMU/s_07/02.pkl,s_07,sensitivity_looser,hip_knee,480,3000,7.021976890108054,1.9301400120751222,3.4964131648417647,False
/home/duanyuhan/dyh/motion/MotionRe/base_mobileposer/data/raw/DIP_IMU/s_07/02.pkl,s_07,sensitivity_looser,spine,480,3000,7.021976890108054,1.9301400120751222,4.214976377569166,False
/home/duanyuhan/dyh/motion/MotionRe/base_mobileposer/data/raw/DIP_IMU/s_07/02.pkl,s_07,sensitivity_looser,hip_knee,480,4740,15.693989800604912,1.9694099163749603,10.4634110485202,False
/home/duanyuhan/dyh/motion/MotionRe/base_mobileposer/data/raw/DIP_IMU/s_07/02.pkl,s_07,sensitivity_looser,spine,480,4740,15.693989800604912,1.9694099163749603,3.645243462762504,False
/home/duanyuhan/dyh/motion/MotionRe/base_mobileposer/data/raw/DIP_IMU/s_07/02.pkl,s_07,sensitivity_looser,hip_knee,480,8790,15.410486656050185,1.379278832856523,6.877874953925165,False
/home/duanyuhan/dyh/motion/MotionRe/base_mobileposer/data/raw/DIP_IMU/s_07/02.pkl,s_07,sensitivity_looser,spine,480,8790,15.410486656050185,1.379278832856523,4.980812761952327,False
/home/duanyuhan/dyh/motion/MotionRe/base_mobileposer/data/raw/DIP_IMU/s_07/02.pkl,s_07,sensitivity_looser,hip_knee,510,930,5.713561474066572,0.42919758465531566,1.6205943726295127,False
/home/duanyuhan/dyh/motion/MotionRe/base_mobileposer/data/raw/DIP_IMU/s_07/02.pkl,s_07,sensitivity_looser,spine,510,930,5.713561474066572,0.42919758465531566,1.9799141793022927,False
/home/duanyuhan/dyh/motion/MotionRe/base_mobileposer/data/raw/DIP_IMU/s_07/02.pkl,s_07,sensitivity_looser,hip_knee,510,1050,8.34604426073381,1.1530455317714878,2.071617552671939,False
/home/duanyuhan/dyh/motion/MotionRe/base_mobileposer/data/raw/DIP_IMU/s_07/02.pkl,s_07,sensitivity_looser,spine,510,1050,8.34604426073381,1.1530455317714878,1.4541839873911115,False
/home/duanyuhan/dyh/motion/MotionRe/base_mobileposer/data/raw/DIP_IMU/s_07/02.pkl,s_07,sensitivity_looser,hip_knee,510,1080,5.862337520776128,0.49788176347150104,2.0656502218878874,False
/home/duanyuhan/dyh/motion/MotionRe/base_mobileposer/data/raw/DIP_IMU/s_07/02.pkl,s_07,sensitivity_looser,spine,510,1080,5.862337520776128,0.49788176347150104,1.6450356094822816,False
/home/duanyuhan/dyh/motion/MotionRe/base_mobileposer/data/raw/DIP_IMU/s_07/02.pkl,s_07,sensitivity_looser,hip_knee,510,1200,12.091925441390066,1.6752307731008664,1.5797785365970205,False
/home/duanyuhan/dyh/motion/MotionRe/base_mobileposer/data/raw/DIP_IMU/s_07/02.pkl,s_07,sensitivity_looser,spine,510,1200,12.091925441390066,1.6752307731008664,1.8954128620942898,False
/home/duanyuhan/dyh/motion/MotionRe/base_mobileposer/data/raw/DIP_IMU/s_07/02.pkl,s_07,sensitivity_looser,hip_knee,510,1230,7.4925403309678495,1.4242712709116159,2.333061560647199,False
/home/duanyuhan/dyh/motion/MotionRe/base_mobileposer/data/raw/DIP_IMU/s_07/02.pkl,s_07,sensitivity_looser,spine,510,1230,7.4925403309678495,1.4242712709116159,1.2410301876067436,False
/home/duanyuhan/dyh/motion/MotionRe/base_mobileposer/data/raw/DIP_IMU/s_07/02.pkl,s_07,sensitivity_looser,hip_knee,510,1350,9.734107317596056,1.438135599019817,1.5630185171248556,False
/home/duanyuhan/dyh/motion/MotionRe/base_mobileposer/data/raw/DIP_IMU/s_07/02.pkl,s_07,sensitivity_looser,spine,510,1350,9.734107317596056,1.438135599019817,2.3158236322185255,False
/home/duanyuhan/dyh/motion/MotionRe/base_mobileposer/data/raw/DIP_IMU/s_07/02.pkl,s_07,sensitivity_looser,hip_knee,510,1380,8.147995815493966,1.5898890435604995,2.038096078698623,False
/home/duanyuhan/dyh/motion/MotionRe/base_mobileposer/data/raw/DIP_IMU/s_07/02.pkl,s_07,sensitivity_looser,spine,510,1380,8.147995815493966,1.5898890435604995,1.4500517152862766,False
/home/duanyuhan/dyh/motion/MotionRe/base_mobileposer/data/raw/DIP_IMU/s_07/02.pkl,s_07,sensitivity_looser,hip_knee,510,1500,5.722071343156662,0.7890270401221182,2.8212111920129517,False
/home/duanyuhan/dyh/motion/MotionRe/base_mobileposer/data/raw/DIP_IMU/s_07/02.pkl,s_07,sensitivity_looser,spine,510,1500,5.722071343156662,0.7890270401221182,1.9681433819818202,False
/home/duanyuhan/dyh/motion/MotionRe/base_mobileposer/data/raw/DIP_IMU/s_07/02.pkl,s_07,sensitivity_looser,hip_knee,510,1650,8.735359790049298,0.788299800679174,4.213180313452481,False
/home/duanyuhan/dyh/motion/MotionRe/base_mobileposer/data/raw/DIP_IMU/s_07/02.pkl,s_07,sensitivity_looser,spine,510,1650,8.735359790049298,0.788299800679174,1.7981854118986462,False
/home/duanyuhan/dyh/motion/MotionRe/base_mobileposer/data/raw/DIP_IMU/s_07/02.pkl,s_07,sensitivity_looser,hip_knee,510,2070,9.575724939903344,1.0205851060964968,4.422699761311858,False
/home/duanyuhan/dyh/motion/MotionRe/base_mobileposer/data/raw/DIP_IMU/s_07/02.pkl,s_07,sensitivity_looser,spine,510,2070,9.575724939903344,1.0205851060964968,1.9436078932479495,False
/home/duanyuhan/dyh/motion/MotionRe/base_mobileposer/data/raw/DIP_IMU/s_07/02.pkl,s_07,sensitivity_looser,hip_knee,510,2190,10.67984305288176,1.4124978738366645,4.4085117326411964,False
/home/duanyuhan/dyh/motion/MotionRe/base_mobileposer/data/raw/DIP_IMU/s_07/02.pkl,s_07,sensitivity_looser,spine,510,2190,10.67984305288176,1.4124978738366645,2.3916155059635735,False
/home/duanyuhan/dyh/motion/MotionRe/base_mobileposer/data/raw/DIP_IMU/s_07/02.pkl,s_07,sensitivity_looser,hip_knee,510,2310,17.152579307483276,1.870922399779633,7.31018648034199,False
/home/duanyuhan/dyh/motion/MotionRe/base_mobileposer/data/raw/DIP_IMU/s_07/02.pkl,s_07,sensitivity_looser,spine,510,2310,17.152579307483276,1.870922399779633,3.1007232793774357,False
/home/duanyuhan/dyh/motion/MotionRe/base_mobileposer/data/raw/DIP_IMU/s_07/02.pkl,s_07,sensitivity_looser,hip_knee,510,2340,13.67515046347927,0.9533506387499091,5.48224090111873,False
/home/duanyuhan/dyh/motion/MotionRe/base_mobileposer/data/raw/DIP_IMU/s_07/02.pkl,s_07,sensitivity_looser,spine,510,2340,13.67515046347927,0.9533506387499091,2.328443734175123,False
/home/duanyuhan/dyh/motion/MotionRe/base_mobileposer/data/raw/DIP_IMU/s_07/02.pkl,s_07,sensitivity_looser,hip_knee,510,2460,13.099379906875898,0.9326158587645748,4.867867031337175,False
/home/duanyuhan/dyh/motion/MotionRe/base_mobileposer/data/raw/DIP_IMU/s_07/02.pkl,s_07,sensitivity_looser,spine,510,2460,13.099379906875898,0.9326158587645748,2.098443945534558,False
/home/duanyuhan/dyh/motion/MotionRe/base_mobileposer/data/raw/DIP_IMU/s_07/02.pkl,s_07,sensitivity_looser,hip_knee,510,2580,13.475358285853861,1.3402467093659272,5.018316008665639,False
/home/duanyuhan/dyh/motion/MotionRe/base_mobileposer/data/raw/DIP_IMU/s_07/02.pkl,s_07,sensitivity_looser,spine,510,2580,13.475358285853861,1.3402467093659272,3.1637911114754154,False
/home/duanyuhan/dyh/motion/MotionRe/base_mobileposer/data/raw/DIP_IMU/s_07/02.pkl,s_07,sensitivity_looser,hip_knee,510,2610,11.279973750101833,1.0135655860091966,4.5692954354801065,False
/home/duanyuhan/dyh/motion/MotionRe/base_mobileposer/data/raw/DIP_IMU/s_07/02.pkl,s_07,sensitivity_looser,spine,510,2610,11.279973750101833,1.0135655860091966,1.9268552508045278,False
/home/duanyuhan/dyh/motion/MotionRe/base_mobileposer/data/raw/DIP_IMU/s_07/02.pkl,s_07,sensitivity_looser,hip_knee,510,2700,16.262703935409814,1.9726598080388547,8.248403259665585,False
/home/duanyuhan/dyh/motion/MotionRe/base_mobileposer/data/raw/DIP_IMU/s_07/02.pkl,s_07,sensitivity_looser,spine,510,2700,16.262703935409814,1.9726598080388547,2.8304620098219453,False
/home/duanyuhan/dyh/motion/MotionRe/base_mobileposer/data/raw/DIP_IMU/s_07/02.pkl,s_07,sensitivity_looser,hip_knee,510,2730,12.190807657570147,0.9376105608535505,4.916784321321347,False
/home/duanyuhan/dyh/motion/MotionRe/base_mobileposer/data/raw/DIP_IMU/s_07/02.pkl,s_07,sensitivity_looser,spine,510,2730,12.190807657570147,0.9376105608535505,2.0817928524907483,False
/home/duanyuhan/dyh/motion/MotionRe/base_mobileposer/data/raw/DIP_IMU/s_07/02.pkl,s_07,sensitivity_looser,hip_knee,510,2850,13.689518080467595,1.1593965918634983,6.528812892839959,False
/home/duanyuhan/dyh/motion/MotionRe/base_mobileposer/data/raw/DIP_IMU/s_07/02.pkl,s_07,sensitivity_looser,spine,510,2850,13.689518080467595,1.1593965918634983,3.4651849314194307,False
/home/duanyuhan/dyh/motion/MotionRe/base_mobileposer/data/raw/DIP_IMU/s_07/02.pkl,s_07,sensitivity_looser,hip_knee,510,2880,12.954847215496697,0.8721707712475232,6.200046999708727,False
/home/duanyuhan/dyh/motion/MotionRe/base_mobileposer/data/raw/DIP_IMU/s_07/02.pkl,s_07,sensitivity_looser,spine,510,2880,12.954847215496697,0.8721707712475232,1.4074623868960467,False
/home/duanyuhan/dyh/motion/MotionRe/base_mobileposer/data/raw/DIP_IMU/s_07/02.pkl,s_07,sensitivity_looser,hip_knee,510,3030,6.539731275040618,1.8833318000050518,9.766959310120516,False
/home/duanyuhan/dyh/motion/MotionRe/base_mobileposer/data/raw/DIP_IMU/s_07/02.pkl,s_07,sensitivity_looser,spine,510,3030,6.539731275040618,1.8833318000050518,2.6318089847359594,False
/home/duanyuhan/dyh/motion/MotionRe/base_mobileposer/data/raw/DIP_IMU/s_07/02.pkl,s_07,sensitivity_looser,hip_knee,510,3360,10.6005901002365,1.044007942118752,5.432612626818429,False
/home/duanyuhan/dyh/motion/MotionRe/base_mobileposer/data/raw/DIP_IMU/s_07/02.pkl,s_07,sensitivity_looser,spine,510,3360,10.6005901002365,1.044007942118752,3.6517766270967944,False
/home/duanyuhan/dyh/motion/MotionRe/base_mobileposer/data/raw/DIP_IMU/s_07/02.pkl,s_07,sensitivity_looser,hip_knee,510,3900,16.927220178948534,1.0195033804151565,9.372788170039271,False
/home/duanyuhan/dyh/motion/MotionRe/base_mobileposer/data/raw/DIP_IMU/s_07/02.pkl,s_07,sensitivity_looser,spine,510,3900,16.927220178948534,1.0195033804151565,4.738176757694402,False
/home/duanyuhan/dyh/motion/MotionRe/base_mobileposer/data/raw/DIP_IMU/s_07/02.pkl,s_07,sensitivity_looser,hip_knee,510,7170,14.802566580348124,1.7014026921566616,20.963768885459864,True
/home/duanyuhan/dyh/motion/MotionRe/base_mobileposer/data/raw/DIP_IMU/s_07/02.pkl,s_07,sensitivity_looser,spine,510,7170,14.802566580348124,1.7014026921566616,4.267991711370669,False
/home/duanyuhan/dyh/motion/MotionRe/base_mobileposer/data/raw/DIP_IMU/s_07/02.pkl,s_07,sensitivity_looser,hip_knee,510,8130,9.400703078108421,1.7550815480573017,8.210837814275198,False
/home/duanyuhan/dyh/motion/MotionRe/base_mobileposer/data/raw/DIP_IMU/s_07/02.pkl,s_07,sensitivity_looser,spine,510,8130,9.400703078108421,1.7550815480573017,4.309812834572323,False
/home/duanyuhan/dyh/motion/MotionRe/base_mobileposer/data/raw/DIP_IMU/s_07/02.pkl,s_07,sensitivity_looser,hip_knee,510,8790,15.168741398338126,1.299457017948356,6.8706046317007194,False
/home/duanyuhan/dyh/motion/MotionRe/base_mobileposer/data/raw/DIP_IMU/s_07/02.pkl,s_07,sensitivity_looser,spine,510,8790,15.168741398338126,1.299457017948356,4.406890428754445,False
/home/duanyuhan/dyh/motion/MotionRe/base_mobileposer/data/raw/DIP_IMU/s_07/02.pkl,s_07,sensitivity_looser,hip_knee,540,870,5.481755389338685,1.4232145772235272,5.11439102529183,False
/home/duanyuhan/dyh/motion/MotionRe/base_mobileposer/data/raw/DIP_IMU/s_07/02.pkl,s_07,sensitivity_looser,spine,540,870,5.481755389338685,1.4232145772235272,2.6001128285878283,False
/home/duanyuhan/dyh/motion/MotionRe/base_mobileposer/data/raw/DIP_IMU/s_07/02.pkl,s_07,sensitivity_looser,hip_knee,540,960,9.95922686345665,1.2919518222637774,10.925867606523575,False
/home/duanyuhan/dyh/motion/MotionRe/base_mobileposer/data/raw/DIP_IMU/s_07/02.pkl,s_07,sensitivity_looser,spine,540,960,9.95922686345665,1.2919518222637774,1.3607179987911415,False
/home/duanyuhan/dyh/motion/MotionRe/base_mobileposer/data/raw/DIP_IMU/s_07/02.pkl,s_07,sensitivity_looser,hip_knee,540,1020,5.591477810417651,1.0581414542720842,3.799036100013108,False
/home/duanyuhan/dyh/motion/MotionRe/base_mobileposer/data/raw/DIP_IMU/s_07/02.pkl,s_07,sensitivity_looser,spine,540,1020,5.591477810417651,1.0581414542720842,1.9111650201956787,False
/home/duanyuhan/dyh/motion/MotionRe/base_mobileposer/data/raw/DIP_IMU/s_07/02.pkl,s_07,sensitivity_looser,hip_knee,540,1110,3.749696542119789,1.573079050830215,4.436415297149779,False
/home/duanyuhan/dyh/motion/MotionRe/base_mobileposer/data/raw/DIP_IMU/s_07/02.pkl,s_07,sensitivity_looser,spine,540,1110,3.749696542119789,1.573079050830215,1.3783561818503065,False
/home/duanyuhan/dyh/motion/MotionRe/base_mobileposer/data/raw/DIP_IMU/s_07/02.pkl,s_07,sensitivity_looser,hip_knee,540,1170,9.205152800275885,1.9133807712233675,8.206071813574361,False
/home/duanyuhan/dyh/motion/MotionRe/base_mobileposer/data/raw/DIP_IMU/s_07/02.pkl,s_07,sensitivity_looser,spine,540,1170,9.205152800275885,1.9133807712233675,1.7628737573274036,False
/home/duanyuhan/dyh/motion/MotionRe/base_mobileposer/data/raw/DIP_IMU/s_07/02.pkl,s_07,sensitivity_looser,hip_knee,540,1260,4.610881096060332,1.3781923907934481,6.05509291954005,False
/home/duanyuhan/dyh/motion/MotionRe/base_mobileposer/data/raw/DIP_IMU/s_07/02.pkl,s_07,sensitivity_looser,spine,540,1260,4.610881096060332,1.3781923907934481,2.8896707784535356,False
/home/duanyuhan/dyh/motion/MotionRe/base_mobileposer/data/raw/DIP_IMU/s_07/02.pkl,s_07,sensitivity_looser,hip_knee,570,990,6.536110959121858,1.6920853746375824,1.730348752013772,False
/home/duanyuhan/dyh/motion/MotionRe/base_mobileposer/data/raw/DIP_IMU/s_07/02.pkl,s_07,sensitivity_looser,spine,570,990,6.536110959121858,1.6920853746375824,2.472895815836162,False
/home/duanyuhan/dyh/motion/MotionRe/base_mobileposer/data/raw/DIP_IMU/s_07/02.pkl,s_07,sensitivity_looser,hip_knee,570,1140,4.649101684545679,1.1439927604810602,2.3450425883124852,False
/home/duanyuhan/dyh/motion/MotionRe/base_mobileposer/data/raw/DIP_IMU/s_07/02.pkl,s_07,sensitivity_looser,spine,570,1140,4.649101684545679,1.1439927604810602,1.5633287044639574,False
/home/duanyuhan/dyh/motion/MotionRe/base_mobileposer/data/raw/DIP_IMU/s_07/02.pkl,s_07,sensitivity_looser,hip_knee,570,1290,7.605451718916566,1.7717367240150046,3.883099932861463,False
/home/duanyuhan/dyh/motion/MotionRe/base_mobileposer/data/raw/DIP_IMU/s_07/02.pkl,s_07,sensitivity_looser,spine,570,1290,7.605451718916566,1.7717367240150046,2.8114458816491332,False
/home/duanyuhan/dyh/motion/MotionRe/base_mobileposer/data/raw/DIP_IMU/s_07/02.pkl,s_07,sensitivity_looser,hip_knee,570,1560,4.56658430215212,1.1338722175634723,2.82547467957743,False
/home/duanyuhan/dyh/motion/MotionRe/base_mobileposer/data/raw/DIP_IMU/s_07/02.pkl,s_07,sensitivity_looser,spine,570,1560,4.56658430215212,1.1338722175634723,2.0069121387394495,False
/home/duanyuhan/dyh/motion/MotionRe/base_mobileposer/data/raw/DIP_IMU/s_07/02.pkl,s_07,sensitivity_looser,hip_knee,600,1260,9.881071016248786,1.9534563286617073,18.694700668953864,False
/home/duanyuhan/dyh/motion/MotionRe/base_mobileposer/data/raw/DIP_IMU/s_07/02.pkl,s_07,sensitivity_looser,spine,600,1260,9.881071016248786,1.9534563286617073,2.36046223215637,False
/home/duanyuhan/dyh/motion/MotionRe/base_mobileposer/data/raw/DIP_IMU/s_07/02.pkl,s_07,sensitivity_looser,hip_knee,600,1590,4.455263125647009,1.7284472884706235,7.625937095280458,False
/home/duanyuhan/dyh/motion/MotionRe/base_mobileposer/data/raw/DIP_IMU/s_07/02.pkl,s_07,sensitivity_looser,spine,600,1590,4.455263125647009,1.7284472884706235,1.1478609500364945,False
/home/duanyuhan/dyh/motion/MotionRe/base_mobileposer/data/raw/DIP_IMU/s_07/02.pkl,s_07,sensitivity_looser,hip_knee,630,930,4.880321435297146,1.9318815347820415,1.8332661862813688,False
/home/duanyuhan/dyh/motion/MotionRe/base_mobileposer/data/raw/DIP_IMU/s_07/02.pkl,s_07,sensitivity_looser,spine,630,930,4.880321435297146,1.9318815347820415,1.4852599970015328,False
/home/duanyuhan/dyh/motion/MotionRe/base_mobileposer/data/raw/DIP_IMU/s_07/02.pkl,s_07,sensitivity_looser,hip_knee,630,1080,4.184663635497768,1.9851946441742285,1.6656250518419224,False
/home/duanyuhan/dyh/motion/MotionRe/base_mobileposer/data/raw/DIP_IMU/s_07/02.pkl,s_07,sensitivity_looser,spine,630,1080,4.184663635497768,1.9851946441742285,1.6751174255779022,False
/home/duanyuhan/dyh/motion/MotionRe/base_mobileposer/data/raw/DIP_IMU/s_07/02.pkl,s_07,sensitivity_looser,hip_knee,630,1350,5.8963925533328485,1.8440559953231128,2.793990401622923,False
/home/duanyuhan/dyh/motion/MotionRe/base_mobileposer/data/raw/DIP_IMU/s_07/02.pkl,s_07,sensitivity_looser,spine,630,1350,5.8963925533328485,1.8440559953231128,2.1955431525140137,False
/home/duanyuhan/dyh/motion/MotionRe/base_mobileposer/data/raw/DIP_IMU/s_07/02.pkl,s_07,sensitivity_looser,hip_knee,630,1500,3.2202182945946163,1.73094852106349,1.8164593497582315,False
/home/duanyuhan/dyh/motion/MotionRe/base_mobileposer/data/raw/DIP_IMU/s_07/02.pkl,s_07,sensitivity_looser,spine,630,1500,3.2202182945946163,1.73094852106349,1.8682319635705473,False
/home/duanyuhan/dyh/motion/MotionRe/base_mobileposer/data/raw/DIP_IMU/s_07/02.pkl,s_07,sensitivity_looser,hip_knee,630,2340,11.774897774872006,1.7778923416814936,5.226832972794625,False
/home/duanyuhan/dyh/motion/MotionRe/base_mobileposer/data/raw/DIP_IMU/s_07/02.pkl,s_07,sensitivity_looser,spine,630,2340,11.774897774872006,1.7778923416814936,2.7502670838973464,False
/home/duanyuhan/dyh/motion/MotionRe/base_mobileposer/data/raw/DIP_IMU/s_07/02.pkl,s_07,sensitivity_looser,hip_knee,630,2580,11.620322381978472,1.7834809459359466,5.067833842999415,False
/home/duanyuhan/dyh/motion/MotionRe/base_mobileposer/data/raw/DIP_IMU/s_07/02.pkl,s_07,sensitivity_looser,spine,630,2580,11.620322381978472,1.7834809459359466,3.166518994812385,False
/home/duanyuhan/dyh/motion/MotionRe/base_mobileposer/data/raw/DIP_IMU/s_07/02.pkl,s_07,sensitivity_looser,hip_knee,630,2610,9.350627061928883,1.9227354981612228,4.332255082099927,False
/home/duanyuhan/dyh/motion/MotionRe/base_mobileposer/data/raw/DIP_IMU/s_07/02.pkl,s_07,sensitivity_looser,spine,630,2610,9.350627061928883,1.9227354981612228,2.3497862128985845,False
/home/duanyuhan/dyh/motion/MotionRe/base_mobileposer/data/raw/DIP_IMU/s_07/02.pkl,s_07,sensitivity_looser,hip_knee,630,2730,10.312109217591996,1.8259127418807457,4.630037926812796,False
/home/duanyuhan/dyh/motion/MotionRe/base_mobileposer/data/raw/DIP_IMU/s_07/02.pkl,s_07,sensitivity_looser,spine,630,2730,10.312109217591996,1.8259127418807457,2.3439704098467575,False
/home/duanyuhan/dyh/motion/MotionRe/base_mobileposer/data/raw/DIP_IMU/s_07/02.pkl,s_07,sensitivity_looser,hip_knee,630,2880,10.942695536309433,1.6600598275849578,4.826849899959962,False
/home/duanyuhan/dyh/motion/MotionRe/base_mobileposer/data/raw/DIP_IMU/s_07/02.pkl,s_07,sensitivity_looser,spine,630,2880,10.942695536309433,1.6600598275849578,2.177018031867714,False
/home/duanyuhan/dyh/motion/MotionRe/base_mobileposer/data/raw/DIP_IMU/s_07/02.pkl,s_07,sensitivity_looser,hip_knee,630,3030,8.021154345109716,1.312469234361221,9.283675532303329,False
/home/duanyuhan/dyh/motion/MotionRe/base_mobileposer/data/raw/DIP_IMU/s_07/02.pkl,s_07,sensitivity_looser,spine,630,3030,8.021154345109716,1.312469234361221,2.1155343248173284,False
/home/duanyuhan/dyh/motion/MotionRe/base_mobileposer/data/raw/DIP_IMU/s_07/02.pkl,s_07,sensitivity_looser,hip_knee,630,3360,9.008275071352061,1.9807978804454944,4.422611166647966,False
/home/duanyuhan/dyh/motion/MotionRe/base_mobileposer/data/raw/DIP_IMU/s_07/02.pkl,s_07,sensitivity_looser,spine,630,3360,9.008275071352061,1.9807978804454944,3.8748354871282698,False
/home/duanyuhan/dyh/motion/MotionRe/base_mobileposer/data/raw/DIP_IMU/s_07/02.pkl,s_07,sensitivity_looser,hip_knee,630,3390,18.67758153858933,1.9403542198977473,5.955254015387276,False
/home/duanyuhan/dyh/motion/MotionRe/base_mobileposer/data/raw/DIP_IMU/s_07/02.pkl,s_07,sensitivity_looser,spine,630,3390,18.67758153858933,1.9403542198977473,3.1508511155179764,False
/home/duanyuhan/dyh/motion/MotionRe/base_mobileposer/data/raw/DIP_IMU/s_07/02.pkl,s_07,sensitivity_looser,hip_knee,630,7170,19.20167373194045,1.7959523228848666,20.8322590846771,True
/home/duanyuhan/dyh/motion/MotionRe/base_mobileposer/data/raw/DIP_IMU/s_07/02.pkl,s_07,sensitivity_looser,spine,630,7170,19.20167373194045,1.7959523228848666,3.5978384309773586,False
/home/duanyuhan/dyh/motion/MotionRe/base_mobileposer/data/raw/DIP_IMU/s_07/02.pkl,s_07,sensitivity_looser,hip_knee,660,1050,6.052604924646297,1.961748768579945,3.8847937426000785,False
/home/duanyuhan/dyh/motion/MotionRe/base_mobileposer/data/raw/DIP_IMU/s_07/02.pkl,s_07,sensitivity_looser,spine,660,1050,6.052604924646297,1.961748768579945,1.9514236449369717,False
/home/duanyuhan/dyh/motion/MotionRe/base_mobileposer/data/raw/DIP_IMU/s_07/02.pkl,s_07,sensitivity_looser,hip_knee,660,1200,9.875106265062927,1.6170356085549775,3.3985461802967025,False
/home/duanyuhan/dyh/motion/MotionRe/base_mobileposer/data/raw/DIP_IMU/s_07/02.pkl,s_07,sensitivity_looser,spine,660,1200,9.875106265062927,1.6170356085549775,2.402100197165477,False
/home/duanyuhan/dyh/motion/MotionRe/base_mobileposer/data/raw/DIP_IMU/s_07/02.pkl,s_07,sensitivity_looser,hip_knee,660,1230,6.449002555670104,1.2010511435568703,2.1009907215649717,False
/home/duanyuhan/dyh/motion/MotionRe/base_mobileposer/data/raw/DIP_IMU/s_07/02.pkl,s_07,sensitivity_looser,spine,660,1230,6.449002555670104,1.2010511435568703,1.267036483852701,False
/home/duanyuhan/dyh/motion/MotionRe/base_mobileposer/data/raw/DIP_IMU/s_07/02.pkl,s_07,sensitivity_looser,hip_knee,660,1380,7.043245294023247,1.1082986674972584,2.5144194806992672,False
/home/duanyuhan/dyh/motion/MotionRe/base_mobileposer/data/raw/DIP_IMU/s_07/02.pkl,s_07,sensitivity_looser,spine,660,1380,7.043245294023247,1.1082986674972584,1.6404204506380236,False
/home/duanyuhan/dyh/motion/MotionRe/base_mobileposer/data/raw/DIP_IMU/s_07/02.pkl,s_07,sensitivity_looser,hip_knee,660,8790,12.274356848244858,1.977947425823755,6.153784260593134,False
/home/duanyuhan/dyh/motion/MotionRe/base_mobileposer/data/raw/DIP_IMU/s_07/02.pkl,s_07,sensitivity_looser,spine,660,8790,12.274356848244858,1.977947425823755,4.76026846686184,False
/home/duanyuhan/dyh/motion/MotionRe/base_mobileposer/data/raw/DIP_IMU/s_07/02.pkl,s_07,sensitivity_looser,hip_knee,690,1410,8.148018340304914,1.7329572696484439,3.4241504943918253,False
/home/duanyuhan/dyh/motion/MotionRe/base_mobileposer/data/raw/DIP_IMU/s_07/02.pkl,s_07,sensitivity_looser,spine,690,1410,8.148018340304914,1.7329572696484439,2.297118552018324,False
/home/duanyuhan/dyh/motion/MotionRe/base_mobileposer/data/raw/DIP_IMU/s_07/02.pkl,s_07,sensitivity_looser,hip_knee,720,1140,9.40370196844155,1.7728353386420816,8.595718669860876,False
/home/duanyuhan/dyh/motion/MotionRe/base_mobileposer/data/raw/DIP_IMU/s_07/02.pkl,s_07,sensitivity_looser,spine,720,1140,9.40370196844155,1.7728353386420816,1.6669972327001386,False
/home/duanyuhan/dyh/motion/MotionRe/base_mobileposer/data/raw/DIP_IMU/s_07/02.pkl,s_07,sensitivity_looser,hip_knee,720,1290,9.789187083719053,1.8840437281478517,7.005164944072623,False
/home/duanyuhan/dyh/motion/MotionRe/base_mobileposer/data/raw/DIP_IMU/s_07/02.pkl,s_07,sensitivity_looser,spine,720,1290,9.789187083719053,1.8840437281478517,2.678865778843713,False
/home/duanyuhan/dyh/motion/MotionRe/base_mobileposer/data/raw/DIP_IMU/s_07/02.pkl,s_07,sensitivity_looser,hip_knee,750,1050,6.432321799587878,1.199324842003151,4.418671949685792,False
/home/duanyuhan/dyh/motion/MotionRe/base_mobileposer/data/raw/DIP_IMU/s_07/02.pkl,s_07,sensitivity_looser,spine,750,1050,6.432321799587878,1.199324842003151,2.217077210063867,False
/home/duanyuhan/dyh/motion/MotionRe/base_mobileposer/data/raw/DIP_IMU/s_07/02.pkl,s_07,sensitivity_looser,hip_knee,750,1080,6.40847221130767,1.0255542130188557,4.228297375361196,False
/home/duanyuhan/dyh/motion/MotionRe/base_mobileposer/data/raw/DIP_IMU/s_07/02.pkl,s_07,sensitivity_looser,spine,750,1080,6.40847221130767,1.0255542130188557,2.1095440853434737,False
/home/duanyuhan/dyh/motion/MotionRe/base_mobileposer/data/raw/DIP_IMU/s_07/02.pkl,s_07,sensitivity_looser,hip_knee,750,1200,10.568060288321455,1.2900171301795158,5.079314142283851,False
/home/duanyuhan/dyh/motion/MotionRe/base_mobileposer/data/raw/DIP_IMU/s_07/02.pkl,s_07,sensitivity_looser,spine,750,1200,10.568060288321455,1.2900171301795158,2.8152519980004818,False
/home/duanyuhan/dyh/motion/MotionRe/base_mobileposer/data/raw/DIP_IMU/s_07/02.pkl,s_07,sensitivity_looser,hip_knee,750,1230,7.969502450714694,1.6394990589752934,4.047569900214024,False
/home/duanyuhan/dyh/motion/MotionRe/base_mobileposer/data/raw/DIP_IMU/s_07/02.pkl,s_07,sensitivity_looser,spine,750,1230,7.969502450714694,1.6394990589752934,2.3857616696655755,False
/home/duanyuhan/dyh/motion/MotionRe/base_mobileposer/data/raw/DIP_IMU/s_07/02.pkl,s_07,sensitivity_looser,hip_knee,750,1350,8.049174899053448,1.7730796321086357,5.083906478095447,False
/home/duanyuhan/dyh/motion/MotionRe/base_mobileposer/data/raw/DIP_IMU/s_07/02.pkl,s_07,sensitivity_looser,spine,750,1350,8.049174899053448,1.7730796321086357,2.6404558082405587,False
/home/duanyuhan/dyh/motion/MotionRe/base_mobileposer/data/raw/DIP_IMU/s_07/02.pkl,s_07,sensitivity_looser,hip_knee,750,1380,8.541094218244705,1.7309442271143278,4.439774353542728,False
/home/duanyuhan/dyh/motion/MotionRe/base_mobileposer/data/raw/DIP_IMU/s_07/02.pkl,s_07,sensitivity_looser,spine,750,1380,8.541094218244705,1.7309442271143278,2.556001149398996,False
/home/duanyuhan/dyh/motion/MotionRe/base_mobileposer/data/raw/DIP_IMU/s_07/02.pkl,s_07,sensitivity_looser,hip_knee,750,1500,8.611631425587797,1.2396152199331603,4.052726602560549,False
/home/duanyuhan/dyh/motion/MotionRe/base_mobileposer/data/raw/DIP_IMU/s_07/02.pkl,s_07,sensitivity_looser,spine,750,1500,8.611631425587797,1.2396152199331603,2.4321666724416247,False
/home/duanyuhan/dyh/motion/MotionRe/base_mobileposer/data/raw/DIP_IMU/s_07/02.pkl,s_07,sensitivity_looser,hip_knee,750,1620,9.428412162447719,1.7385235902397864,3.705604868704474,False
/home/duanyuhan/dyh/motion/MotionRe/base_mobileposer/data/raw/DIP_IMU/s_07/02.pkl,s_07,sensitivity_looser,spine,750,1620,9.428412162447719,1.7385235902397864,2.624784731472406,False
/home/duanyuhan/dyh/motion/MotionRe/base_mobileposer/data/raw/DIP_IMU/s_07/02.pkl,s_07,sensitivity_looser,hip_knee,750,1650,9.07068177697416,1.2416996957558621,4.824535177083415,False
/home/duanyuhan/dyh/motion/MotionRe/base_mobileposer/data/raw/DIP_IMU/s_07/02.pkl,s_07,sensitivity_looser,spine,750,1650,9.07068177697416,1.2416996957558621,2.1594059394729697,False
/home/duanyuhan/dyh/motion/MotionRe/base_mobileposer/data/raw/DIP_IMU/s_07/02.pkl,s_07,sensitivity_looser,hip_knee,750,2070,7.827978760114066,1.3331617047511461,6.273607352293775,False
/home/duanyuhan/dyh/motion/MotionRe/base_mobileposer/data/raw/DIP_IMU/s_07/02.pkl,s_07,sensitivity_looser,spine,750,2070,7.827978760114066,1.3331617047511461,2.625990791536682,False
/home/duanyuhan/dyh/motion/MotionRe/base_mobileposer/data/raw/DIP_IMU/s_07/02.pkl,s_07,sensitivity_looser,hip_knee,750,2190,8.215183202407243,1.565052464884669,6.240000865213125,False
/home/duanyuhan/dyh/motion/MotionRe/base_mobileposer/data/raw/DIP_IMU/s_07/02.pkl,s_07,sensitivity_looser,spine,750,2190,8.215183202407243,1.565052464884669,2.886386151208591,False
/home/duanyuhan/dyh/motion/MotionRe/base_mobileposer/data/raw/DIP_IMU/s_07/02.pkl,s_07,sensitivity_looser,hip_knee,750,2340,11.022647269003588,1.0069215935758271,7.158285465132805,False
/home/duanyuhan/dyh/motion/MotionRe/base_mobileposer/data/raw/DIP_IMU/s_07/02.pkl,s_07,sensitivity_looser,spine,750,2340,11.022647269003588,1.0069215935758271,2.962304458977414,False
/home/duanyuhan/dyh/motion/MotionRe/base_mobileposer/data/raw/DIP_IMU/s_07/02.pkl,s_07,sensitivity_looser,hip_knee,750,2460,10.449295920444689,1.2643435745222886,7.199579233237428,False
/home/duanyuhan/dyh/motion/MotionRe/base_mobileposer/data/raw/DIP_IMU/s_07/02.pkl,s_07,sensitivity_looser,spine,750,2460,10.449295920444689,1.2643435745222886,2.9608537907097188,False
/home/duanyuhan/dyh/motion/MotionRe/base_mobileposer/data/raw/DIP_IMU/s_07/02.pkl,s_07,sensitivity_looser,hip_knee,750,2610,8.725245725178684,1.0992189620660837,6.119287636633008,False
/home/duanyuhan/dyh/motion/MotionRe/base_mobileposer/data/raw/DIP_IMU/s_07/02.pkl,s_07,sensitivity_looser,spine,750,2610,8.725245725178684,1.0992189620660837,2.6186324191570374,False
/home/duanyuhan/dyh/motion/MotionRe/base_mobileposer/data/raw/DIP_IMU/s_07/02.pkl,s_07,sensitivity_looser,hip_knee,750,2730,9.499000850228231,1.1094338345182821,6.633409502941137,False
/home/duanyuhan/dyh/motion/MotionRe/base_mobileposer/data/raw/DIP_IMU/s_07/02.pkl,s_07,sensitivity_looser,spine,750,2730,9.499000850228231,1.1094338345182821,2.7190297280598954,False
/home/duanyuhan/dyh/motion/MotionRe/base_mobileposer/data/raw/DIP_IMU/s_07/02.pkl,s_07,sensitivity_looser,hip_knee,750,2850,11.343089033053065,1.8092530690494915,6.7729489983139874,False
/home/duanyuhan/dyh/motion/MotionRe/base_mobileposer/data/raw/DIP_IMU/s_07/02.pkl,s_07,sensitivity_looser,spine,750,2850,11.343089033053065,1.8092530690494915,5.22104109782297,False
/home/duanyuhan/dyh/motion/MotionRe/base_mobileposer/data/raw/DIP_IMU/s_07/02.pkl,s_07,sensitivity_looser,hip_knee,750,2880,10.876956585214804,1.119451357830103,6.469912316352245,False
/home/duanyuhan/dyh/motion/MotionRe/base_mobileposer/data/raw/DIP_IMU/s_07/02.pkl,s_07,sensitivity_looser,spine,750,2880,10.876956585214804,1.119451357830103,2.6678801885600723,False
/home/duanyuhan/dyh/motion/MotionRe/base_mobileposer/data/raw/DIP_IMU/s_07/02.pkl,s_07,sensitivity_looser,hip_knee,750,3000,9.546958550976232,1.9989929432258344,5.107238890364416,False
/home/duanyuhan/dyh/motion/MotionRe/base_mobileposer/data/raw/DIP_IMU/s_07/02.pkl,s_07,sensitivity_looser,spine,750,3000,9.546958550976232,1.9989929432258344,2.64106651671857,False
/home/duanyuhan/dyh/motion/MotionRe/base_mobileposer/data/raw/DIP_IMU/s_07/02.pkl,s_07,sensitivity_looser,hip_knee,750,3030,6.679935073677455,1.9145339558783883,6.859919491681886,False
/home/duanyuhan/dyh/motion/MotionRe/base_mobileposer/data/raw/DIP_IMU/s_07/02.pkl,s_07,sensitivity_looser,spine,750,3030,6.679935073677455,1.9145339558783883,2.9156685084514824,False
/home/duanyuhan/dyh/motion/MotionRe/base_mobileposer/data/raw/DIP_IMU/s_07/02.pkl,s_07,sensitivity_looser,hip_knee,750,3120,17.168998380267002,1.8269541259771167,9.163501483385579,False
/home/duanyuhan/dyh/motion/MotionRe/base_mobileposer/data/raw/DIP_IMU/s_07/02.pkl,s_07,sensitivity_looser,spine,750,3120,17.168998380267002,1.8269541259771167,3.5617642772760423,False
/home/duanyuhan/dyh/motion/MotionRe/base_mobileposer/data/raw/DIP_IMU/s_07/02.pkl,s_07,sensitivity_looser,hip_knee,750,3360,12.053331587646703,1.316968886237733,5.90809248862856,False
/home/duanyuhan/dyh/motion/MotionRe/base_mobileposer/data/raw/DIP_IMU/s_07/02.pkl,s_07,sensitivity_looser,spine,750,3360,12.053331587646703,1.316968886237733,4.409264470855486,False
/home/duanyuhan/dyh/motion/MotionRe/base_mobileposer/data/raw/DIP_IMU/s_07/02.pkl,s_07,sensitivity_looser,hip_knee,750,3900,13.012029141604161,1.4167327118532715,7.08345719600389,False
/home/duanyuhan/dyh/motion/MotionRe/base_mobileposer/data/raw/DIP_IMU/s_07/02.pkl,s_07,sensitivity_looser,spine,750,3900,13.012029141604161,1.4167327118532715,4.6557477056686976,False
/home/duanyuhan/dyh/motion/MotionRe/base_mobileposer/data/raw/DIP_IMU/s_07/02.pkl,s_07,sensitivity_looser,hip_knee,750,7170,13.897423568702692,1.9313695695410744,17.74311119284164,False
/home/duanyuhan/dyh/motion/MotionRe/base_mobileposer/data/raw/DIP_IMU/s_07/02.pkl,s_07,sensitivity_looser,spine,750,7170,13.897423568702692,1.9313695695410744,4.321477571150677,False
/home/duanyuhan/dyh/motion/MotionRe/base_mobileposer/data/raw/DIP_IMU/s_07/02.pkl,s_07,sensitivity_looser,hip_knee,750,8790,12.396515685450511,1.8805363046086767,7.409385452281007,False
/home/duanyuhan/dyh/motion/MotionRe/base_mobileposer/data/raw/DIP_IMU/s_07/02.pkl,s_07,sensitivity_looser,spine,750,8790,12.396515685450511,1.8805363046086767,5.342104371548323,False
/home/duanyuhan/dyh/motion/MotionRe/base_mobileposer/data/raw/DIP_IMU/s_07/02.pkl,s_07,sensitivity_looser,hip_knee,780,1080,3.5814711490973363,1.0775396092801304,1.7047869290029578,False
/home/duanyuhan/dyh/motion/MotionRe/base_mobileposer/data/raw/DIP_IMU/s_07/02.pkl,s_07,sensitivity_looser,spine,780,1080,3.5814711490973363,1.0775396092801304,0.5713251514619603,False
/home/duanyuhan/dyh/motion/MotionRe/base_mobileposer/data/raw/DIP_IMU/s_07/02.pkl,s_07,sensitivity_looser,hip_knee,780,1200,8.92970037811716,1.6837988509828707,1.8261448585011313,False
/home/duanyuhan/dyh/motion/MotionRe/base_mobileposer/data/raw/DIP_IMU/s_07/02.pkl,s_07,sensitivity_looser,spine,780,1200,8.92970037811716,1.6837988509828707,1.1114803463729965,False
/home/duanyuhan/dyh/motion/MotionRe/base_mobileposer/data/raw/DIP_IMU/s_07/02.pkl,s_07,sensitivity_looser,hip_knee,780,1350,6.617097949715618,1.2502118949542038,3.0475553609530355,False
/home/duanyuhan/dyh/motion/MotionRe/base_mobileposer/data/raw/DIP_IMU/s_07/02.pkl,s_07,sensitivity_looser,spine,780,1350,6.617097949715618,1.2502118949542038,1.181468164485951,False
/home/duanyuhan/dyh/motion/MotionRe/base_mobileposer/data/raw/DIP_IMU/s_07/02.pkl,s_07,sensitivity_looser,hip_knee,780,1500,4.303952800350076,0.7025243515467064,1.0300605887197993,False
/home/duanyuhan/dyh/motion/MotionRe/base_mobileposer/data/raw/DIP_IMU/s_07/02.pkl,s_07,sensitivity_looser,spine,780,1500,4.303952800350076,0.7025243515467064,1.076470385801587,False
/home/duanyuhan/dyh/motion/MotionRe/base_mobileposer/data/raw/DIP_IMU/s_07/02.pkl,s_07,sensitivity_looser,hip_knee,780,1620,8.089361125519261,1.9670979425588997,2.073630954989192,False
/home/duanyuhan/dyh/motion/MotionRe/base_mobileposer/data/raw/DIP_IMU/s_07/02.pkl,s_07,sensitivity_looser,spine,780,1620,8.089361125519261,1.9670979425588997,1.1256796104150462,False
/home/duanyuhan/dyh/motion/MotionRe/base_mobileposer/data/raw/DIP_IMU/s_07/02.pkl,s_07,sensitivity_looser,hip_knee,780,1650,6.9589592341568665,1.3494882284212613,2.465098431695094,False
/home/duanyuhan/dyh/motion/MotionRe/base_mobileposer/data/raw/DIP_IMU/s_07/02.pkl,s_07,sensitivity_looser,spine,780,1650,6.9589592341568665,1.3494882284212613,1.6859471112507531,False
/home/duanyuhan/dyh/motion/MotionRe/base_mobileposer/data/raw/DIP_IMU/s_07/02.pkl,s_07,sensitivity_looser,hip_knee,780,2070,7.637732497448072,1.1868853929693792,3.4355035176282853,False
/home/duanyuhan/dyh/motion/MotionRe/base_mobileposer/data/raw/DIP_IMU/s_07/02.pkl,s_07,sensitivity_looser,spine,780,2070,7.637732497448072,1.1868853929693792,2.2786498386933416,False
/home/duanyuhan/dyh/motion/MotionRe/base_mobileposer/data/raw/DIP_IMU/s_07/02.pkl,s_07,sensitivity_looser,hip_knee,780,2190,8.38056379290274,1.4289230870541567,3.662886853099099,False
/home/duanyuhan/dyh/motion/MotionRe/base_mobileposer/data/raw/DIP_IMU/s_07/02.pkl,s_07,sensitivity_looser,spine,780,2190,8.38056379290274,1.4289230870541567,2.1009474495637956,False
/home/duanyuhan/dyh/motion/MotionRe/base_mobileposer/data/raw/DIP_IMU/s_07/02.pkl,s_07,sensitivity_looser,hip_knee,780,2310,15.031720903050255,1.7658661518949474,6.037707763343561,False
/home/duanyuhan/dyh/motion/MotionRe/base_mobileposer/data/raw/DIP_IMU/s_07/02.pkl,s_07,sensitivity_looser,spine,780,2310,15.031720903050255,1.7658661518949474,3.2942547717907735,False
/home/duanyuhan/dyh/motion/MotionRe/base_mobileposer/data/raw/DIP_IMU/s_07/02.pkl,s_07,sensitivity_looser,hip_knee,780,2340,11.515402240889284,0.9240582817200435,4.388403605585833,False
/home/duanyuhan/dyh/motion/MotionRe/base_mobileposer/data/raw/DIP_IMU/s_07/02.pkl,s_07,sensitivity_looser,spine,780,2340,11.515402240889284,0.9240582817200435,2.1978614177405653,False
/home/duanyuhan/dyh/motion/MotionRe/base_mobileposer/data/raw/DIP_IMU/s_07/02.pkl,s_07,sensitivity_looser,hip_knee,780,2460,11.030955249147176,1.1089384452850344,4.541777586792253,False
/home/duanyuhan/dyh/motion/MotionRe/base_mobileposer/data/raw/DIP_IMU/s_07/02.pkl,s_07,sensitivity_looser,spine,780,2460,11.030955249147176,1.1089384452850344,2.106469106413821,False
/home/duanyuhan/dyh/motion/MotionRe/base_mobileposer/data/raw/DIP_IMU/s_07/02.pkl,s_07,sensitivity_looser,hip_knee,780,2580,11.395252095969424,1.238506472200802,4.741344090903047,False
/home/duanyuhan/dyh/motion/MotionRe/base_mobileposer/data/raw/DIP_IMU/s_07/02.pkl,s_07,sensitivity_looser,spine,780,2580,11.395252095969424,1.238506472200802,3.170034065239197,False
/home/duanyuhan/dyh/motion/MotionRe/base_mobileposer/data/raw/DIP_IMU/s_07/02.pkl,s_07,sensitivity_looser,hip_knee,780,2610,9.048924809425966,1.0737002958936774,3.7241700324049045,False
/home/duanyuhan/dyh/motion/MotionRe/base_mobileposer/data/raw/DIP_IMU/s_07/02.pkl,s_07,sensitivity_looser,spine,780,2610,9.048924809425966,1.0737002958936774,1.9874053868460135,False
/home/duanyuhan/dyh/motion/MotionRe/base_mobileposer/data/raw/DIP_IMU/s_07/02.pkl,s_07,sensitivity_looser,hip_knee,780,2730,10.104007683862282,0.9577545223347718,4.049615401434108,False
/home/duanyuhan/dyh/motion/MotionRe/base_mobileposer/data/raw/DIP_IMU/s_07/02.pkl,s_07,sensitivity_looser,spine,780,2730,10.104007683862282,0.9577545223347718,1.7709514495364889,False
/home/duanyuhan/dyh/motion/MotionRe/base_mobileposer/data/raw/DIP_IMU/s_07/02.pkl,s_07,sensitivity_looser,hip_knee,780,2850,11.396979733951303,1.0293906696755621,4.417693425752919,False
/home/duanyuhan/dyh/motion/MotionRe/base_mobileposer/data/raw/DIP_IMU/s_07/02.pkl,s_07,sensitivity_looser,spine,780,2850,11.396979733951303,1.0293906696755621,4.853348434353138,False
/home/duanyuhan/dyh/motion/MotionRe/base_mobileposer/data/raw/DIP_IMU/s_07/02.pkl,s_07,sensitivity_looser,hip_knee,780,2880,10.740864416529483,0.7088942131821574,4.216467048549124,False
/home/duanyuhan/dyh/motion/MotionRe/base_mobileposer/data/raw/DIP_IMU/s_07/02.pkl,s_07,sensitivity_looser,spine,780,2880,10.740864416529483,0.7088942131821574,2.6397928343116552,False
/home/duanyuhan/dyh/motion/MotionRe/base_mobileposer/data/raw/DIP_IMU/s_07/02.pkl,s_07,sensitivity_looser,hip_knee,780,3000,9.921544857685301,1.9602685212388085,2.805451504867945,False
/home/duanyuhan/dyh/motion/MotionRe/base_mobileposer/data/raw/DIP_IMU/s_07/02.pkl,s_07,sensitivity_looser,spine,780,3000,9.921544857685301,1.9602685212388085,2.1957443752835144,False
/home/duanyuhan/dyh/motion/MotionRe/base_mobileposer/data/raw/DIP_IMU/s_07/02.pkl,s_07,sensitivity_looser,hip_knee,780,3030,7.706825319900502,1.4415850240040131,9.68819321195594,False
/home/duanyuhan/dyh/motion/MotionRe/base_mobileposer/data/raw/DIP_IMU/s_07/02.pkl,s_07,sensitivity_looser,spine,780,3030,7.706825319900502,1.4415850240040131,1.7866811809793048,False
/home/duanyuhan/dyh/motion/MotionRe/base_mobileposer/data/raw/DIP_IMU/s_07/02.pkl,s_07,sensitivity_looser,hip_knee,780,3360,8.778317768433931,0.9909062704765658,4.252246776069501,False
/home/duanyuhan/dyh/motion/MotionRe/base_mobileposer/data/raw/DIP_IMU/s_07/02.pkl,s_07,sensitivity_looser,spine,780,3360,8.778317768433931,0.9909062704765658,2.7396920701904826,False
/home/duanyuhan/dyh/motion/MotionRe/base_mobileposer/data/raw/DIP_IMU/s_07/02.pkl,s_07,sensitivity_looser,hip_knee,780,3390,17.0903025147598,1.0125761057920335,5.886566097992181,False
/home/duanyuhan/dyh/motion/MotionRe/base_mobileposer/data/raw/DIP_IMU/s_07/02.pkl,s_07,sensitivity_looser,spine,780,3390,17.0903025147598,1.0125761057920335,2.014677002679836,False
/home/duanyuhan/dyh/motion/MotionRe/base_mobileposer/data/raw/DIP_IMU/s_07/02.pkl,s_07,sensitivity_looser,hip_knee,780,3900,15.860093514310464,1.8614298192640188,8.356423925814791,False
/home/duanyuhan/dyh/motion/MotionRe/base_mobileposer/data/raw/DIP_IMU/s_07/02.pkl,s_07,sensitivity_looser,spine,780,3900,15.860093514310464,1.8614298192640188,4.165516446235966,False
/home/duanyuhan/dyh/motion/MotionRe/base_mobileposer/data/raw/DIP_IMU/s_07/02.pkl,s_07,sensitivity_looser,hip_knee,780,7170,18.989939203736693,1.6452258650593488,21.06792602290272,True
/home/duanyuhan/dyh/motion/MotionRe/base_mobileposer/data/raw/DIP_IMU/s_07/02.pkl,s_07,sensitivity_looser,spine,780,7170,18.989939203736693,1.6452258650593488,3.3132052014380995,False
/home/duanyuhan/dyh/motion/MotionRe/base_mobileposer/data/raw/DIP_IMU/s_07/02.pkl,s_07,sensitivity_looser,hip_knee,780,8130,9.25177259793613,1.8724899724982658,8.425526852012052,False
/home/duanyuhan/dyh/motion/MotionRe/base_mobileposer/data/raw/DIP_IMU/s_07/02.pkl,s_07,sensitivity_looser,spine,780,8130,9.25177259793613,1.8724899724982658,3.475370234220918,False
/home/duanyuhan/dyh/motion/MotionRe/base_mobileposer/data/raw/DIP_IMU/s_07/02.pkl,s_07,sensitivity_looser,hip_knee,780,8790,14.10572404632374,1.2775504565909908,5.965600101044846,False
/home/duanyuhan/dyh/motion/MotionRe/base_mobileposer/data/raw/DIP_IMU/s_07/02.pkl,s_07,sensitivity_looser,spine,780,8790,14.10572404632374,1.2775504565909908,3.5373916250954083,False
/home/duanyuhan/dyh/motion/MotionRe/base_mobileposer/data/raw/DIP_IMU/s_07/02.pkl,s_07,sensitivity_looser,hip_knee,840,1140,3.601277572487074,1.704503491964564,1.791595269544962,False
/home/duanyuhan/dyh/motion/MotionRe/base_mobileposer/data/raw/DIP_IMU/s_07/02.pkl,s_07,sensitivity_looser,spine,840,1140,3.601277572487074,1.704503491964564,0.6171157563368884,False
/home/duanyuhan/dyh/motion/MotionRe/base_mobileposer/data/raw/DIP_IMU/s_07/02.pkl,s_07,sensitivity_looser,hip_knee,840,1560,3.9161977484216073,0.7302589394299546,1.7357589218507035,False
/home/duanyuhan/dyh/motion/MotionRe/base_mobileposer/data/raw/DIP_IMU/s_07/02.pkl,s_07,sensitivity_looser,spine,840,1560,3.9161977484216073,0.7302589394299546,0.8475986549382091,False
/home/duanyuhan/dyh/motion/MotionRe/base_mobileposer/data/raw/DIP_IMU/s_07/02.pkl,s_07,sensitivity_looser,hip_knee,870,1170,5.608508933040747,1.8699015020027587,11.268452869818496,False
/home/duanyuhan/dyh/motion/MotionRe/base_mobileposer/data/raw/DIP_IMU/s_07/02.pkl,s_07,sensitivity_looser,spine,870,1170,5.608508933040747,1.8699015020027587,2.3772405019853147,False
/home/duanyuhan/dyh/motion/MotionRe/base_mobileposer/data/raw/DIP_IMU/s_07/02.pkl,s_07,sensitivity_looser,hip_knee,870,1260,3.2434400458267736,1.4013318311593599,3.141309657002347,False
/home/duanyuhan/dyh/motion/MotionRe/base_mobileposer/data/raw/DIP_IMU/s_07/02.pkl,s_07,sensitivity_looser,spine,870,1260,3.2434400458267736,1.4013318311593599,1.511791905463058,False
/home/duanyuhan/dyh/motion/MotionRe/base_mobileposer/data/raw/DIP_IMU/s_07/02.pkl,s_07,sensitivity_looser,hip_knee,900,1620,9.056475626547899,1.9178404565443443,4.152893941880885,False
/home/duanyuhan/dyh/motion/MotionRe/base_mobileposer/data/raw/DIP_IMU/s_07/02.pkl,s_07,sensitivity_looser,spine,900,1620,9.056475626547899,1.9178404565443443,1.1940346904459294,False
/home/duanyuhan/dyh/motion/MotionRe/base_mobileposer/data/raw/DIP_IMU/s_07/02.pkl,s_07,sensitivity_looser,hip_knee,900,2070,9.621397150791816,1.97125640410681,5.534418269054298,False
/home/duanyuhan/dyh/motion/MotionRe/base_mobileposer/data/raw/DIP_IMU/s_07/02.pkl,s_07,sensitivity_looser,spine,900,2070,9.621397150791816,1.97125640410681,1.9886272476146898,False
/home/duanyuhan/dyh/motion/MotionRe/base_mobileposer/data/raw/DIP_IMU/s_07/02.pkl,s_07,sensitivity_looser,hip_knee,900,2310,16.797828664248044,1.9373132397400783,8.415314317690687,False
/home/duanyuhan/dyh/motion/MotionRe/base_mobileposer/data/raw/DIP_IMU/s_07/02.pkl,s_07,sensitivity_looser,spine,900,2310,16.797828664248044,1.9373132397400783,3.4393622237420884,False
/home/duanyuhan/dyh/motion/MotionRe/base_mobileposer/data/raw/DIP_IMU/s_07/02.pkl,s_07,sensitivity_looser,hip_knee,900,2340,13.232518142804233,1.9546918142623153,6.614641667270766,False
/home/duanyuhan/dyh/motion/MotionRe/base_mobileposer/data/raw/DIP_IMU/s_07/02.pkl,s_07,sensitivity_looser,spine,900,2340,13.232518142804233,1.9546918142623153,2.1254123367622673,False
/home/duanyuhan/dyh/motion/MotionRe/base_mobileposer/data/raw/DIP_IMU/s_07/02.pkl,s_07,sensitivity_looser,hip_knee,900,2610,10.968045532165227,1.8391720919471732,5.576428118138501,False
/home/duanyuhan/dyh/motion/MotionRe/base_mobileposer/data/raw/DIP_IMU/s_07/02.pkl,s_07,sensitivity_looser,spine,900,2610,10.968045532165227,1.8391720919471732,2.047555982243361,False
/home/duanyuhan/dyh/motion/MotionRe/base_mobileposer/data/raw/DIP_IMU/s_07/02.pkl,s_07,sensitivity_looser,hip_knee,900,2850,13.872366333322384,1.873909303576161,7.152611684677172,False
/home/duanyuhan/dyh/motion/MotionRe/base_mobileposer/data/raw/DIP_IMU/s_07/02.pkl,s_07,sensitivity_looser,spine,900,2850,13.872366333322384,1.873909303576161,3.7855483919525397,False
/home/duanyuhan/dyh/motion/MotionRe/base_mobileposer/data/raw/DIP_IMU/s_07/02.pkl,s_07,sensitivity_looser,hip_knee,900,3030,8.413836674030296,1.9774138405849708,8.47031073726875,False
/home/duanyuhan/dyh/motion/MotionRe/base_mobileposer/data/raw/DIP_IMU/s_07/02.pkl,s_07,sensitivity_looser,spine,900,3030,8.413836674030296,1.9774138405849708,2.757347869837331,False
/home/duanyuhan/dyh/motion/MotionRe/base_mobileposer/data/raw/DIP_IMU/s_07/02.pkl,s_07,sensitivity_looser,hip_knee,930,1230,3.9779971024651317,1.8529951070290163,2.1027763427973745,False
/home/duanyuhan/dyh/motion/MotionRe/base_mobileposer/data/raw/DIP_IMU/s_07/02.pkl,s_07,sensitivity_looser,spine,930,1230,3.9779971024651317,1.8529951070290163,2.0968373968698093,False
/home/duanyuhan/dyh/motion/MotionRe/base_mobileposer/data/raw/DIP_IMU/s_07/02.pkl,s_07,sensitivity_looser,hip_knee,930,1350,4.438942292282728,1.285242687948959,1.3187932938579037,False
/home/duanyuhan/dyh/motion/MotionRe/base_mobileposer/data/raw/DIP_IMU/s_07/02.pkl,s_07,sensitivity_looser,spine,930,1350,4.438942292282728,1.285242687948959,0.8832677821179044,False
/home/duanyuhan/dyh/motion/MotionRe/base_mobileposer/data/raw/DIP_IMU/s_07/02.pkl,s_07,sensitivity_looser,hip_knee,930,1380,4.360412121570708,1.9987451401663638,2.1067763578660417,False
/home/duanyuhan/dyh/motion/MotionRe/base_mobileposer/data/raw/DIP_IMU/s_07/02.pkl,s_07,sensitivity_looser,spine,930,1380,4.360412121570708,1.9987451401663638,1.8935648554048201,False
/home/duanyuhan/dyh/motion/MotionRe/base_mobileposer/data/raw/DIP_IMU/s_07/02.pkl,s_07,sensitivity_looser,hip_knee,930,1500,3.960846218005957,0.5482637241941607,1.9591890865985548,False
/home/duanyuhan/dyh/motion/MotionRe/base_mobileposer/data/raw/DIP_IMU/s_07/02.pkl,s_07,sensitivity_looser,spine,930,1500,3.960846218005957,0.5482637241941607,0.985065805399584,False
/home/duanyuhan/dyh/motion/MotionRe/base_mobileposer/data/raw/DIP_IMU/s_07/02.pkl,s_07,sensitivity_looser,hip_knee,930,1620,6.479362946072347,1.9648623350047065,3.3319031523004874,False
/home/duanyuhan/dyh/motion/MotionRe/base_mobileposer/data/raw/DIP_IMU/s_07/02.pkl,s_07,sensitivity_looser,spine,930,1620,6.479362946072347,1.9648623350047065,1.2608047695378384,False
/home/duanyuhan/dyh/motion/MotionRe/base_mobileposer/data/raw/DIP_IMU/s_07/02.pkl,s_07,sensitivity_looser,hip_knee,930,1650,6.57518392813245,0.6469192030096926,3.2027312534698624,False
/home/duanyuhan/dyh/motion/MotionRe/base_mobileposer/data/raw/DIP_IMU/s_07/02.pkl,s_07,sensitivity_looser,spine,930,1650,6.57518392813245,0.6469192030096926,1.7807217940277906,False
/home/duanyuhan/dyh/motion/MotionRe/base_mobileposer/data/raw/DIP_IMU/s_07/02.pkl,s_07,sensitivity_looser,hip_knee,930,2070,8.240929919744573,0.9359958273349122,4.383272332968859,False
/home/duanyuhan/dyh/motion/MotionRe/base_mobileposer/data/raw/DIP_IMU/s_07/02.pkl,s_07,sensitivity_looser,spine,930,2070,8.240929919744573,0.9359958273349122,2.3685126363439966,False
/home/duanyuhan/dyh/motion/MotionRe/base_mobileposer/data/raw/DIP_IMU/s_07/02.pkl,s_07,sensitivity_looser,hip_knee,930,2190,9.294687625032685,1.1494601047052861,4.528553337618243,False
/home/duanyuhan/dyh/motion/MotionRe/base_mobileposer/data/raw/DIP_IMU/s_07/02.pkl,s_07,sensitivity_looser,spine,930,2190,9.294687625032685,1.1494601047052861,1.878604867847543,False
/home/duanyuhan/dyh/motion/MotionRe/base_mobileposer/data/raw/DIP_IMU/s_07/02.pkl,s_07,sensitivity_looser,hip_knee,930,2310,15.82592980754635,1.8657824279806066,7.295610379465305,False
/home/duanyuhan/dyh/motion/MotionRe/base_mobileposer/data/raw/DIP_IMU/s_07/02.pkl,s_07,sensitivity_looser,spine,930,2310,15.82592980754635,1.8657824279806066,3.2909555287457963,False
/home/duanyuhan/dyh/motion/MotionRe/base_mobileposer/data/raw/DIP_IMU/s_07/02.pkl,s_07,sensitivity_looser,hip_knee,930,2340,12.294169239384752,0.8674304171772557,5.506246107412566,False
/home/duanyuhan/dyh/motion/MotionRe/base_mobileposer/data/raw/DIP_IMU/s_07/02.pkl,s_07,sensitivity_looser,spine,930,2340,12.294169239384752,0.8674304171772557,2.123555884193709,False
/home/duanyuhan/dyh/motion/MotionRe/base_mobileposer/data/raw/DIP_IMU/s_07/02.pkl,s_07,sensitivity_looser,hip_knee,930,2460,11.686113548418906,0.7027199333204931,5.0605515545404405,False
/home/duanyuhan/dyh/motion/MotionRe/base_mobileposer/data/raw/DIP_IMU/s_07/02.pkl,s_07,sensitivity_looser,spine,930,2460,11.686113548418906,0.7027199333204931,2.11024130762808,False
/home/duanyuhan/dyh/motion/MotionRe/base_mobileposer/data/raw/DIP_IMU/s_07/02.pkl,s_07,sensitivity_looser,hip_knee,930,2580,12.09474198276334,1.3673164247811864,5.186879025106804,False
/home/duanyuhan/dyh/motion/MotionRe/base_mobileposer/data/raw/DIP_IMU/s_07/02.pkl,s_07,sensitivity_looser,spine,930,2580,12.09474198276334,1.3673164247811864,3.138083326382972,False
/home/duanyuhan/dyh/motion/MotionRe/base_mobileposer/data/raw/DIP_IMU/s_07/02.pkl,s_07,sensitivity_looser,hip_knee,930,2610,9.894170883939408,0.9297252549434052,4.58560305088675,False
/home/duanyuhan/dyh/motion/MotionRe/base_mobileposer/data/raw/DIP_IMU/s_07/02.pkl,s_07,sensitivity_looser,spine,930,2610,9.894170883939408,0.9297252549434052,2.030785458719663,False
/home/duanyuhan/dyh/motion/MotionRe/base_mobileposer/data/raw/DIP_IMU/s_07/02.pkl,s_07,sensitivity_looser,hip_knee,930,2700,14.86051657889873,1.9731150354459621,8.126754174360158,False
/home/duanyuhan/dyh/motion/MotionRe/base_mobileposer/data/raw/DIP_IMU/s_07/02.pkl,s_07,sensitivity_looser,spine,930,2700,14.86051657889873,1.9731150354459621,3.7715542706156726,False
/home/duanyuhan/dyh/motion/MotionRe/base_mobileposer/data/raw/DIP_IMU/s_07/02.pkl,s_07,sensitivity_looser,hip_knee,930,2730,10.823664873200583,0.7439049594057594,4.948951315174982,False
/home/duanyuhan/dyh/motion/MotionRe/base_mobileposer/data/raw/DIP_IMU/s_07/02.pkl,s_07,sensitivity_looser,spine,930,2730,10.823664873200583,0.7439049594057594,1.5961524516928172,False
/home/duanyuhan/dyh/motion/MotionRe/base_mobileposer/data/raw/DIP_IMU/s_07/02.pkl,s_07,sensitivity_looser,hip_knee,930,2850,12.448265301712812,1.139019003931363,6.096542544531811,False
/home/duanyuhan/dyh/motion/MotionRe/base_mobileposer/data/raw/DIP_IMU/s_07/02.pkl,s_07,sensitivity_looser,spine,930,2850,12.448265301712812,1.139019003931363,5.191195683876702,False
/home/duanyuhan/dyh/motion/MotionRe/base_mobileposer/data/raw/DIP_IMU/s_07/02.pkl,s_07,sensitivity_looser,hip_knee,930,2880,11.859879531216324,0.8712556564052885,5.860680853760903,False
/home/duanyuhan/dyh/motion/MotionRe/base_mobileposer/data/raw/DIP_IMU/s_07/02.pkl,s_07,sensitivity_looser,spine,930,2880,11.859879531216324,0.8712556564052885,2.681667108760791,False
/home/duanyuhan/dyh/motion/MotionRe/base_mobileposer/data/raw/DIP_IMU/s_07/02.pkl,s_07,sensitivity_looser,hip_knee,930,3000,10.3738147566399,1.7707901921310596,3.2059049911870936,False
/home/duanyuhan/dyh/motion/MotionRe/base_mobileposer/data/raw/DIP_IMU/s_07/02.pkl,s_07,sensitivity_looser,spine,930,3000,10.3738147566399,1.7707901921310596,1.8601694207496242,False
/home/duanyuhan/dyh/motion/MotionRe/base_mobileposer/data/raw/DIP_IMU/s_07/02.pkl,s_07,sensitivity_looser,hip_knee,930,3030,6.485165140416944,1.6520570416865283,9.626355276806327,False
/home/duanyuhan/dyh/motion/MotionRe/base_mobileposer/data/raw/DIP_IMU/s_07/02.pkl,s_07,sensitivity_looser,spine,930,3030,6.485165140416944,1.6520570416865283,1.6385957798800763,False
/home/duanyuhan/dyh/motion/MotionRe/base_mobileposer/data/raw/DIP_IMU/s_07/02.pkl,s_07,sensitivity_looser,hip_knee,930,3360,10.082081183580504,1.009609497314343,4.861110725697462,False
/home/duanyuhan/dyh/motion/MotionRe/base_mobileposer/data/raw/DIP_IMU/s_07/02.pkl,s_07,sensitivity_looser,spine,930,3360,10.082081183580504,1.009609497314343,2.491710855601203,False
/home/duanyuhan/dyh/motion/MotionRe/base_mobileposer/data/raw/DIP_IMU/s_07/02.pkl,s_07,sensitivity_looser,hip_knee,930,3390,18.772563624332257,0.5716334252000278,6.547214462115401,False
/home/duanyuhan/dyh/motion/MotionRe/base_mobileposer/data/raw/DIP_IMU/s_07/02.pkl,s_07,sensitivity_looser,spine,930,3390,18.772563624332257,0.5716334252000278,1.9687645331700445,False
/home/duanyuhan/dyh/motion/MotionRe/base_mobileposer/data/raw/DIP_IMU/s_07/02.pkl,s_07,sensitivity_looser,hip_knee,930,3900,16.210681251910586,1.0437564842511389,8.784391246506376,False
/home/duanyuhan/dyh/motion/MotionRe/base_mobileposer/data/raw/DIP_IMU/s_07/02.pkl,s_07,sensitivity_looser,spine,930,3900,16.210681251910586,1.0437564842511389,4.094761026563076,False
/home/duanyuhan/dyh/motion/MotionRe/base_mobileposer/data/raw/DIP_IMU/s_07/02.pkl,s_07,sensitivity_looser,hip_knee,930,7170,17.529038293840603,1.6448775284124955,20.5874860864854,True
/home/duanyuhan/dyh/motion/MotionRe/base_mobileposer/data/raw/DIP_IMU/s_07/02.pkl,s_07,sensitivity_looser,spine,930,7170,17.529038293840603,1.6448775284124955,3.3173430447485064,False
/home/duanyuhan/dyh/motion/MotionRe/base_mobileposer/data/raw/DIP_IMU/s_07/02.pkl,s_07,sensitivity_looser,hip_knee,930,8130,10.206563437929487,1.7493893487451118,7.75261466309478,False
/home/duanyuhan/dyh/motion/MotionRe/base_mobileposer/data/raw/DIP_IMU/s_07/02.pkl,s_07,sensitivity_looser,spine,930,8130,10.206563437929487,1.7493893487451118,3.4315178883750597,False
/home/duanyuhan/dyh/motion/MotionRe/base_mobileposer/data/raw/DIP_IMU/s_07/02.pkl,s_07,sensitivity_looser,hip_knee,930,8790,13.988750624271761,1.2284424960507596,6.10994877664596,False
/home/duanyuhan/dyh/motion/MotionRe/base_mobileposer/data/raw/DIP_IMU/s_07/02.pkl,s_07,sensitivity_looser,spine,930,8790,13.988750624271761,1.2284424960507596,3.3715395908866577,False
/home/duanyuhan/dyh/motion/MotionRe/base_mobileposer/data/raw/DIP_IMU/s_07/02.pkl,s_07,sensitivity_looser,hip_knee,960,3030,12.955772671275643,1.7823991082195634,10.868624628261806,False
/home/duanyuhan/dyh/motion/MotionRe/base_mobileposer/data/raw/DIP_IMU/s_07/02.pkl,s_07,sensitivity_looser,spine,960,3030,12.955772671275643,1.7823991082195634,1.8912902676633523,False
/home/duanyuhan/dyh/motion/MotionRe/base_mobileposer/data/raw/DIP_IMU/s_07/02.pkl,s_07,sensitivity_looser,hip_knee,990,1560,3.2849663992654663,1.7987716496531123,1.5376999284392814,False
/home/duanyuhan/dyh/motion/MotionRe/base_mobileposer/data/raw/DIP_IMU/s_07/02.pkl,s_07,sensitivity_looser,spine,990,1560,3.2849663992654663,1.7987716496531123,0.9917887071100613,False
/home/duanyuhan/dyh/motion/MotionRe/base_mobileposer/data/raw/DIP_IMU/s_07/02.pkl,s_07,sensitivity_looser,hip_knee,1020,3030,16.727172780922064,1.9594559869305457,19.893696749433364,False
/home/duanyuhan/dyh/motion/MotionRe/base_mobileposer/data/raw/DIP_IMU/s_07/02.pkl,s_07,sensitivity_looser,spine,1020,3030,16.727172780922064,1.9594559869305457,2.4363249459575815,False
/home/duanyuhan/dyh/motion/MotionRe/base_mobileposer/data/raw/DIP_IMU/s_07/02.pkl,s_07,sensitivity_looser,hip_knee,1050,1350,4.984657999562957,1.6745808124464978,2.1760834920327476,False
/home/duanyuhan/dyh/motion/MotionRe/base_mobileposer/data/raw/DIP_IMU/s_07/02.pkl,s_07,sensitivity_looser,spine,1050,1350,4.984657999562957,1.6745808124464978,1.6231581104618817,False
/home/duanyuhan/dyh/motion/MotionRe/base_mobileposer/data/raw/DIP_IMU/s_07/02.pkl,s_07,sensitivity_looser,hip_knee,1050,1380,7.411720463261977,1.2771811533473463,2.824507336045119,False
/home/duanyuhan/dyh/motion/MotionRe/base_mobileposer/data/raw/DIP_IMU/s_07/02.pkl,s_07,sensitivity_looser,spine,1050,1380,7.411720463261977,1.2771811533473463,1.0240593187761873,False
/home/duanyuhan/dyh/motion/MotionRe/base_mobileposer/data/raw/DIP_IMU/s_07/02.pkl,s_07,sensitivity_looser,hip_knee,1050,1500,5.833149669197749,1.6102561972323994,2.414222761015742,False
/home/duanyuhan/dyh/motion/MotionRe/base_mobileposer/data/raw/DIP_IMU/s_07/02.pkl,s_07,sensitivity_looser,spine,1050,1500,5.833149669197749,1.6102561972323994,1.398282630035309,False
/home/duanyuhan/dyh/motion/MotionRe/base_mobileposer/data/raw/DIP_IMU/s_07/02.pkl,s_07,sensitivity_looser,hip_knee,1050,1620,5.734016478888922,1.232609655663772,3.2311689033918833,False
/home/duanyuhan/dyh/motion/MotionRe/base_mobileposer/data/raw/DIP_IMU/s_07/02.pkl,s_07,sensitivity_looser,spine,1050,1620,5.734016478888922,1.232609655663772,0.5324936444625858,False
/home/duanyuhan/dyh/motion/MotionRe/base_mobileposer/data/raw/DIP_IMU/s_07/02.pkl,s_07,sensitivity_looser,hip_knee,1050,1650,7.391948923899749,1.6096555425980612,3.674250672776746,False
/home/duanyuhan/dyh/motion/MotionRe/base_mobileposer/data/raw/DIP_IMU/s_07/02.pkl,s_07,sensitivity_looser,spine,1050,1650,7.391948923899749,1.6096555425980612,1.2842246120370657,False
/home/duanyuhan/dyh/motion/MotionRe/base_mobileposer/data/raw/DIP_IMU/s_07/02.pkl,s_07,sensitivity_looser,hip_knee,1050,2070,10.345285665732362,1.489005815879361,4.931939105364474,False
/home/duanyuhan/dyh/motion/MotionRe/base_mobileposer/data/raw/DIP_IMU/s_07/02.pkl,s_07,sensitivity_looser,spine,1050,2070,10.345285665732362,1.489005815879361,1.861243272128829,False
/home/duanyuhan/dyh/motion/MotionRe/base_mobileposer/data/raw/DIP_IMU/s_07/02.pkl,s_07,sensitivity_looser,hip_knee,1050,2190,11.521578099542229,1.4265203032086686,5.056421528878093,False
/home/duanyuhan/dyh/motion/MotionRe/base_mobileposer/data/raw/DIP_IMU/s_07/02.pkl,s_07,sensitivity_looser,spine,1050,2190,11.521578099542229,1.4265203032086686,1.8192619853438743,False
/home/duanyuhan/dyh/motion/MotionRe/base_mobileposer/data/raw/DIP_IMU/s_07/02.pkl,s_07,sensitivity_looser,hip_knee,1050,2310,17.968174198634312,1.839238907279774,7.7258586323572995,False
/home/duanyuhan/dyh/motion/MotionRe/base_mobileposer/data/raw/DIP_IMU/s_07/02.pkl,s_07,sensitivity_looser,spine,1050,2310,17.968174198634312,1.839238907279774,3.2147597619368526,False
/home/duanyuhan/dyh/motion/MotionRe/base_mobileposer/data/raw/DIP_IMU/s_07/02.pkl,s_07,sensitivity_looser,hip_knee,1050,2340,14.553379909924836,1.5446252888649248,6.004963984127119,False
/home/duanyuhan/dyh/motion/MotionRe/base_mobileposer/data/raw/DIP_IMU/s_07/02.pkl,s_07,sensitivity_looser,spine,1050,2340,14.553379909924836,1.5446252888649248,1.7010438667317496,False
/home/duanyuhan/dyh/motion/MotionRe/base_mobileposer/data/raw/DIP_IMU/s_07/02.pkl,s_07,sensitivity_looser,hip_knee,1050,2460,14.059377317582863,0.9575991741543071,5.863255143171817,False
/home/duanyuhan/dyh/motion/MotionRe/base_mobileposer/data/raw/DIP_IMU/s_07/02.pkl,s_07,sensitivity_looser,spine,1050,2460,14.059377317582863,0.9575991741543071,1.9053129851249875,False
/home/duanyuhan/dyh/motion/MotionRe/base_mobileposer/data/raw/DIP_IMU/s_07/02.pkl,s_07,sensitivity_looser,hip_knee,1050,2580,14.380470132278203,1.4216601179162431,6.040857444344186,False
/home/duanyuhan/dyh/motion/MotionRe/base_mobileposer/data/raw/DIP_IMU/s_07/02.pkl,s_07,sensitivity_looser,spine,1050,2580,14.380470132278203,1.4216601179162431,3.233792363297631,False
/home/duanyuhan/dyh/motion/MotionRe/base_mobileposer/data/raw/DIP_IMU/s_07/02.pkl,s_07,sensitivity_looser,hip_knee,1050,2610,12.1417027064006,1.379599894623333,5.190182448151767,False
/home/duanyuhan/dyh/motion/MotionRe/base_mobileposer/data/raw/DIP_IMU/s_07/02.pkl,s_07,sensitivity_looser,spine,1050,2610,12.1417027064006,1.379599894623333,1.6894997108532948,False
/home/duanyuhan/dyh/motion/MotionRe/base_mobileposer/data/raw/DIP_IMU/s_07/02.pkl,s_07,sensitivity_looser,hip_knee,1050,2700,17.306192902795377,1.8711881481923605,8.757171050507662,False
/home/duanyuhan/dyh/motion/MotionRe/base_mobileposer/data/raw/DIP_IMU/s_07/02.pkl,s_07,sensitivity_looser,spine,1050,2700,17.306192902795377,1.8711881481923605,3.005124516245207,False
/home/duanyuhan/dyh/motion/MotionRe/base_mobileposer/data/raw/DIP_IMU/s_07/02.pkl,s_07,sensitivity_looser,hip_knee,1050,2730,13.073086221566783,1.6191982818658348,5.56574833207034,False
/home/duanyuhan/dyh/motion/MotionRe/base_mobileposer/data/raw/DIP_IMU/s_07/02.pkl,s_07,sensitivity_looser,spine,1050,2730,13.073086221566783,1.6191982818658348,1.445577518231141,False
/home/duanyuhan/dyh/motion/MotionRe/base_mobileposer/data/raw/DIP_IMU/s_07/02.pkl,s_07,sensitivity_looser,hip_knee,1050,2850,14.339844770244119,0.9242114004159347,6.252639870036422,False
/home/duanyuhan/dyh/motion/MotionRe/base_mobileposer/data/raw/DIP_IMU/s_07/02.pkl,s_07,sensitivity_looser,spine,1050,2850,14.339844770244119,0.9242114004159347,4.217513119816806,False
/home/duanyuhan/dyh/motion/MotionRe/base_mobileposer/data/raw/DIP_IMU/s_07/02.pkl,s_07,sensitivity_looser,hip_knee,1050,2880,13.44884468798568,1.5242268402738095,5.831043481597222,False
/home/duanyuhan/dyh/motion/MotionRe/base_mobileposer/data/raw/DIP_IMU/s_07/02.pkl,s_07,sensitivity_looser,spine,1050,2880,13.44884468798568,1.5242268402738095,2.671831935647648,False
/home/duanyuhan/dyh/motion/MotionRe/base_mobileposer/data/raw/DIP_IMU/s_07/02.pkl,s_07,sensitivity_looser,hip_knee,1050,3000,7.512454183755813,1.436301099661739,3.5429836743469636,False
/home/duanyuhan/dyh/motion/MotionRe/base_mobileposer/data/raw/DIP_IMU/s_07/02.pkl,s_07,sensitivity_looser,spine,1050,3000,7.512454183755813,1.436301099661739,2.2202321070988096,False
/home/duanyuhan/dyh/motion/MotionRe/base_mobileposer/data/raw/DIP_IMU/s_07/02.pkl,s_07,sensitivity_looser,hip_knee,1050,3090,13.137547616518416,1.8111555491525235,10.554164164872818,False
/home/duanyuhan/dyh/motion/MotionRe/base_mobileposer/data/raw/DIP_IMU/s_07/02.pkl,s_07,sensitivity_looser,spine,1050,3090,13.137547616518416,1.8111555491525235,3.1243495961566556,False
/home/duanyuhan/dyh/motion/MotionRe/base_mobileposer/data/raw/DIP_IMU/s_07/02.pkl,s_07,sensitivity_looser,hip_knee,1050,3360,10.535527229508045,1.3622810930028542,4.707300934095727,False
/home/duanyuhan/dyh/motion/MotionRe/base_mobileposer/data/raw/DIP_IMU/s_07/02.pkl,s_07,sensitivity_looser,spine,1050,3360,10.535527229508045,1.3622810930028542,2.746151551728625,False
/home/duanyuhan/dyh/motion/MotionRe/base_mobileposer/data/raw/DIP_IMU/s_07/02.pkl,s_07,sensitivity_looser,hip_knee,1050,3390,18.39876582288318,1.816500341684218,6.163663748192316,False
/home/duanyuhan/dyh/motion/MotionRe/base_mobileposer/data/raw/DIP_IMU/s_07/02.pkl,s_07,sensitivity_looser,spine,1050,3390,18.39876582288318,1.816500341684218,1.673910425395805,False
/home/duanyuhan/dyh/motion/MotionRe/base_mobileposer/data/raw/DIP_IMU/s_07/02.pkl,s_07,sensitivity_looser,hip_knee,1050,3900,14.308315379579332,1.849170739032009,8.21278780725814,False
/home/duanyuhan/dyh/motion/MotionRe/base_mobileposer/data/raw/DIP_IMU/s_07/02.pkl,s_07,sensitivity_looser,spine,1050,3900,14.308315379579332,1.849170739032009,3.5391414789161346,False
/home/duanyuhan/dyh/motion/MotionRe/base_mobileposer/data/raw/DIP_IMU/s_07/02.pkl,s_07,sensitivity_looser,hip_knee,1050,7170,18.375342443699637,1.8008757769287116,20.221916621979332,True
/home/duanyuhan/dyh/motion/MotionRe/base_mobileposer/data/raw/DIP_IMU/s_07/02.pkl,s_07,sensitivity_looser,spine,1050,7170,18.375342443699637,1.8008757769287116,3.997938247046535,False
/home/duanyuhan/dyh/motion/MotionRe/base_mobileposer/data/raw/DIP_IMU/s_07/02.pkl,s_07,sensitivity_looser,hip_knee,1050,8790,16.22180918564529,1.1464410979735313,6.776668522314207,False
/home/duanyuhan/dyh/motion/MotionRe/base_mobileposer/data/raw/DIP_IMU/s_07/02.pkl,s_07,sensitivity_looser,spine,1050,8790,16.22180918564529,1.1464410979735313,3.3045460280453702,False
/home/duanyuhan/dyh/motion/MotionRe/base_mobileposer/data/raw/DIP_IMU/s_07/02.pkl,s_07,sensitivity_looser,hip_knee,1080,1380,5.301669157108571,1.9391425065628376,2.398962461113735,False
/home/duanyuhan/dyh/motion/MotionRe/base_mobileposer/data/raw/DIP_IMU/s_07/02.pkl,s_07,sensitivity_looser,spine,1080,1380,5.301669157108571,1.9391425065628376,1.5847120413877294,False
/home/duanyuhan/dyh/motion/MotionRe/base_mobileposer/data/raw/DIP_IMU/s_07/02.pkl,s_07,sensitivity_looser,hip_knee,1080,1500,3.113516109692594,0.8332960357575064,1.778394215477321,False
/home/duanyuhan/dyh/motion/MotionRe/base_mobileposer/data/raw/DIP_IMU/s_07/02.pkl,s_07,sensitivity_looser,spine,1080,1500,3.113516109692594,0.8332960357575064,0.7142420517836411,False
/home/duanyuhan/dyh/motion/MotionRe/base_mobileposer/data/raw/DIP_IMU/s_07/02.pkl,s_07,sensitivity_looser,hip_knee,1080,1620,7.07175396307107,1.8477596901678646,2.75854712842378,False
/home/duanyuhan/dyh/motion/MotionRe/base_mobileposer/data/raw/DIP_IMU/s_07/02.pkl,s_07,sensitivity_looser,spine,1080,1620,7.07175396307107,1.8477596901678646,0.9773006234697338,False
/home/duanyuhan/dyh/motion/MotionRe/base_mobileposer/data/raw/DIP_IMU/s_07/02.pkl,s_07,sensitivity_looser,hip_knee,1080,1650,6.923238215891922,0.9864458092429164,3.2735955119278657,False
/home/duanyuhan/dyh/motion/MotionRe/base_mobileposer/data/raw/DIP_IMU/s_07/02.pkl,s_07,sensitivity_looser,spine,1080,1650,6.923238215891922,0.9864458092429164,1.4654617750491117,False
/home/duanyuhan/dyh/motion/MotionRe/base_mobileposer/data/raw/DIP_IMU/s_07/02.pkl,s_07,sensitivity_looser,hip_knee,1080,2070,8.647918126126275,1.0268584378584034,4.332074311252567,False
/home/duanyuhan/dyh/motion/MotionRe/base_mobileposer/data/raw/DIP_IMU/s_07/02.pkl,s_07,sensitivity_looser,spine,1080,2070,8.647918126126275,1.0268584378584034,2.040750395321537,False
/home/duanyuhan/dyh/motion/MotionRe/base_mobileposer/data/raw/DIP_IMU/s_07/02.pkl,s_07,sensitivity_looser,hip_knee,1080,2190,9.418958886304898,1.3673518179602409,4.3698905941068995,False
/home/duanyuhan/dyh/motion/MotionRe/base_mobileposer/data/raw/DIP_IMU/s_07/02.pkl,s_07,sensitivity_looser,spine,1080,2190,9.418958886304898,1.3673518179602409,1.6737991565433454,False
/home/duanyuhan/dyh/motion/MotionRe/base_mobileposer/data/raw/DIP_IMU/s_07/02.pkl,s_07,sensitivity_looser,hip_knee,1080,2310,15.767305121143117,1.747774873683545,6.949412885650149,False
/home/duanyuhan/dyh/motion/MotionRe/base_mobileposer/data/raw/DIP_IMU/s_07/02.pkl,s_07,sensitivity_looser,spine,1080,2310,15.767305121143117,1.747774873683545,3.024507947177471,False
/home/duanyuhan/dyh/motion/MotionRe/base_mobileposer/data/raw/DIP_IMU/s_07/02.pkl,s_07,sensitivity_looser,hip_knee,1080,2340,12.37913207193123,0.9602952713532587,5.229810230439563,False
/home/duanyuhan/dyh/motion/MotionRe/base_mobileposer/data/raw/DIP_IMU/s_07/02.pkl,s_07,sensitivity_looser,spine,1080,2340,12.37913207193123,0.9602952713532587,1.816013715678605,False
/home/duanyuhan/dyh/motion/MotionRe/base_mobileposer/data/raw/DIP_IMU/s_07/02.pkl,s_07,sensitivity_looser,hip_knee,1080,2460,11.929721603995429,0.9012635088192723,5.154037237775297,False
/home/duanyuhan/dyh/motion/MotionRe/base_mobileposer/data/raw/DIP_IMU/s_07/02.pkl,s_07,sensitivity_looser,spine,1080,2460,11.929721603995429,0.9012635088192723,1.8079462139307292,False
/home/duanyuhan/dyh/motion/MotionRe/base_mobileposer/data/raw/DIP_IMU/s_07/02.pkl,s_07,sensitivity_looser,hip_knee,1080,2580,12.191271402794783,1.5830504133872965,5.355121072248296,False
/home/duanyuhan/dyh/motion/MotionRe/base_mobileposer/data/raw/DIP_IMU/s_07/02.pkl,s_07,sensitivity_looser,spine,1080,2580,12.191271402794783,1.5830504133872965,2.8824779536562306,False
/home/duanyuhan/dyh/motion/MotionRe/base_mobileposer/data/raw/DIP_IMU/s_07/02.pkl,s_07,sensitivity_looser,hip_knee,1080,2610,10.003086602605741,1.0247135968108418,4.44094943523404,False
/home/duanyuhan/dyh/motion/MotionRe/base_mobileposer/data/raw/DIP_IMU/s_07/02.pkl,s_07,sensitivity_looser,spine,1080,2610,10.003086602605741,1.0247135968108418,1.669494845037648,False
/home/duanyuhan/dyh/motion/MotionRe/base_mobileposer/data/raw/DIP_IMU/s_07/02.pkl,s_07,sensitivity_looser,hip_knee,1080,2730,10.878356371894357,0.9387834633748328,4.803156074473236,False
/home/duanyuhan/dyh/motion/MotionRe/base_mobileposer/data/raw/DIP_IMU/s_07/02.pkl,s_07,sensitivity_looser,spine,1080,2730,10.878356371894357,0.9387834633748328,1.3433550127755645,False
/home/duanyuhan/dyh/motion/MotionRe/base_mobileposer/data/raw/DIP_IMU/s_07/02.pkl,s_07,sensitivity_looser,hip_knee,1080,2850,12.265853068092278,1.3961540742117005,5.484453718428295,False
/home/duanyuhan/dyh/motion/MotionRe/base_mobileposer/data/raw/DIP_IMU/s_07/02.pkl,s_07,sensitivity_looser,spine,1080,2850,12.265853068092278,1.3961540742117005,4.934542347373909,False
/home/duanyuhan/dyh/motion/MotionRe/base_mobileposer/data/raw/DIP_IMU/s_07/02.pkl,s_07,sensitivity_looser,hip_knee,1080,2880,11.503570962334326,0.8374445917878202,5.155800799103031,False
/home/duanyuhan/dyh/motion/MotionRe/base_mobileposer/data/raw/DIP_IMU/s_07/02.pkl,s_07,sensitivity_looser,spine,1080,2880,11.503570962334326,0.8374445917878202,2.483858306884153,False
/home/duanyuhan/dyh/motion/MotionRe/base_mobileposer/data/raw/DIP_IMU/s_07/02.pkl,s_07,sensitivity_looser,hip_knee,1080,3000,11.812799795884626,1.8008587304823331,2.953201586002107,False
/home/duanyuhan/dyh/motion/MotionRe/base_mobileposer/data/raw/DIP_IMU/s_07/02.pkl,s_07,sensitivity_looser,spine,1080,3000,11.812799795884626,1.8008587304823331,1.7478136459043183,False
/home/duanyuhan/dyh/motion/MotionRe/base_mobileposer/data/raw/DIP_IMU/s_07/02.pkl,s_07,sensitivity_looser,hip_knee,1080,3030,7.519435168603357,1.662929274115626,8.999227596383488,False
/home/duanyuhan/dyh/motion/MotionRe/base_mobileposer/data/raw/DIP_IMU/s_07/02.pkl,s_07,sensitivity_looser,spine,1080,3030,7.519435168603357,1.662929274115626,1.5713545903313708,False
/home/duanyuhan/dyh/motion/MotionRe/base_mobileposer/data/raw/DIP_IMU/s_07/02.pkl,s_07,sensitivity_looser,hip_knee,1080,3360,9.497322924610438,0.9837065021234148,4.468052106334064,False
/home/duanyuhan/dyh/motion/MotionRe/base_mobileposer/data/raw/DIP_IMU/s_07/02.pkl,s_07,sensitivity_looser,spine,1080,3360,9.497322924610438,0.9837065021234148,2.336010087085718,False
/home/duanyuhan/dyh/motion/MotionRe/base_mobileposer/data/raw/DIP_IMU/s_07/02.pkl,s_07,sensitivity_looser,hip_knee,1080,3390,18.652731657924996,0.7300101592823297,5.925996587575775,False
/home/duanyuhan/dyh/motion/MotionRe/base_mobileposer/data/raw/DIP_IMU/s_07/02.pkl,s_07,sensitivity_looser,spine,1080,3390,18.652731657924996,0.7300101592823297,1.6461583519354128,False
/home/duanyuhan/dyh/motion/MotionRe/base_mobileposer/data/raw/DIP_IMU/s_07/02.pkl,s_07,sensitivity_looser,hip_knee,1080,3900,17.251383756190343,1.0525011538883202,8.241496994826074,False
/home/duanyuhan/dyh/motion/MotionRe/base_mobileposer/data/raw/DIP_IMU/s_07/02.pkl,s_07,sensitivity_looser,spine,1080,3900,17.251383756190343,1.0525011538883202,3.849667741139831,False
/home/duanyuhan/dyh/motion/MotionRe/base_mobileposer/data/raw/DIP_IMU/s_07/02.pkl,s_07,sensitivity_looser,hip_knee,1080,4740,12.44421136846793,1.8835934187677181,9.436687325283568,False
/home/duanyuhan/dyh/motion/MotionRe/base_mobileposer/data/raw/DIP_IMU/s_07/02.pkl,s_07,sensitivity_looser,spine,1080,4740,12.44421136846793,1.8835934187677181,3.8817055672757816,False
/home/duanyuhan/dyh/motion/MotionRe/base_mobileposer/data/raw/DIP_IMU/s_07/02.pkl,s_07,sensitivity_looser,hip_knee,1080,7170,18.55898234759603,1.6471115353113994,20.30258711078121,True
/home/duanyuhan/dyh/motion/MotionRe/base_mobileposer/data/raw/DIP_IMU/s_07/02.pkl,s_07,sensitivity_looser,spine,1080,7170,18.55898234759603,1.6471115353113994,3.3477305601483454,False
/home/duanyuhan/dyh/motion/MotionRe/base_mobileposer/data/raw/DIP_IMU/s_07/02.pkl,s_07,sensitivity_looser,hip_knee,1080,8790,14.190573964260198,1.2497243652933385,6.148192290058649,False
/home/duanyuhan/dyh/motion/MotionRe/base_mobileposer/data/raw/DIP_IMU/s_07/02.pkl,s_07,sensitivity_looser,spine,1080,8790,14.190573964260198,1.2497243652933385,3.2620690578529032,False
/home/duanyuhan/dyh/motion/MotionRe/base_mobileposer/data/raw/DIP_IMU/s_07/02.pkl,s_07,sensitivity_looser,hip_knee,1110,1590,10.454136252464302,1.5566843949401339,6.137105267971875,False
/home/duanyuhan/dyh/motion/MotionRe/base_mobileposer/data/raw/DIP_IMU/s_07/02.pkl,s_07,sensitivity_looser,spine,1110,1590,10.454136252464302,1.5566843949401339,1.0663342842301888,False
/home/duanyuhan/dyh/motion/MotionRe/base_mobileposer/data/raw/DIP_IMU/s_07/02.pkl,s_07,sensitivity_looser,hip_knee,1140,1560,4.259036639820677,1.4092960070267588,2.0335775127031726,False
/home/duanyuhan/dyh/motion/MotionRe/base_mobileposer/data/raw/DIP_IMU/s_07/02.pkl,s_07,sensitivity_looser,spine,1140,1560,4.259036639820677,1.4092960070267588,0.8126645091795327,False
/home/duanyuhan/dyh/motion/MotionRe/base_mobileposer/data/raw/DIP_IMU/s_07/02.pkl,s_07,sensitivity_looser,hip_knee,1170,3030,15.12391038030957,1.3156497912248597,14.359274180259721,False
/home/duanyuhan/dyh/motion/MotionRe/base_mobileposer/data/raw/DIP_IMU/s_07/02.pkl,s_07,sensitivity_looser,spine,1170,3030,15.12391038030957,1.3156497912248597,2.2049754786945917,False
/home/duanyuhan/dyh/motion/MotionRe/base_mobileposer/data/raw/DIP_IMU/s_07/02.pkl,s_07,sensitivity_looser,hip_knee,1170,7170,10.091041678470686,1.5746492045494478,8.664590053808848,False
/home/duanyuhan/dyh/motion/MotionRe/base_mobileposer/data/raw/DIP_IMU/s_07/02.pkl,s_07,sensitivity_looser,spine,1170,7170,10.091041678470686,1.5746492045494478,2.617808567610996,False
/home/duanyuhan/dyh/motion/MotionRe/base_mobileposer/data/raw/DIP_IMU/s_07/02.pkl,s_07,sensitivity_looser,hip_knee,1200,1500,7.4019934807994945,1.8056825078646777,1.6332821553116752,False
/home/duanyuhan/dyh/motion/MotionRe/base_mobileposer/data/raw/DIP_IMU/s_07/02.pkl,s_07,sensitivity_looser,spine,1200,1500,7.4019934807994945,1.8056825078646777,1.2803043093254878,False
/home/duanyuhan/dyh/motion/MotionRe/base_mobileposer/data/raw/DIP_IMU/s_07/02.pkl,s_07,sensitivity_looser,hip_knee,1200,1620,6.740802137832333,1.018001782263556,3.6525416456623607,False
/home/duanyuhan/dyh/motion/MotionRe/base_mobileposer/data/raw/DIP_IMU/s_07/02.pkl,s_07,sensitivity_looser,spine,1200,1620,6.740802137832333,1.018001782263556,0.7760224446881304,False
/home/duanyuhan/dyh/motion/MotionRe/base_mobileposer/data/raw/DIP_IMU/s_07/02.pkl,s_07,sensitivity_looser,hip_knee,1200,1650,7.756822573793117,1.7823935529594463,3.318546867564786,False
/home/duanyuhan/dyh/motion/MotionRe/base_mobileposer/data/raw/DIP_IMU/s_07/02.pkl,s_07,sensitivity_looser,spine,1200,1650,7.756822573793117,1.7823935529594463,1.8001857645762829,False
/home/duanyuhan/dyh/motion/MotionRe/base_mobileposer/data/raw/DIP_IMU/s_07/02.pkl,s_07,sensitivity_looser,hip_knee,1200,2070,8.567877066258003,1.6608482690564892,3.667860442209732,False
/home/duanyuhan/dyh/motion/MotionRe/base_mobileposer/data/raw/DIP_IMU/s_07/02.pkl,s_07,sensitivity_looser,spine,1200,2070,8.567877066258003,1.6608482690564892,2.313488887871516,False
/home/duanyuhan/dyh/motion/MotionRe/base_mobileposer/data/raw/DIP_IMU/s_07/02.pkl,s_07,sensitivity_looser,hip_knee,1200,2190,9.174253861319832,1.5522932363505237,3.6641687691396094,False
/home/duanyuhan/dyh/motion/MotionRe/base_mobileposer/data/raw/DIP_IMU/s_07/02.pkl,s_07,sensitivity_looser,spine,1200,2190,9.174253861319832,1.5522932363505237,2.0358868519672573,False
/home/duanyuhan/dyh/motion/MotionRe/base_mobileposer/data/raw/DIP_IMU/s_07/02.pkl,s_07,sensitivity_looser,hip_knee,1200,2310,14.731394880161936,1.9861381177711288,6.332103683176159,False
/home/duanyuhan/dyh/motion/MotionRe/base_mobileposer/data/raw/DIP_IMU/s_07/02.pkl,s_07,sensitivity_looser,spine,1200,2310,14.731394880161936,1.9861381177711288,3.5692685732254668,False
/home/duanyuhan/dyh/motion/MotionRe/base_mobileposer/data/raw/DIP_IMU/s_07/02.pkl,s_07,sensitivity_looser,hip_knee,1200,2340,11.121756763377654,1.6975049783292617,4.556031603408726,False
/home/duanyuhan/dyh/motion/MotionRe/base_mobileposer/data/raw/DIP_IMU/s_07/02.pkl,s_07,sensitivity_looser,spine,1200,2340,11.121756763377654,1.6975049783292617,1.9519120009940103,False
/home/duanyuhan/dyh/motion/MotionRe/base_mobileposer/data/raw/DIP_IMU/s_07/02.pkl,s_07,sensitivity_looser,hip_knee,1200,2460,10.471540872486388,1.1985387994138308,4.15962318022327,False
/home/duanyuhan/dyh/motion/MotionRe/base_mobileposer/data/raw/DIP_IMU/s_07/02.pkl,s_07,sensitivity_looser,spine,1200,2460,10.471540872486388,1.1985387994138308,2.1405488807860467,False
/home/duanyuhan/dyh/motion/MotionRe/base_mobileposer/data/raw/DIP_IMU/s_07/02.pkl,s_07,sensitivity_looser,hip_knee,1200,2580,10.90911162763013,1.6503298010692338,4.408732557634689,False
/home/duanyuhan/dyh/motion/MotionRe/base_mobileposer/data/raw/DIP_IMU/s_07/02.pkl,s_07,sensitivity_looser,spine,1200,2580,10.90911162763013,1.6503298010692338,3.462098663765337,False
/home/duanyuhan/dyh/motion/MotionRe/base_mobileposer/data/raw/DIP_IMU/s_07/02.pkl,s_07,sensitivity_looser,hip_knee,1200,2610,12.055258160193738,1.5842370472814644,3.726008506700886,False
/home/duanyuhan/dyh/motion/MotionRe/base_mobileposer/data/raw/DIP_IMU/s_07/02.pkl,s_07,sensitivity_looser,spine,1200,2610,12.055258160193738,1.5842370472814644,1.994819501496429,False
/home/duanyuhan/dyh/motion/MotionRe/base_mobileposer/data/raw/DIP_IMU/s_07/02.pkl,s_07,sensitivity_looser,hip_knee,1200,2700,13.54749143547559,1.857073355383636,7.506823462460405,False
/home/duanyuhan/dyh/motion/MotionRe/base_mobileposer/data/raw/DIP_IMU/s_07/02.pkl,s_07,sensitivity_looser,spine,1200,2700,13.54749143547559,1.857073355383636,3.2463917059923824,False
/home/duanyuhan/dyh/motion/MotionRe/base_mobileposer/data/raw/DIP_IMU/s_07/02.pkl,s_07,sensitivity_looser,hip_knee,1200,2730,12.807113036875782,1.7570202328383724,4.085747095727941,False
/home/duanyuhan/dyh/motion/MotionRe/base_mobileposer/data/raw/DIP_IMU/s_07/02.pkl,s_07,sensitivity_looser,spine,1200,2730,12.807113036875782,1.7570202328383724,1.648044851836131,False
/home/duanyuhan/dyh/motion/MotionRe/base_mobileposer/data/raw/DIP_IMU/s_07/02.pkl,s_07,sensitivity_looser,hip_knee,1200,2850,11.52269797242997,1.0938190585687952,5.497672000066537,False
/home/duanyuhan/dyh/motion/MotionRe/base_mobileposer/data/raw/DIP_IMU/s_07/02.pkl,s_07,sensitivity_looser,spine,1200,2850,11.52269797242997,1.0938190585687952,4.640867780579613,False
/home/duanyuhan/dyh/motion/MotionRe/base_mobileposer/data/raw/DIP_IMU/s_07/02.pkl,s_07,sensitivity_looser,hip_knee,1200,2880,12.415359150929595,1.7062955284968944,5.347795116134791,False
/home/duanyuhan/dyh/motion/MotionRe/base_mobileposer/data/raw/DIP_IMU/s_07/02.pkl,s_07,sensitivity_looser,spine,1200,2880,12.415359150929595,1.7062955284968944,3.092803085095012,False
/home/duanyuhan/dyh/motion/MotionRe/base_mobileposer/data/raw/DIP_IMU/s_07/02.pkl,s_07,sensitivity_looser,hip_knee,1200,3000,11.583116581852503,1.4790789999772869,2.5709093966941383,False
/home/duanyuhan/dyh/motion/MotionRe/base_mobileposer/data/raw/DIP_IMU/s_07/02.pkl,s_07,sensitivity_looser,spine,1200,3000,11.583116581852503,1.4790789999772869,2.352866767057138,False
/home/duanyuhan/dyh/motion/MotionRe/base_mobileposer/data/raw/DIP_IMU/s_07/02.pkl,s_07,sensitivity_looser,hip_knee,1200,3360,11.143596749341855,1.768786707314747,4.93592001893541,False
/home/duanyuhan/dyh/motion/MotionRe/base_mobileposer/data/raw/DIP_IMU/s_07/02.pkl,s_07,sensitivity_looser,spine,1200,3360,11.143596749341855,1.768786707314747,2.144564073169603,False
/home/duanyuhan/dyh/motion/MotionRe/base_mobileposer/data/raw/DIP_IMU/s_07/02.pkl,s_07,sensitivity_looser,hip_knee,1200,3390,16.79839378250764,1.9528025544655894,6.796379934417665,False
/home/duanyuhan/dyh/motion/MotionRe/base_mobileposer/data/raw/DIP_IMU/s_07/02.pkl,s_07,sensitivity_looser,spine,1200,3390,16.79839378250764,1.9528025544655894,1.314818626646124,False
/home/duanyuhan/dyh/motion/MotionRe/base_mobileposer/data/raw/DIP_IMU/s_07/02.pkl,s_07,sensitivity_looser,hip_knee,1200,3900,15.59039999415229,1.9778376271657312,9.44565108178551,False
/home/duanyuhan/dyh/motion/MotionRe/base_mobileposer/data/raw/DIP_IMU/s_07/02.pkl,s_07,sensitivity_looser,spine,1200,3900,15.59039999415229,1.9778376271657312,3.5271060061414716,False
/home/duanyuhan/dyh/motion/MotionRe/base_mobileposer/data/raw/DIP_IMU/s_07/02.pkl,s_07,sensitivity_looser,hip_knee,1200,8790,12.8758491283602,1.5008232831045263,6.260120414908639,False
/home/duanyuhan/dyh/motion/MotionRe/base_mobileposer/data/raw/DIP_IMU/s_07/02.pkl,s_07,sensitivity_looser,spine,1200,8790,12.8758491283602,1.5008232831045263,2.6611060237052646,False
/home/duanyuhan/dyh/motion/MotionRe/base_mobileposer/data/raw/DIP_IMU/s_07/02.pkl,s_07,sensitivity_looser,hip_knee,1230,1620,8.79132678096926,1.8163627191106144,3.3180401354747158,False
/home/duanyuhan/dyh/motion/MotionRe/base_mobileposer/data/raw/DIP_IMU/s_07/02.pkl,s_07,sensitivity_looser,spine,1230,1620,8.79132678096926,1.8163627191106144,0.9863492529905337,False
/home/duanyuhan/dyh/motion/MotionRe/base_mobileposer/data/raw/DIP_IMU/s_07/02.pkl,s_07,sensitivity_looser,hip_knee,1230,2190,10.775355540646597,1.925418134553627,3.2144768457117023,False
/home/duanyuhan/dyh/motion/MotionRe/base_mobileposer/data/raw/DIP_IMU/s_07/02.pkl,s_07,sensitivity_looser,spine,1230,2190,10.775355540646597,1.925418134553627,2.0248915737961046,False
/home/duanyuhan/dyh/motion/MotionRe/base_mobileposer/data/raw/DIP_IMU/s_07/02.pkl,s_07,sensitivity_looser,hip_knee,1230,2310,14.342774340780077,1.9331864902833982,5.958689242261503,False
/home/duanyuhan/dyh/motion/MotionRe/base_mobileposer/data/raw/DIP_IMU/s_07/02.pkl,s_07,sensitivity_looser,spine,1230,2310,14.342774340780077,1.9331864902833982,3.137352023917437,False
/home/duanyuhan/dyh/motion/MotionRe/base_mobileposer/data/raw/DIP_IMU/s_07/02.pkl,s_07,sensitivity_looser,hip_knee,1230,2460,10.216167204143899,1.6268463071958246,4.294191124398703,False
/home/duanyuhan/dyh/motion/MotionRe/base_mobileposer/data/raw/DIP_IMU/s_07/02.pkl,s_07,sensitivity_looser,spine,1230,2460,10.216167204143899,1.6268463071958246,1.8729803379202792,False
/home/duanyuhan/dyh/motion/MotionRe/base_mobileposer/data/raw/DIP_IMU/s_07/02.pkl,s_07,sensitivity_looser,hip_knee,1230,2610,10.240848906089457,1.927778729673156,3.478542862167469,False
/home/duanyuhan/dyh/motion/MotionRe/base_mobileposer/data/raw/DIP_IMU/s_07/02.pkl,s_07,sensitivity_looser,spine,1230,2610,10.240848906089457,1.927778729673156,1.6496599885399303,False
/home/duanyuhan/dyh/motion/MotionRe/base_mobileposer/data/raw/DIP_IMU/s_07/02.pkl,s_07,sensitivity_looser,hip_knee,1230,2850,11.235814135331724,1.514957847353718,4.9782508597833885,False
/home/duanyuhan/dyh/motion/MotionRe/base_mobileposer/data/raw/DIP_IMU/s_07/02.pkl,s_07,sensitivity_looser,spine,1230,2850,11.235814135331724,1.514957847353718,3.354528938574019,False
/home/duanyuhan/dyh/motion/MotionRe/base_mobileposer/data/raw/DIP_IMU/s_07/02.pkl,s_07,sensitivity_looser,hip_knee,1230,3000,14.309698882648162,1.8023868645399177,1.7329223540050052,False
/home/duanyuhan/dyh/motion/MotionRe/base_mobileposer/data/raw/DIP_IMU/s_07/02.pkl,s_07,sensitivity_looser,spine,1230,3000,14.309698882648162,1.8023868645399177,2.5672820643060206,False
/home/duanyuhan/dyh/motion/MotionRe/base_mobileposer/data/raw/DIP_IMU/s_07/02.pkl,s_07,sensitivity_looser,hip_knee,1230,3090,11.437598746707117,1.7860047912711974,9.656147388654146,False
/home/duanyuhan/dyh/motion/MotionRe/base_mobileposer/data/raw/DIP_IMU/s_07/02.pkl,s_07,sensitivity_looser,spine,1230,3090,11.437598746707117,1.7860047912711974,2.436317424283691,False
/home/duanyuhan/dyh/motion/MotionRe/base_mobileposer/data/raw/DIP_IMU/s_07/02.pkl,s_07,sensitivity_looser,hip_knee,1230,3360,11.042390292547509,1.909392947972626,4.6777448251422795,False
/home/duanyuhan/dyh/motion/MotionRe/base_mobileposer/data/raw/DIP_IMU/s_07/02.pkl,s_07,sensitivity_looser,spine,1230,3360,11.042390292547509,1.909392947972626,3.292943343022421,False
/home/duanyuhan/dyh/motion/MotionRe/base_mobileposer/data/raw/DIP_IMU/s_07/02.pkl,s_07,sensitivity_looser,hip_knee,1230,8790,12.286253277235472,1.4054841186377547,6.162764749216445,False
/home/duanyuhan/dyh/motion/MotionRe/base_mobileposer/data/raw/DIP_IMU/s_07/02.pkl,s_07,sensitivity_looser,spine,1230,8790,12.286253277235472,1.4054841186377547,3.5264360827522143,False
/home/duanyuhan/dyh/motion/MotionRe/base_mobileposer/data/raw/DIP_IMU/s_07/02.pkl,s_07,sensitivity_looser,hip_knee,1350,1650,7.480390474076393,1.8316247390426863,3.6998979282834608,False
/home/duanyuhan/dyh/motion/MotionRe/base_mobileposer/data/raw/DIP_IMU/s_07/02.pkl,s_07,sensitivity_looser,spine,1350,1650,7.480390474076393,1.8316247390426863,2.1305735009769933,False
/home/duanyuhan/dyh/motion/MotionRe/base_mobileposer/data/raw/DIP_IMU/s_07/02.pkl,s_07,sensitivity_looser,hip_knee,1350,2070,8.804237229155067,1.4270504674491413,4.551723318881773,False
/home/duanyuhan/dyh/motion/MotionRe/base_mobileposer/data/raw/DIP_IMU/s_07/02.pkl,s_07,sensitivity_looser,spine,1350,2070,8.804237229155067,1.4270504674491413,2.635224629081537,False
/home/duanyuhan/dyh/motion/MotionRe/base_mobileposer/data/raw/DIP_IMU/s_07/02.pkl,s_07,sensitivity_looser,hip_knee,1350,2190,10.526249429739567,1.547354566575025,4.864770957307827,False
/home/duanyuhan/dyh/motion/MotionRe/base_mobileposer/data/raw/DIP_IMU/s_07/02.pkl,s_07,sensitivity_looser,spine,1350,2190,10.526249429739567,1.547354566575025,2.0917922714094765,False
/home/duanyuhan/dyh/motion/MotionRe/base_mobileposer/data/raw/DIP_IMU/s_07/02.pkl,s_07,sensitivity_looser,hip_knee,1350,2310,17.288745591633475,1.6231091730107354,7.79935153589712,False
/home/duanyuhan/dyh/motion/MotionRe/base_mobileposer/data/raw/DIP_IMU/s_07/02.pkl,s_07,sensitivity_looser,spine,1350,2310,17.288745591633475,1.6231091730107354,3.452565944078941,False
/home/duanyuhan/dyh/motion/MotionRe/base_mobileposer/data/raw/DIP_IMU/s_07/02.pkl,s_07,sensitivity_looser,hip_knee,1350,2340,13.567162204268998,1.4719948543633639,5.84917592297233,False
/home/duanyuhan/dyh/motion/MotionRe/base_mobileposer/data/raw/DIP_IMU/s_07/02.pkl,s_07,sensitivity_looser,spine,1350,2340,13.567162204268998,1.4719948543633639,2.305051942743455,False
/home/duanyuhan/dyh/motion/MotionRe/base_mobileposer/data/raw/DIP_IMU/s_07/02.pkl,s_07,sensitivity_looser,hip_knee,1350,2460,12.705429170330834,1.4747902525362127,5.243932021483436,False
/home/duanyuhan/dyh/motion/MotionRe/base_mobileposer/data/raw/DIP_IMU/s_07/02.pkl,s_07,sensitivity_looser,spine,1350,2460,12.705429170330834,1.4747902525362127,2.2399840345053135,False
/home/duanyuhan/dyh/motion/MotionRe/base_mobileposer/data/raw/DIP_IMU/s_07/02.pkl,s_07,sensitivity_looser,hip_knee,1350,2580,13.366857413879869,1.2869897685022116,5.48729264173023,False
/home/duanyuhan/dyh/motion/MotionRe/base_mobileposer/data/raw/DIP_IMU/s_07/02.pkl,s_07,sensitivity_looser,spine,1350,2580,13.366857413879869,1.2869897685022116,3.1770731586744856,False
/home/duanyuhan/dyh/motion/MotionRe/base_mobileposer/data/raw/DIP_IMU/s_07/02.pkl,s_07,sensitivity_looser,hip_knee,1350,2610,11.1572531525007,1.3693483992070163,4.93930803512891,False
/home/duanyuhan/dyh/motion/MotionRe/base_mobileposer/data/raw/DIP_IMU/s_07/02.pkl,s_07,sensitivity_looser,spine,1350,2610,11.1572531525007,1.3693483992070163,2.1728448267980407,False
/home/duanyuhan/dyh/motion/MotionRe/base_mobileposer/data/raw/DIP_IMU/s_07/02.pkl,s_07,sensitivity_looser,hip_knee,1350,2730,12.185467536783499,1.2529092421680617,5.3965680860227945,False
/home/duanyuhan/dyh/motion/MotionRe/base_mobileposer/data/raw/DIP_IMU/s_07/02.pkl,s_07,sensitivity_looser,spine,1350,2730,12.185467536783499,1.2529092421680617,1.798087731966513,False
/home/duanyuhan/dyh/motion/MotionRe/base_mobileposer/data/raw/DIP_IMU/s_07/02.pkl,s_07,sensitivity_looser,hip_knee,1350,2850,14.043890204559581,1.340729287301811,6.995269921624237,False
/home/duanyuhan/dyh/motion/MotionRe/base_mobileposer/data/raw/DIP_IMU/s_07/02.pkl,s_07,sensitivity_looser,spine,1350,2850,14.043890204559581,1.340729287301811,5.574835887654583,False
/home/duanyuhan/dyh/motion/MotionRe/base_mobileposer/data/raw/DIP_IMU/s_07/02.pkl,s_07,sensitivity_looser,hip_knee,1350,2880,13.633801810170063,1.6025005169423119,6.722380595311415,False
/home/duanyuhan/dyh/motion/MotionRe/base_mobileposer/data/raw/DIP_IMU/s_07/02.pkl,s_07,sensitivity_looser,spine,1350,2880,13.633801810170063,1.6025005169423119,2.9128310653047915,False
/home/duanyuhan/dyh/motion/MotionRe/base_mobileposer/data/raw/DIP_IMU/s_07/02.pkl,s_07,sensitivity_looser,hip_knee,1350,3000,9.08302245123261,1.5021398317396153,3.7529025287229576,False
/home/duanyuhan/dyh/motion/MotionRe/base_mobileposer/data/raw/DIP_IMU/s_07/02.pkl,s_07,sensitivity_looser,spine,1350,3000,9.08302245123261,1.5021398317396153,1.9842885358788338,False
/home/duanyuhan/dyh/motion/MotionRe/base_mobileposer/data/raw/DIP_IMU/s_07/02.pkl,s_07,sensitivity_looser,hip_knee,1350,3030,8.216872745121146,1.6996968977543623,10.243583867940634,False
/home/duanyuhan/dyh/motion/MotionRe/base_mobileposer/data/raw/DIP_IMU/s_07/02.pkl,s_07,sensitivity_looser,spine,1350,3030,8.216872745121146,1.6996968977543623,1.6772706635268475,False
/home/duanyuhan/dyh/motion/MotionRe/base_mobileposer/data/raw/DIP_IMU/s_07/02.pkl,s_07,sensitivity_looser,hip_knee,1350,3360,11.690298637881995,1.340335202641133,5.8387561831617125,False
/home/duanyuhan/dyh/motion/MotionRe/base_mobileposer/data/raw/DIP_IMU/s_07/02.pkl,s_07,sensitivity_looser,spine,1350,3360,11.690298637881995,1.340335202641133,1.848143967874993,False
/home/duanyuhan/dyh/motion/MotionRe/base_mobileposer/data/raw/DIP_IMU/s_07/02.pkl,s_07,sensitivity_looser,hip_knee,1350,3390,17.44162513790004,1.4636351764107463,7.519458045251498,False
/home/duanyuhan/dyh/motion/MotionRe/base_mobileposer/data/raw/DIP_IMU/s_07/02.pkl,s_07,sensitivity_looser,spine,1350,3390,17.44162513790004,1.4636351764107463,1.7066543954138993,False
/home/duanyuhan/dyh/motion/MotionRe/base_mobileposer/data/raw/DIP_IMU/s_07/02.pkl,s_07,sensitivity_looser,hip_knee,1350,3900,17.59405953694659,1.908036465390077,9.6678846237452,False
/home/duanyuhan/dyh/motion/MotionRe/base_mobileposer/data/raw/DIP_IMU/s_07/02.pkl,s_07,sensitivity_looser,spine,1350,3900,17.59405953694659,1.908036465390077,4.217037668777177,False
/home/duanyuhan/dyh/motion/MotionRe/base_mobileposer/data/raw/DIP_IMU/s_07/02.pkl,s_07,sensitivity_looser,hip_knee,1350,7170,15.91784059679979,1.890792690098968,21.10548435329718,True
/home/duanyuhan/dyh/motion/MotionRe/base_mobileposer/data/raw/DIP_IMU/s_07/02.pkl,s_07,sensitivity_looser,spine,1350,7170,15.91784059679979,1.890792690098968,3.0053848293142664,False
/home/duanyuhan/dyh/motion/MotionRe/base_mobileposer/data/raw/DIP_IMU/s_07/02.pkl,s_07,sensitivity_looser,hip_knee,1350,8790,15.013100002669812,1.3631377134268805,6.821492827123893,False
/home/duanyuhan/dyh/motion/MotionRe/base_mobileposer/data/raw/DIP_IMU/s_07/02.pkl,s_07,sensitivity_looser,spine,1350,8790,15.013100002669812,1.3631377134268805,2.816220559124071,False
/home/duanyuhan/dyh/motion/MotionRe/base_mobileposer/data/raw/DIP_IMU/s_07/02.pkl,s_07,sensitivity_looser,hip_knee,1380,2310,15.245277252777202,1.9585798504043654,6.431859258290791,False
/home/duanyuhan/dyh/motion/MotionRe/base_mobileposer/data/raw/DIP_IMU/s_07/02.pkl,s_07,sensitivity_looser,spine,1380,2310,15.245277252777202,1.9585798504043654,2.78736036367232,False
/home/duanyuhan/dyh/motion/MotionRe/base_mobileposer/data/raw/DIP_IMU/s_07/02.pkl,s_07,sensitivity_looser,hip_knee,1380,2460,10.704525281120244,1.8211608692004495,4.299418525763561,False
/home/duanyuhan/dyh/motion/MotionRe/base_mobileposer/data/raw/DIP_IMU/s_07/02.pkl,s_07,sensitivity_looser,spine,1380,2460,10.704525281120244,1.8211608692004495,1.4241586652723042,False
/home/duanyuhan/dyh/motion/MotionRe/base_mobileposer/data/raw/DIP_IMU/s_07/02.pkl,s_07,sensitivity_looser,hip_knee,1380,2850,12.458044198781794,1.8077937677799152,5.898928751069281,False
/home/duanyuhan/dyh/motion/MotionRe/base_mobileposer/data/raw/DIP_IMU/s_07/02.pkl,s_07,sensitivity_looser,spine,1380,2850,12.458044198781794,1.8077937677799152,3.5236272229779417,False
/home/duanyuhan/dyh/motion/MotionRe/base_mobileposer/data/raw/DIP_IMU/s_07/02.pkl,s_07,sensitivity_looser,hip_knee,1380,3000,14.594446349083897,1.9198660917662806,2.4385556405259794,False
/home/duanyuhan/dyh/motion/MotionRe/base_mobileposer/data/raw/DIP_IMU/s_07/02.pkl,s_07,sensitivity_looser,spine,1380,3000,14.594446349083897,1.9198660917662806,2.1395991103547494,False
/home/duanyuhan/dyh/motion/MotionRe/base_mobileposer/data/raw/DIP_IMU/s_07/02.pkl,s_07,sensitivity_looser,hip_knee,1380,8790,12.289301376971416,1.3164509935614916,6.52771258576799,False
/home/duanyuhan/dyh/motion/MotionRe/base_mobileposer/data/raw/DIP_IMU/s_07/02.pkl,s_07,sensitivity_looser,spine,1380,8790,12.289301376971416,1.3164509935614916,3.1897297864304193,False
/home/duanyuhan/dyh/motion/MotionRe/base_mobileposer/data/raw/DIP_IMU/s_07/02.pkl,s_07,sensitivity_looser,hip_knee,1500,2070,6.758012814877308,1.1008667210440954,3.328502048646047,False
/home/duanyuhan/dyh/motion/MotionRe/base_mobileposer/data/raw/DIP_IMU/s_07/02.pkl,s_07,sensitivity_looser,spine,1500,2070,6.758012814877308,1.1008667210440954,1.9996329331905827,False
/home/duanyuhan/dyh/motion/MotionRe/base_mobileposer/data/raw/DIP_IMU/s_07/02.pkl,s_07,sensitivity_looser,hip_knee,1500,2190,9.166628782925216,1.1464659520364866,3.3535500937243365,False
/home/duanyuhan/dyh/motion/MotionRe/base_mobileposer/data/raw/DIP_IMU/s_07/02.pkl,s_07,sensitivity_looser,spine,1500,2190,9.166628782925216,1.1464659520364866,1.5204392730742564,False
/home/duanyuhan/dyh/motion/MotionRe/base_mobileposer/data/raw/DIP_IMU/s_07/02.pkl,s_07,sensitivity_looser,hip_knee,1500,2310,13.410078909293437,1.8515201363919207,5.784996753217196,False
/home/duanyuhan/dyh/motion/MotionRe/base_mobileposer/data/raw/DIP_IMU/s_07/02.pkl,s_07,sensitivity_looser,spine,1500,2310,13.410078909293437,1.8515201363919207,2.7281707334024685,False
/home/duanyuhan/dyh/motion/MotionRe/base_mobileposer/data/raw/DIP_IMU/s_07/02.pkl,s_07,sensitivity_looser,hip_knee,1500,2340,9.920321056605905,1.0312602383426075,4.234166430371042,False
/home/duanyuhan/dyh/motion/MotionRe/base_mobileposer/data/raw/DIP_IMU/s_07/02.pkl,s_07,sensitivity_looser,spine,1500,2340,9.920321056605905,1.0312602383426075,1.7719929543775417,False
/home/duanyuhan/dyh/motion/MotionRe/base_mobileposer/data/raw/DIP_IMU/s_07/02.pkl,s_07,sensitivity_looser,hip_knee,1500,2460,9.50467758653635,0.7544944299672041,4.342421180336042,False
/home/duanyuhan/dyh/motion/MotionRe/base_mobileposer/data/raw/DIP_IMU/s_07/02.pkl,s_07,sensitivity_looser,spine,1500,2460,9.50467758653635,0.7544944299672041,1.446568729510881,False
/home/duanyuhan/dyh/motion/MotionRe/base_mobileposer/data/raw/DIP_IMU/s_07/02.pkl,s_07,sensitivity_looser,hip_knee,1500,2580,9.796752117929543,1.1415349177789806,4.432215991819313,False
/home/duanyuhan/dyh/motion/MotionRe/base_mobileposer/data/raw/DIP_IMU/s_07/02.pkl,s_07,sensitivity_looser,spine,1500,2580,9.796752117929543,1.1415349177789806,2.409290859851763,False
/home/duanyuhan/dyh/motion/MotionRe/base_mobileposer/data/raw/DIP_IMU/s_07/02.pkl,s_07,sensitivity_looser,hip_knee,1500,2610,8.137562714314479,1.10045522622145,3.5953988254599216,False
/home/duanyuhan/dyh/motion/MotionRe/base_mobileposer/data/raw/DIP_IMU/s_07/02.pkl,s_07,sensitivity_looser,spine,1500,2610,8.137562714314479,1.10045522622145,1.5036082480283748,False
/home/duanyuhan/dyh/motion/MotionRe/base_mobileposer/data/raw/DIP_IMU/s_07/02.pkl,s_07,sensitivity_looser,hip_knee,1500,2730,10.895096050387503,0.8714730452440093,3.822735435589646,False
/home/duanyuhan/dyh/motion/MotionRe/base_mobileposer/data/raw/DIP_IMU/s_07/02.pkl,s_07,sensitivity_looser,spine,1500,2730,10.895096050387503,0.8714730452440093,1.240058287626204,False
/home/duanyuhan/dyh/motion/MotionRe/base_mobileposer/data/raw/DIP_IMU/s_07/02.pkl,s_07,sensitivity_looser,hip_knee,1500,2850,9.858796834441966,1.1390921445873983,4.308186317007018,False
/home/duanyuhan/dyh/motion/MotionRe/base_mobileposer/data/raw/DIP_IMU/s_07/02.pkl,s_07,sensitivity_looser,spine,1500,2850,9.858796834441966,1.1390921445873983,4.92593632284663,False
/home/duanyuhan/dyh/motion/MotionRe/base_mobileposer/data/raw/DIP_IMU/s_07/02.pkl,s_07,sensitivity_looser,hip_knee,1500,2880,9.323660229074342,1.1634168030908953,4.115145698155112,False
/home/duanyuhan/dyh/motion/MotionRe/base_mobileposer/data/raw/DIP_IMU/s_07/02.pkl,s_07,sensitivity_looser,spine,1500,2880,9.323660229074342,1.1634168030908953,2.088079794124266,False
/home/duanyuhan/dyh/motion/MotionRe/base_mobileposer/data/raw/DIP_IMU/s_07/02.pkl,s_07,sensitivity_looser,hip_knee,1500,3000,12.523046754263513,1.9287311858446368,2.805712573751493,False
/home/duanyuhan/dyh/motion/MotionRe/base_mobileposer/data/raw/DIP_IMU/s_07/02.pkl,s_07,sensitivity_looser,spine,1500,3000,12.523046754263513,1.9287311858446368,1.4351465415419666,False
/home/duanyuhan/dyh/motion/MotionRe/base_mobileposer/data/raw/DIP_IMU/s_07/02.pkl,s_07,sensitivity_looser,hip_knee,1500,3030,8.580731916128963,1.8381861526143837,9.436047635976028,False
/home/duanyuhan/dyh/motion/MotionRe/base_mobileposer/data/raw/DIP_IMU/s_07/02.pkl,s_07,sensitivity_looser,spine,1500,3030,8.580731916128963,1.8381861526143837,0.9437120147939099,False
/home/duanyuhan/dyh/motion/MotionRe/base_mobileposer/data/raw/DIP_IMU/s_07/02.pkl,s_07,sensitivity_looser,hip_knee,1500,3360,8.94232933348885,1.1974587760057178,3.646799871817371,False
/home/duanyuhan/dyh/motion/MotionRe/base_mobileposer/data/raw/DIP_IMU/s_07/02.pkl,s_07,sensitivity_looser,spine,1500,3360,8.94232933348885,1.1974587760057178,2.255211900533055,False
/home/duanyuhan/dyh/motion/MotionRe/base_mobileposer/data/raw/DIP_IMU/s_07/02.pkl,s_07,sensitivity_looser,hip_knee,1500,3390,19.923757072216592,0.801905346560675,5.445558013694945,False
/home/duanyuhan/dyh/motion/MotionRe/base_mobileposer/data/raw/DIP_IMU/s_07/02.pkl,s_07,sensitivity_looser,spine,1500,3390,19.923757072216592,0.801905346560675,1.7764849338079431,False
/home/duanyuhan/dyh/motion/MotionRe/base_mobileposer/data/raw/DIP_IMU/s_07/02.pkl,s_07,sensitivity_looser,hip_knee,1500,3900,18.685120409835253,1.339905394125063,8.080658922712953,False
/home/duanyuhan/dyh/motion/MotionRe/base_mobileposer/data/raw/DIP_IMU/s_07/02.pkl,s_07,sensitivity_looser,spine,1500,3900,18.685120409835253,1.339905394125063,4.180075880701612,False
/home/duanyuhan/dyh/motion/MotionRe/base_mobileposer/data/raw/DIP_IMU/s_07/02.pkl,s_07,sensitivity_looser,hip_knee,1500,7170,19.252866905771324,1.783807932995901,20.82535586796113,True
/home/duanyuhan/dyh/motion/MotionRe/base_mobileposer/data/raw/DIP_IMU/s_07/02.pkl,s_07,sensitivity_looser,spine,1500,7170,19.252866905771324,1.783807932995901,2.9231243143379273,False
/home/duanyuhan/dyh/motion/MotionRe/base_mobileposer/data/raw/DIP_IMU/s_07/02.pkl,s_07,sensitivity_looser,hip_knee,1500,8130,12.182965383240694,1.851704939106872,7.997299053884872,False
/home/duanyuhan/dyh/motion/MotionRe/base_mobileposer/data/raw/DIP_IMU/s_07/02.pkl,s_07,sensitivity_looser,spine,1500,8130,12.182965383240694,1.851704939106872,3.1969552043673732,False
/home/duanyuhan/dyh/motion/MotionRe/base_mobileposer/data/raw/DIP_IMU/s_07/02.pkl,s_07,sensitivity_looser,hip_knee,1500,8790,12.765427203877191,1.358921941161174,5.842031451731485,False
/home/duanyuhan/dyh/motion/MotionRe/base_mobileposer/data/raw/DIP_IMU/s_07/02.pkl,s_07,sensitivity_looser,spine,1500,8790,12.765427203877191,1.358921941161174,3.2893691384758337,False
/home/duanyuhan/dyh/motion/MotionRe/base_mobileposer/data/raw/DIP_IMU/s_07/02.pkl,s_07,sensitivity_looser,hip_knee,1620,2190,9.04598493410627,1.61875713800318,4.607893440104418,False
/home/duanyuhan/dyh/motion/MotionRe/base_mobileposer/data/raw/DIP_IMU/s_07/02.pkl,s_07,sensitivity_looser,spine,1620,2190,9.04598493410627,1.61875713800318,1.5960178004316437,False
/home/duanyuhan/dyh/motion/MotionRe/base_mobileposer/data/raw/DIP_IMU/s_07/02.pkl,s_07,sensitivity_looser,hip_knee,1620,2310,14.591132929226886,1.755709016100886,6.604240254978108,False
/home/duanyuhan/dyh/motion/MotionRe/base_mobileposer/data/raw/DIP_IMU/s_07/02.pkl,s_07,sensitivity_looser,spine,1620,2310,14.591132929226886,1.755709016100886,3.11028068614621,False
/home/duanyuhan/dyh/motion/MotionRe/base_mobileposer/data/raw/DIP_IMU/s_07/02.pkl,s_07,sensitivity_looser,hip_knee,1620,2460,10.801209447785276,1.4930771626234918,5.485195623865934,False
/home/duanyuhan/dyh/motion/MotionRe/base_mobileposer/data/raw/DIP_IMU/s_07/02.pkl,s_07,sensitivity_looser,spine,1620,2460,10.801209447785276,1.4930771626234918,1.6012796121652688,False
/home/duanyuhan/dyh/motion/MotionRe/base_mobileposer/data/raw/DIP_IMU/s_07/02.pkl,s_07,sensitivity_looser,hip_knee,1620,2580,11.056282264105878,1.7951603052952079,5.6408326639645665,False
/home/duanyuhan/dyh/motion/MotionRe/base_mobileposer/data/raw/DIP_IMU/s_07/02.pkl,s_07,sensitivity_looser,spine,1620,2580,11.056282264105878,1.7951603052952079,3.077602963076996,False
/home/duanyuhan/dyh/motion/MotionRe/base_mobileposer/data/raw/DIP_IMU/s_07/02.pkl,s_07,sensitivity_looser,hip_knee,1620,2730,10.549494817468416,1.637922844456315,4.797324815568906,False
/home/duanyuhan/dyh/motion/MotionRe/base_mobileposer/data/raw/DIP_IMU/s_07/02.pkl,s_07,sensitivity_looser,spine,1620,2730,10.549494817468416,1.637922844456315,1.2137948100738105,False
/home/duanyuhan/dyh/motion/MotionRe/base_mobileposer/data/raw/DIP_IMU/s_07/02.pkl,s_07,sensitivity_looser,hip_knee,1620,2850,10.89432817936266,1.3497458658852084,4.123247719068932,False
/home/duanyuhan/dyh/motion/MotionRe/base_mobileposer/data/raw/DIP_IMU/s_07/02.pkl,s_07,sensitivity_looser,spine,1620,2850,10.89432817936266,1.3497458658852084,3.977167385642616,False
/home/duanyuhan/dyh/motion/MotionRe/base_mobileposer/data/raw/DIP_IMU/s_07/02.pkl,s_07,sensitivity_looser,hip_knee,1620,3000,8.934557952478173,1.339599027746131,3.8756713942960657,False
/home/duanyuhan/dyh/motion/MotionRe/base_mobileposer/data/raw/DIP_IMU/s_07/02.pkl,s_07,sensitivity_looser,spine,1620,3000,8.934557952478173,1.339599027746131,2.1136048061438175,False
/home/duanyuhan/dyh/motion/MotionRe/base_mobileposer/data/raw/DIP_IMU/s_07/02.pkl,s_07,sensitivity_looser,hip_knee,1620,8790,13.878057803985756,1.9185440176084028,5.5281967899300115,False
/home/duanyuhan/dyh/motion/MotionRe/base_mobileposer/data/raw/DIP_IMU/s_07/02.pkl,s_07,sensitivity_looser,spine,1620,8790,13.878057803985756,1.9185440176084028,2.852494593085338,False
/home/duanyuhan/dyh/motion/MotionRe/base_mobileposer/data/raw/DIP_IMU/s_07/02.pkl,s_07,sensitivity_looser,hip_knee,1650,2070,6.320050008098759,0.7410025578145399,3.4220701794174286,False
/home/duanyuhan/dyh/motion/MotionRe/base_mobileposer/data/raw/DIP_IMU/s_07/02.pkl,s_07,sensitivity_looser,spine,1650,2070,6.320050008098759,0.7410025578145399,0.7166548808289392,False
/home/duanyuhan/dyh/motion/MotionRe/base_mobileposer/data/raw/DIP_IMU/s_07/02.pkl,s_07,sensitivity_looser,hip_knee,1650,2190,9.350553513605744,1.3475249969864445,4.3916415365264925,False
/home/duanyuhan/dyh/motion/MotionRe/base_mobileposer/data/raw/DIP_IMU/s_07/02.pkl,s_07,sensitivity_looser,spine,1650,2190,9.350553513605744,1.3475249969864445,0.9952750661320594,False
/home/duanyuhan/dyh/motion/MotionRe/base_mobileposer/data/raw/DIP_IMU/s_07/02.pkl,s_07,sensitivity_looser,hip_knee,1650,2310,15.663309420302632,1.7700262524328125,6.879956305003534,False
/home/duanyuhan/dyh/motion/MotionRe/base_mobileposer/data/raw/DIP_IMU/s_07/02.pkl,s_07,sensitivity_looser,spine,1650,2310,15.663309420302632,1.7700262524328125,1.9984398060279602,False
/home/duanyuhan/dyh/motion/MotionRe/base_mobileposer/data/raw/DIP_IMU/s_07/02.pkl,s_07,sensitivity_looser,hip_knee,1650,2340,11.89748284055947,0.8138632239219066,4.827274206762071,False
/home/duanyuhan/dyh/motion/MotionRe/base_mobileposer/data/raw/DIP_IMU/s_07/02.pkl,s_07,sensitivity_looser,spine,1650,2340,11.89748284055947,0.8138632239219066,0.8747315555489581,False
/home/duanyuhan/dyh/motion/MotionRe/base_mobileposer/data/raw/DIP_IMU/s_07/02.pkl,s_07,sensitivity_looser,hip_knee,1650,2460,11.09185305172524,0.9233313853247561,4.90907004047074,False
/home/duanyuhan/dyh/motion/MotionRe/base_mobileposer/data/raw/DIP_IMU/s_07/02.pkl,s_07,sensitivity_looser,spine,1650,2460,11.09185305172524,0.9233313853247561,1.201551611396572,False
/home/duanyuhan/dyh/motion/MotionRe/base_mobileposer/data/raw/DIP_IMU/s_07/02.pkl,s_07,sensitivity_looser,hip_knee,1650,2580,11.816195096665737,1.6403786829981988,5.3895759078895695,False
/home/duanyuhan/dyh/motion/MotionRe/base_mobileposer/data/raw/DIP_IMU/s_07/02.pkl,s_07,sensitivity_looser,spine,1650,2580,11.816195096665737,1.6403786829981988,2.122536575481353,False
/home/duanyuhan/dyh/motion/MotionRe/base_mobileposer/data/raw/DIP_IMU/s_07/02.pkl,s_07,sensitivity_looser,hip_knee,1650,2610,10.065640222465637,0.845735634394394,4.098817514537052,False
/home/duanyuhan/dyh/motion/MotionRe/base_mobileposer/data/raw/DIP_IMU/s_07/02.pkl,s_07,sensitivity_looser,spine,1650,2610,10.065640222465637,0.845735634394394,0.7544617569533855,False
/home/duanyuhan/dyh/motion/MotionRe/base_mobileposer/data/raw/DIP_IMU/s_07/02.pkl,s_07,sensitivity_looser,hip_knee,1650,2730,12.35487530411616,0.8971403280462822,4.630627904885464,False
/home/duanyuhan/dyh/motion/MotionRe/base_mobileposer/data/raw/DIP_IMU/s_07/02.pkl,s_07,sensitivity_looser,spine,1650,2730,12.35487530411616,0.8971403280462822,0.8500053585438313,False
/home/duanyuhan/dyh/motion/MotionRe/base_mobileposer/data/raw/DIP_IMU/s_07/02.pkl,s_07,sensitivity_looser,hip_knee,1650,2850,12.239426397095285,1.2162221560278355,5.111067688896669,False
/home/duanyuhan/dyh/motion/MotionRe/base_mobileposer/data/raw/DIP_IMU/s_07/02.pkl,s_07,sensitivity_looser,spine,1650,2850,12.239426397095285,1.2162221560278355,4.304135692170305,False
/home/duanyuhan/dyh/motion/MotionRe/base_mobileposer/data/raw/DIP_IMU/s_07/02.pkl,s_07,sensitivity_looser,hip_knee,1650,2880,11.951092907630375,0.9372413059035543,5.01736217488756,False
/home/duanyuhan/dyh/motion/MotionRe/base_mobileposer/data/raw/DIP_IMU/s_07/02.pkl,s_07,sensitivity_looser,spine,1650,2880,11.951092907630375,0.9372413059035543,2.274060871908208,False
/home/duanyuhan/dyh/motion/MotionRe/base_mobileposer/data/raw/DIP_IMU/s_07/02.pkl,s_07,sensitivity_looser,hip_knee,1650,3000,13.280303925682027,1.9520537434303247,4.032275382011271,False
/home/duanyuhan/dyh/motion/MotionRe/base_mobileposer/data/raw/DIP_IMU/s_07/02.pkl,s_07,sensitivity_looser,spine,1650,3000,13.280303925682027,1.9520537434303247,1.3574804179047948,False
/home/duanyuhan/dyh/motion/MotionRe/base_mobileposer/data/raw/DIP_IMU/s_07/02.pkl,s_07,sensitivity_looser,hip_knee,1650,3030,11.453378214601456,1.3966409951418637,10.49062359276708,False
/home/duanyuhan/dyh/motion/MotionRe/base_mobileposer/data/raw/DIP_IMU/s_07/02.pkl,s_07,sensitivity_looser,spine,1650,3030,11.453378214601456,1.3966409951418637,2.1891946915259735,False
/home/duanyuhan/dyh/motion/MotionRe/base_mobileposer/data/raw/DIP_IMU/s_07/02.pkl,s_07,sensitivity_looser,hip_knee,1650,3360,11.580323629979544,1.4777598077064973,5.702994656227301,False
/home/duanyuhan/dyh/motion/MotionRe/base_mobileposer/data/raw/DIP_IMU/s_07/02.pkl,s_07,sensitivity_looser,spine,1650,3360,11.580323629979544,1.4777598077064973,2.911238946405183,False
/home/duanyuhan/dyh/motion/MotionRe/base_mobileposer/data/raw/DIP_IMU/s_07/02.pkl,s_07,sensitivity_looser,hip_knee,1650,3900,18.37327643788462,1.224193402937344,8.859229305587737,False
/home/duanyuhan/dyh/motion/MotionRe/base_mobileposer/data/raw/DIP_IMU/s_07/02.pkl,s_07,sensitivity_looser,spine,1650,3900,18.37327643788462,1.224193402937344,3.4057679614195018,False
/home/duanyuhan/dyh/motion/MotionRe/base_mobileposer/data/raw/DIP_IMU/s_07/02.pkl,s_07,sensitivity_looser,hip_knee,1650,8130,10.228467998738546,1.7944160873346635,7.5352130118659035,False
/home/duanyuhan/dyh/motion/MotionRe/base_mobileposer/data/raw/DIP_IMU/s_07/02.pkl,s_07,sensitivity_looser,spine,1650,8130,10.228467998738546,1.7944160873346635,3.462002145447554,False
/home/duanyuhan/dyh/motion/MotionRe/base_mobileposer/data/raw/DIP_IMU/s_07/02.pkl,s_07,sensitivity_looser,hip_knee,1650,8790,14.69770708758989,1.3967829870946638,5.270118717194148,False
/home/duanyuhan/dyh/motion/MotionRe/base_mobileposer/data/raw/DIP_IMU/s_07/02.pkl,s_07,sensitivity_looser,spine,1650,8790,14.69770708758989,1.3967829870946638,3.731850415548936,False
/home/duanyuhan/dyh/motion/MotionRe/base_mobileposer/data/raw/DIP_IMU/s_07/02.pkl,s_07,sensitivity_looser,hip_knee,1680,2370,7.827943723657004,1.9090637026348782,7.826220012028548,False
/home/duanyuhan/dyh/motion/MotionRe/base_mobileposer/data/raw/DIP_IMU/s_07/02.pkl,s_07,sensitivity_looser,spine,1680,2370,7.827943723657004,1.9090637026348782,3.942842375581376,False
/home/duanyuhan/dyh/motion/MotionRe/base_mobileposer/data/raw/DIP_IMU/s_07/02.pkl,s_07,sensitivity_looser,hip_knee,1680,2550,15.839047944889968,1.9154282310875324,6.904252292630048,False
/home/duanyuhan/dyh/motion/MotionRe/base_mobileposer/data/raw/DIP_IMU/s_07/02.pkl,s_07,sensitivity_looser,spine,1680,2550,15.839047944889968,1.9154282310875324,3.4024918811879594,False
/home/duanyuhan/dyh/motion/MotionRe/base_mobileposer/data/raw/DIP_IMU/s_07/02.pkl,s_07,sensitivity_looser,hip_knee,1680,2640,8.48693592569169,1.5742207794015013,3.522455830032597,False
/home/duanyuhan/dyh/motion/MotionRe/base_mobileposer/data/raw/DIP_IMU/s_07/02.pkl,s_07,sensitivity_looser,spine,1680,2640,8.48693592569169,1.5742207794015013,2.2334562761820975,False
/home/duanyuhan/dyh/motion/MotionRe/base_mobileposer/data/raw/DIP_IMU/s_07/02.pkl,s_07,sensitivity_looser,hip_knee,1680,2910,7.666387037206677,1.8941187803822186,8.038323707384649,False
/home/duanyuhan/dyh/motion/MotionRe/base_mobileposer/data/raw/DIP_IMU/s_07/02.pkl,s_07,sensitivity_looser,spine,1680,2910,7.666387037206677,1.8941187803822186,1.5988072328603373,False
/home/duanyuhan/dyh/motion/MotionRe/base_mobileposer/data/raw/DIP_IMU/s_07/02.pkl,s_07,sensitivity_looser,hip_knee,1710,2250,7.357304689861005,1.3335369467607963,5.7448315262156475,False
/home/duanyuhan/dyh/motion/MotionRe/base_mobileposer/data/raw/DIP_IMU/s_07/02.pkl,s_07,sensitivity_looser,spine,1710,2250,7.357304689861005,1.3335369467607963,2.4812605898907,False
/home/duanyuhan/dyh/motion/MotionRe/base_mobileposer/data/raw/DIP_IMU/s_07/02.pkl,s_07,sensitivity_looser,hip_knee,1710,2400,11.424979366559246,1.4776051862206254,4.887006493872935,False
/home/duanyuhan/dyh/motion/MotionRe/base_mobileposer/data/raw/DIP_IMU/s_07/02.pkl,s_07,sensitivity_looser,spine,1710,2400,11.424979366559246,1.4776051862206254,1.2584932413356074,False
/home/duanyuhan/dyh/motion/MotionRe/base_mobileposer/data/raw/DIP_IMU/s_07/02.pkl,s_07,sensitivity_looser,hip_knee,1710,2520,6.7187689320799,1.265267439221323,6.191509800873411,False
/home/duanyuhan/dyh/motion/MotionRe/base_mobileposer/data/raw/DIP_IMU/s_07/02.pkl,s_07,sensitivity_looser,spine,1710,2520,6.7187689320799,1.265267439221323,2.840490612961253,False
/home/duanyuhan/dyh/motion/MotionRe/base_mobileposer/data/raw/DIP_IMU/s_07/02.pkl,s_07,sensitivity_looser,hip_knee,1710,2670,9.272274578992374,1.7932098922993067,3.5304780091585757,False
/home/duanyuhan/dyh/motion/MotionRe/base_mobileposer/data/raw/DIP_IMU/s_07/02.pkl,s_07,sensitivity_looser,spine,1710,2670,9.272274578992374,1.7932098922993067,2.0522432033776297,False
/home/duanyuhan/dyh/motion/MotionRe/base_mobileposer/data/raw/DIP_IMU/s_07/02.pkl,s_07,sensitivity_looser,hip_knee,1740,2430,9.303680862968232,1.5570990147773252,4.261172842100114,False
/home/duanyuhan/dyh/motion/MotionRe/base_mobileposer/data/raw/DIP_IMU/s_07/02.pkl,s_07,sensitivity_looser,spine,1740,2430,9.303680862968232,1.5570990147773252,0.6635144114180128,False
/home/duanyuhan/dyh/motion/MotionRe/base_mobileposer/data/raw/DIP_IMU/s_07/02.pkl,s_07,sensitivity_looser,hip_knee,1860,2250,5.504265638859982,1.7243912948726627,5.337089096774369,False
/home/duanyuhan/dyh/motion/MotionRe/base_mobileposer/data/raw/DIP_IMU/s_07/02.pkl,s_07,sensitivity_looser,spine,1860,2250,5.504265638859982,1.7243912948726627,1.305607740299669,False
/home/duanyuhan/dyh/motion/MotionRe/base_mobileposer/data/raw/DIP_IMU/s_07/02.pkl,s_07,sensitivity_looser,hip_knee,1860,2280,8.118311571629281,1.4909059476636417,4.311775229918485,False
/home/duanyuhan/dyh/motion/MotionRe/base_mobileposer/data/raw/DIP_IMU/s_07/02.pkl,s_07,sensitivity_looser,spine,1860,2280,8.118311571629281,1.4909059476636417,2.057274877780992,False
/home/duanyuhan/dyh/motion/MotionRe/base_mobileposer/data/raw/DIP_IMU/s_07/02.pkl,s_07,sensitivity_looser,hip_knee,1860,2520,8.110174510519702,1.5305855492094647,5.487777775844118,False
/home/duanyuhan/dyh/motion/MotionRe/base_mobileposer/data/raw/DIP_IMU/s_07/02.pkl,s_07,sensitivity_looser,spine,1860,2520,8.110174510519702,1.5305855492094647,1.0715992868692847,False
/home/duanyuhan/dyh/motion/MotionRe/base_mobileposer/data/raw/DIP_IMU/s_07/02.pkl,s_07,sensitivity_looser,hip_knee,1860,2790,8.635219857679251,1.348101305751646,6.081316022595038,False
/home/duanyuhan/dyh/motion/MotionRe/base_mobileposer/data/raw/DIP_IMU/s_07/02.pkl,s_07,sensitivity_looser,spine,1860,2790,8.635219857679251,1.348101305751646,1.4157407946987377,False
/home/duanyuhan/dyh/motion/MotionRe/base_mobileposer/data/raw/DIP_IMU/s_07/02.pkl,s_07,sensitivity_looser,hip_knee,2010,2820,7.378041387768296,1.8685168950778024,3.37047532826378,False
/home/duanyuhan/dyh/motion/MotionRe/base_mobileposer/data/raw/DIP_IMU/s_07/02.pkl,s_07,sensitivity_looser,spine,2010,2820,7.378041387768296,1.8685168950778024,2.0139471117133674,False
/home/duanyuhan/dyh/motion/MotionRe/base_mobileposer/data/raw/DIP_IMU/s_07/02.pkl,s_07,sensitivity_looser,hip_knee,2070,2460,5.9963791940816265,1.0226808827224767,2.391275316385295,False
/home/duanyuhan/dyh/motion/MotionRe/base_mobileposer/data/raw/DIP_IMU/s_07/02.pkl,s_07,sensitivity_looser,spine,2070,2460,5.9963791940816265,1.0226808827224767,0.9666445382517147,False
/home/duanyuhan/dyh/motion/MotionRe/base_mobileposer/data/raw/DIP_IMU/s_07/02.pkl,s_07,sensitivity_looser,hip_knee,2070,2580,8.3125554414825,1.9033911644032473,3.10192242635722,False
/home/duanyuhan/dyh/motion/MotionRe/base_mobileposer/data/raw/DIP_IMU/s_07/02.pkl,s_07,sensitivity_looser,spine,2070,2580,8.3125554414825,1.9033911644032473,1.8477104480959408,False
/home/duanyuhan/dyh/motion/MotionRe/base_mobileposer/data/raw/DIP_IMU/s_07/02.pkl,s_07,sensitivity_looser,hip_knee,2070,2610,6.215820151659745,0.248485447175202,1.8641753236814875,False
/home/duanyuhan/dyh/motion/MotionRe/base_mobileposer/data/raw/DIP_IMU/s_07/02.pkl,s_07,sensitivity_looser,spine,2070,2610,6.215820151659745,0.248485447175202,0.6120616079740828,False
/home/duanyuhan/dyh/motion/MotionRe/base_mobileposer/data/raw/DIP_IMU/s_07/02.pkl,s_07,sensitivity_looser,hip_knee,2070,2730,8.105357507465847,1.0811902585857396,2.433057850378969,False
/home/duanyuhan/dyh/motion/MotionRe/base_mobileposer/data/raw/DIP_IMU/s_07/02.pkl,s_07,sensitivity_looser,spine,2070,2730,8.105357507465847,1.0811902585857396,1.0012402706819417,False
/home/duanyuhan/dyh/motion/MotionRe/base_mobileposer/data/raw/DIP_IMU/s_07/02.pkl,s_07,sensitivity_looser,hip_knee,2070,2850,8.445794895467511,1.402631433631525,4.2610083654450515,False
/home/duanyuhan/dyh/motion/MotionRe/base_mobileposer/data/raw/DIP_IMU/s_07/02.pkl,s_07,sensitivity_looser,spine,2070,2850,8.445794895467511,1.402631433631525,3.9265133797446397,False
/home/duanyuhan/dyh/motion/MotionRe/base_mobileposer/data/raw/DIP_IMU/s_07/02.pkl,s_07,sensitivity_looser,hip_knee,2070,2880,7.84130325955533,0.6716976380459965,4.423130655818239,False
/home/duanyuhan/dyh/motion/MotionRe/base_mobileposer/data/raw/DIP_IMU/s_07/02.pkl,s_07,sensitivity_looser,spine,2070,2880,7.84130325955533,0.6716976380459965,2.1275237602389585,False
/home/duanyuhan/dyh/motion/MotionRe/base_mobileposer/data/raw/DIP_IMU/s_07/02.pkl,s_07,sensitivity_looser,hip_knee,2070,3030,9.021247432472904,1.2200536445376526,10.72377432128612,False
/home/duanyuhan/dyh/motion/MotionRe/base_mobileposer/data/raw/DIP_IMU/s_07/02.pkl,s_07,sensitivity_looser,spine,2070,3030,9.021247432472904,1.2200536445376526,2.4042253798032296,False
/home/duanyuhan/dyh/motion/MotionRe/base_mobileposer/data/raw/DIP_IMU/s_07/02.pkl,s_07,sensitivity_looser,hip_knee,2070,3360,11.838060983462483,1.079329018964625,5.352145048414542,False
/home/duanyuhan/dyh/motion/MotionRe/base_mobileposer/data/raw/DIP_IMU/s_07/02.pkl,s_07,sensitivity_looser,spine,2070,3360,11.838060983462483,1.079329018964625,3.2254550286075236,False
/home/duanyuhan/dyh/motion/MotionRe/base_mobileposer/data/raw/DIP_IMU/s_07/02.pkl,s_07,sensitivity_looser,hip_knee,2070,3900,18.62826670685253,1.0842708440164937,8.85147846388619,False
/home/duanyuhan/dyh/motion/MotionRe/base_mobileposer/data/raw/DIP_IMU/s_07/02.pkl,s_07,sensitivity_looser,spine,2070,3900,18.62826670685253,1.0842708440164937,3.6386962094286464,False
/home/duanyuhan/dyh/motion/MotionRe/base_mobileposer/data/raw/DIP_IMU/s_07/02.pkl,s_07,sensitivity_looser,hip_knee,2070,4740,14.392283514755679,1.9215042842360628,10.620520454670595,False
/home/duanyuhan/dyh/motion/MotionRe/base_mobileposer/data/raw/DIP_IMU/s_07/02.pkl,s_07,sensitivity_looser,spine,2070,4740,14.392283514755679,1.9215042842360628,3.013421949789272,False
/home/duanyuhan/dyh/motion/MotionRe/base_mobileposer/data/raw/DIP_IMU/s_07/02.pkl,s_07,sensitivity_looser,hip_knee,2070,7170,17.541346295560206,1.1703926152938828,22.209123152761794,True
/home/duanyuhan/dyh/motion/MotionRe/base_mobileposer/data/raw/DIP_IMU/s_07/02.pkl,s_07,sensitivity_looser,spine,2070,7170,17.541346295560206,1.1703926152938828,4.721111999335451,False
/home/duanyuhan/dyh/motion/MotionRe/base_mobileposer/data/raw/DIP_IMU/s_07/02.pkl,s_07,sensitivity_looser,hip_knee,2070,8130,12.590433727382582,1.8714800268460208,8.436209523400684,False
/home/duanyuhan/dyh/motion/MotionRe/base_mobileposer/data/raw/DIP_IMU/s_07/02.pkl,s_07,sensitivity_looser,spine,2070,8130,12.590433727382582,1.8714800268460208,3.449418387727194,False
/home/duanyuhan/dyh/motion/MotionRe/base_mobileposer/data/raw/DIP_IMU/s_07/02.pkl,s_07,sensitivity_looser,hip_knee,2070,8790,11.92112395704421,1.3594456163056416,5.9954681412304955,False
/home/duanyuhan/dyh/motion/MotionRe/base_mobileposer/data/raw/DIP_IMU/s_07/02.pkl,s_07,sensitivity_looser,spine,2070,8790,11.92112395704421,1.3594456163056416,3.8962507876897043,False
/home/duanyuhan/dyh/motion/MotionRe/base_mobileposer/data/raw/DIP_IMU/s_07/02.pkl,s_07,sensitivity_looser,hip_knee,2190,2580,9.309898306625414,1.597967240067379,2.075068528216934,False
/home/duanyuhan/dyh/motion/MotionRe/base_mobileposer/data/raw/DIP_IMU/s_07/02.pkl,s_07,sensitivity_looser,spine,2190,2580,9.309898306625414,1.597967240067379,1.9267292173393529,False
/home/duanyuhan/dyh/motion/MotionRe/base_mobileposer/data/raw/DIP_IMU/s_07/02.pkl,s_07,sensitivity_looser,hip_knee,2190,2610,6.727648605362485,1.4276967673715997,1.30764826820764,False
/home/duanyuhan/dyh/motion/MotionRe/base_mobileposer/data/raw/DIP_IMU/s_07/02.pkl,s_07,sensitivity_looser,spine,2190,2610,6.727648605362485,1.4276967673715997,0.7433253006983095,False
/home/duanyuhan/dyh/motion/MotionRe/base_mobileposer/data/raw/DIP_IMU/s_07/02.pkl,s_07,sensitivity_looser,hip_knee,2190,2730,5.495413021954988,0.7414362857635501,1.4270352109370354,False
/home/duanyuhan/dyh/motion/MotionRe/base_mobileposer/data/raw/DIP_IMU/s_07/02.pkl,s_07,sensitivity_looser,spine,2190,2730,5.495413021954988,0.7414362857635501,0.41216745489115647,False
/home/duanyuhan/dyh/motion/MotionRe/base_mobileposer/data/raw/DIP_IMU/s_07/02.pkl,s_07,sensitivity_looser,hip_knee,2190,2850,7.343095735276848,1.2806700289600315,3.6639009170441827,False
/home/duanyuhan/dyh/motion/MotionRe/base_mobileposer/data/raw/DIP_IMU/s_07/02.pkl,s_07,sensitivity_looser,spine,2190,2850,7.343095735276848,1.2806700289600315,4.551679049382043,False
/home/duanyuhan/dyh/motion/MotionRe/base_mobileposer/data/raw/DIP_IMU/s_07/02.pkl,s_07,sensitivity_looser,hip_knee,2190,2880,9.269401364902578,1.9478728500761666,3.8761232295139254,False
/home/duanyuhan/dyh/motion/MotionRe/base_mobileposer/data/raw/DIP_IMU/s_07/02.pkl,s_07,sensitivity_looser,spine,2190,2880,9.269401364902578,1.9478728500761666,2.333231692843703,False
/home/duanyuhan/dyh/motion/MotionRe/base_mobileposer/data/raw/DIP_IMU/s_07/02.pkl,s_07,sensitivity_looser,hip_knee,2190,3000,6.236628330629914,0.9380414531418809,2.527450815208356,False
/home/duanyuhan/dyh/motion/MotionRe/base_mobileposer/data/raw/DIP_IMU/s_07/02.pkl,s_07,sensitivity_looser,spine,2190,3000,6.236628330629914,0.9380414531418809,0.877140839220797,False
/home/duanyuhan/dyh/motion/MotionRe/base_mobileposer/data/raw/DIP_IMU/s_07/02.pkl,s_07,sensitivity_looser,hip_knee,2190,3360,10.622204626550664,1.4029420872530407,4.810700374032274,False
/home/duanyuhan/dyh/motion/MotionRe/base_mobileposer/data/raw/DIP_IMU/s_07/02.pkl,s_07,sensitivity_looser,spine,2190,3360,10.622204626550664,1.4029420872530407,2.7192430789299364,False
/home/duanyuhan/dyh/motion/MotionRe/base_mobileposer/data/raw/DIP_IMU/s_07/02.pkl,s_07,sensitivity_looser,hip_knee,2190,3390,17.325571169838287,1.5679580884784678,5.706632424748814,False
/home/duanyuhan/dyh/motion/MotionRe/base_mobileposer/data/raw/DIP_IMU/s_07/02.pkl,s_07,sensitivity_looser,spine,2190,3390,17.325571169838287,1.5679580884784678,1.7647379341971752,False
/home/duanyuhan/dyh/motion/MotionRe/base_mobileposer/data/raw/DIP_IMU/s_07/02.pkl,s_07,sensitivity_looser,hip_knee,2190,3900,17.713439909422487,1.7702255531570938,9.054669705949953,False
/home/duanyuhan/dyh/motion/MotionRe/base_mobileposer/data/raw/DIP_IMU/s_07/02.pkl,s_07,sensitivity_looser,spine,2190,3900,17.713439909422487,1.7702255531570938,3.6427870155169066,False
/home/duanyuhan/dyh/motion/MotionRe/base_mobileposer/data/raw/DIP_IMU/s_07/02.pkl,s_07,sensitivity_looser,hip_knee,2190,8790,10.88993437523058,1.1839547976027067,5.941235864749336,False
/home/duanyuhan/dyh/motion/MotionRe/base_mobileposer/data/raw/DIP_IMU/s_07/02.pkl,s_07,sensitivity_looser,spine,2190,8790,10.88993437523058,1.1839547976027067,3.579641492372174,False
/home/duanyuhan/dyh/motion/MotionRe/base_mobileposer/data/raw/DIP_IMU/s_07/02.pkl,s_07,sensitivity_looser,hip_knee,2250,2790,6.688451938467569,1.3130718908233947,2.8106655085207355,False
/home/duanyuhan/dyh/motion/MotionRe/base_mobileposer/data/raw/DIP_IMU/s_07/02.pkl,s_07,sensitivity_looser,spine,2250,2790,6.688451938467569,1.3130718908233947,1.0710617982647817,False
/home/duanyuhan/dyh/motion/MotionRe/base_mobileposer/data/raw/DIP_IMU/s_07/02.pkl,s_07,sensitivity_looser,hip_knee,2280,2790,6.923824188500732,1.4754265224190584,6.728017692165409,False
/home/duanyuhan/dyh/motion/MotionRe/base_mobileposer/data/raw/DIP_IMU/s_07/02.pkl,s_07,sensitivity_looser,spine,2280,2790,6.923824188500732,1.4754265224190584,1.2928458131271805,False
/home/duanyuhan/dyh/motion/MotionRe/base_mobileposer/data/raw/DIP_IMU/s_07/02.pkl,s_07,sensitivity_looser,hip_knee,2310,2610,6.522825661756123,1.7408270661825511,3.6703580229645763,False
/home/duanyuhan/dyh/motion/MotionRe/base_mobileposer/data/raw/DIP_IMU/s_07/02.pkl,s_07,sensitivity_looser,spine,2310,2610,6.522825661756123,1.7408270661825511,1.6853902941797496,False
/home/duanyuhan/dyh/motion/MotionRe/base_mobileposer/data/raw/DIP_IMU/s_07/02.pkl,s_07,sensitivity_looser,hip_knee,2310,2730,7.306951354416318,1.4970688306802042,2.9516219743669603,False
/home/duanyuhan/dyh/motion/MotionRe/base_mobileposer/data/raw/DIP_IMU/s_07/02.pkl,s_07,sensitivity_looser,spine,2310,2730,7.306951354416318,1.4970688306802042,2.1539908115130757,False
/home/duanyuhan/dyh/motion/MotionRe/base_mobileposer/data/raw/DIP_IMU/s_07/02.pkl,s_07,sensitivity_looser,hip_knee,2310,2850,9.12172701441685,1.7276113593343145,3.5669910405433205,False
/home/duanyuhan/dyh/motion/MotionRe/base_mobileposer/data/raw/DIP_IMU/s_07/02.pkl,s_07,sensitivity_looser,spine,2310,2850,9.12172701441685,1.7276113593343145,5.342508121430591,False
/home/duanyuhan/dyh/motion/MotionRe/base_mobileposer/data/raw/DIP_IMU/s_07/02.pkl,s_07,sensitivity_looser,hip_knee,2310,2880,9.437244447398534,1.440195700726302,4.06743766089928,False
/home/duanyuhan/dyh/motion/MotionRe/base_mobileposer/data/raw/DIP_IMU/s_07/02.pkl,s_07,sensitivity_looser,spine,2310,2880,9.437244447398534,1.440195700726302,2.8584976705758294,False
/home/duanyuhan/dyh/motion/MotionRe/base_mobileposer/data/raw/DIP_IMU/s_07/02.pkl,s_07,sensitivity_looser,hip_knee,2310,3000,12.18834258839433,1.6848149588285015,5.622646896388153,False
/home/duanyuhan/dyh/motion/MotionRe/base_mobileposer/data/raw/DIP_IMU/s_07/02.pkl,s_07,sensitivity_looser,spine,2310,3000,12.18834258839433,1.6848149588285015,1.830185285616807,False
/home/duanyuhan/dyh/motion/MotionRe/base_mobileposer/data/raw/DIP_IMU/s_07/02.pkl,s_07,sensitivity_looser,hip_knee,2310,3030,15.317585273998368,1.6521359795873611,12.292282725642679,False
/home/duanyuhan/dyh/motion/MotionRe/base_mobileposer/data/raw/DIP_IMU/s_07/02.pkl,s_07,sensitivity_looser,spine,2310,3030,15.317585273998368,1.6521359795873611,2.8287665289518475,False
/home/duanyuhan/dyh/motion/MotionRe/base_mobileposer/data/raw/DIP_IMU/s_07/02.pkl,s_07,sensitivity_looser,hip_knee,2310,3360,13.628897530888064,1.8751018957836167,6.35484502156495,False
/home/duanyuhan/dyh/motion/MotionRe/base_mobileposer/data/raw/DIP_IMU/s_07/02.pkl,s_07,sensitivity_looser,spine,2310,3360,13.628897530888064,1.8751018957836167,4.3043338312179555,False
/home/duanyuhan/dyh/motion/MotionRe/base_mobileposer/data/raw/DIP_IMU/s_07/02.pkl,s_07,sensitivity_looser,hip_knee,2310,3390,16.334832908061642,1.7038430568590752,6.8388071161550865,False
/home/duanyuhan/dyh/motion/MotionRe/base_mobileposer/data/raw/DIP_IMU/s_07/02.pkl,s_07,sensitivity_looser,spine,2310,3390,16.334832908061642,1.7038430568590752,3.055893560252089,False
/home/duanyuhan/dyh/motion/MotionRe/base_mobileposer/data/raw/DIP_IMU/s_07/02.pkl,s_07,sensitivity_looser,hip_knee,2310,7170,17.8138236889257,1.8072508536354568,22.570365605447613,True
/home/duanyuhan/dyh/motion/MotionRe/base_mobileposer/data/raw/DIP_IMU/s_07/02.pkl,s_07,sensitivity_looser,spine,2310,7170,17.8138236889257,1.8072508536354568,5.150622178963511,False
/home/duanyuhan/dyh/motion/MotionRe/base_mobileposer/data/raw/DIP_IMU/s_07/02.pkl,s_07,sensitivity_looser,hip_knee,2310,7350,11.148508184569934,1.6387775087539087,5.8597403239602786,False
/home/duanyuhan/dyh/motion/MotionRe/base_mobileposer/data/raw/DIP_IMU/s_07/02.pkl,s_07,sensitivity_looser,spine,2310,7350,11.148508184569934,1.6387775087539087,5.7956759942843705,False
/home/duanyuhan/dyh/motion/MotionRe/base_mobileposer/data/raw/DIP_IMU/s_07/02.pkl,s_07,sensitivity_looser,hip_knee,2310,8790,11.720195360355003,1.967957190996445,6.64821204675396,False
/home/duanyuhan/dyh/motion/MotionRe/base_mobileposer/data/raw/DIP_IMU/s_07/02.pkl,s_07,sensitivity_looser,spine,2310,8790,11.720195360355003,1.967957190996445,5.239444802171552,False
/home/duanyuhan/dyh/motion/MotionRe/base_mobileposer/data/raw/DIP_IMU/s_07/02.pkl,s_07,sensitivity_looser,hip_knee,2340,2730,4.607434572404207,1.1525994873355652,1.4861540937157143,False
/home/duanyuhan/dyh/motion/MotionRe/base_mobileposer/data/raw/DIP_IMU/s_07/02.pkl,s_07,sensitivity_looser,spine,2340,2730,4.607434572404207,1.1525994873355652,0.604711302860866,False
/home/duanyuhan/dyh/motion/MotionRe/base_mobileposer/data/raw/DIP_IMU/s_07/02.pkl,s_07,sensitivity_looser,hip_knee,2340,2850,8.58985789169121,1.283741873255404,3.244106364335469,False
/home/duanyuhan/dyh/motion/MotionRe/base_mobileposer/data/raw/DIP_IMU/s_07/02.pkl,s_07,sensitivity_looser,spine,2340,2850,8.58985789169121,1.283741873255404,4.189892473174356,False
/home/duanyuhan/dyh/motion/MotionRe/base_mobileposer/data/raw/DIP_IMU/s_07/02.pkl,s_07,sensitivity_looser,hip_knee,2340,2880,6.712819787484106,0.4583233026564212,3.578705393979848,False
/home/duanyuhan/dyh/motion/MotionRe/base_mobileposer/data/raw/DIP_IMU/s_07/02.pkl,s_07,sensitivity_looser,spine,2340,2880,6.712819787484106,0.4583233026564212,2.5509568266453506,False
/home/duanyuhan/dyh/motion/MotionRe/base_mobileposer/data/raw/DIP_IMU/s_07/02.pkl,s_07,sensitivity_looser,hip_knee,2340,3030,12.632563589044159,1.1700528171048001,11.104220218856879,False
/home/duanyuhan/dyh/motion/MotionRe/base_mobileposer/data/raw/DIP_IMU/s_07/02.pkl,s_07,sensitivity_looser,spine,2340,3030,12.632563589044159,1.1700528171048001,2.264025778328765,False
/home/duanyuhan/dyh/motion/MotionRe/base_mobileposer/data/raw/DIP_IMU/s_07/02.pkl,s_07,sensitivity_looser,hip_knee,2340,3360,11.789397029305205,1.0513438179627281,5.627070311210698,False
/home/duanyuhan/dyh/motion/MotionRe/base_mobileposer/data/raw/DIP_IMU/s_07/02.pkl,s_07,sensitivity_looser,spine,2340,3360,11.789397029305205,1.0513438179627281,2.8075052786811656,False
/home/duanyuhan/dyh/motion/MotionRe/base_mobileposer/data/raw/DIP_IMU/s_07/02.pkl,s_07,sensitivity_looser,hip_knee,2340,3390,17.770815714968727,0.7341995260851293,6.319161024013747,False
/home/duanyuhan/dyh/motion/MotionRe/base_mobileposer/data/raw/DIP_IMU/s_07/02.pkl,s_07,sensitivity_looser,spine,2340,3390,17.770815714968727,0.7341995260851293,1.4086661582338955,False
/home/duanyuhan/dyh/motion/MotionRe/base_mobileposer/data/raw/DIP_IMU/s_07/02.pkl,s_07,sensitivity_looser,hip_knee,2340,3900,19.748307437825527,1.132200403567106,9.865781709804962,False
/home/duanyuhan/dyh/motion/MotionRe/base_mobileposer/data/raw/DIP_IMU/s_07/02.pkl,s_07,sensitivity_looser,spine,2340,3900,19.748307437825527,1.132200403567106,3.2401971592471557,False
/home/duanyuhan/dyh/motion/MotionRe/base_mobileposer/data/raw/DIP_IMU/s_07/02.pkl,s_07,sensitivity_looser,hip_knee,2340,7170,16.60478390185597,1.2383555985344017,22.150472696476857,True
/home/duanyuhan/dyh/motion/MotionRe/base_mobileposer/data/raw/DIP_IMU/s_07/02.pkl,s_07,sensitivity_looser,spine,2340,7170,16.60478390185597,1.2383555985344017,4.601853898774933,False
/home/duanyuhan/dyh/motion/MotionRe/base_mobileposer/data/raw/DIP_IMU/s_07/02.pkl,s_07,sensitivity_looser,hip_knee,2340,8130,12.373079814667621,1.9578130715813826,8.821898503581119,False
/home/duanyuhan/dyh/motion/MotionRe/base_mobileposer/data/raw/DIP_IMU/s_07/02.pkl,s_07,sensitivity_looser,spine,2340,8130,12.373079814667621,1.9578130715813826,3.1427275978414344,False
/home/duanyuhan/dyh/motion/MotionRe/base_mobileposer/data/raw/DIP_IMU/s_07/02.pkl,s_07,sensitivity_looser,hip_knee,2340,8790,10.506737397802295,1.3905146083954352,5.613702192434321,False
/home/duanyuhan/dyh/motion/MotionRe/base_mobileposer/data/raw/DIP_IMU/s_07/02.pkl,s_07,sensitivity_looser,spine,2340,8790,10.506737397802295,1.3905146083954352,3.3837306219259577,False
/home/duanyuhan/dyh/motion/MotionRe/base_mobileposer/data/raw/DIP_IMU/s_07/02.pkl,s_07,sensitivity_looser,hip_knee,2370,2910,1.840225796512726,0.8813822444990915,0.8604626539223629,False
/home/duanyuhan/dyh/motion/MotionRe/base_mobileposer/data/raw/DIP_IMU/s_07/02.pkl,s_07,sensitivity_looser,spine,2370,2910,1.840225796512726,0.8813822444990915,3.332880704262878,False
/home/duanyuhan/dyh/motion/MotionRe/base_mobileposer/data/raw/DIP_IMU/s_07/02.pkl,s_07,sensitivity_looser,hip_knee,2400,2940,7.887207578158995,1.4816425604935273,3.383859735698695,False
/home/duanyuhan/dyh/motion/MotionRe/base_mobileposer/data/raw/DIP_IMU/s_07/02.pkl,s_07,sensitivity_looser,spine,2400,2940,7.887207578158995,1.4816425604935273,1.692440910617324,False
/home/duanyuhan/dyh/motion/MotionRe/base_mobileposer/data/raw/DIP_IMU/s_07/02.pkl,s_07,sensitivity_looser,hip_knee,2430,2910,6.894943095112483,1.5376628064652704,9.295951726935582,False
/home/duanyuhan/dyh/motion/MotionRe/base_mobileposer/data/raw/DIP_IMU/s_07/02.pkl,s_07,sensitivity_looser,spine,2430,2910,6.894943095112483,1.5376628064652704,1.5104405447498157,False
/home/duanyuhan/dyh/motion/MotionRe/base_mobileposer/data/raw/DIP_IMU/s_07/02.pkl,s_07,sensitivity_looser,hip_knee,2460,2850,6.359675043728719,1.1180486188506653,4.217767138495277,False
/home/duanyuhan/dyh/motion/MotionRe/base_mobileposer/data/raw/DIP_IMU/s_07/02.pkl,s_07,sensitivity_looser,spine,2460,2850,6.359675043728719,1.1180486188506653,4.07412428571372,False
/home/duanyuhan/dyh/motion/MotionRe/base_mobileposer/data/raw/DIP_IMU/s_07/02.pkl,s_07,sensitivity_looser,hip_knee,2460,2880,7.935425411295409,1.4194889092632919,4.597337732397849,False
/home/duanyuhan/dyh/motion/MotionRe/base_mobileposer/data/raw/DIP_IMU/s_07/02.pkl,s_07,sensitivity_looser,spine,2460,2880,7.935425411295409,1.4194889092632919,1.9414872329270496,False
/home/duanyuhan/dyh/motion/MotionRe/base_mobileposer/data/raw/DIP_IMU/s_07/02.pkl,s_07,sensitivity_looser,hip_knee,2460,3000,8.584215026932219,1.3774488484462617,3.667758424218439,False
/home/duanyuhan/dyh/motion/MotionRe/base_mobileposer/data/raw/DIP_IMU/s_07/02.pkl,s_07,sensitivity_looser,spine,2460,3000,8.584215026932219,1.3774488484462617,1.4388707679053117,False
/home/duanyuhan/dyh/motion/MotionRe/base_mobileposer/data/raw/DIP_IMU/s_07/02.pkl,s_07,sensitivity_looser,hip_knee,2460,3030,12.968647540879449,1.9018425866740936,11.555828741172334,False
/home/duanyuhan/dyh/motion/MotionRe/base_mobileposer/data/raw/DIP_IMU/s_07/02.pkl,s_07,sensitivity_looser,spine,2460,3030,12.968647540879449,1.9018425866740936,1.5933963713892656,False
/home/duanyuhan/dyh/motion/MotionRe/base_mobileposer/data/raw/DIP_IMU/s_07/02.pkl,s_07,sensitivity_looser,hip_knee,2460,3360,12.703580947621422,1.17061405103483,6.096177884244104,False
/home/duanyuhan/dyh/motion/MotionRe/base_mobileposer/data/raw/DIP_IMU/s_07/02.pkl,s_07,sensitivity_looser,spine,2460,3360,12.703580947621422,1.17061405103483,2.7532231950506065,False
/home/duanyuhan/dyh/motion/MotionRe/base_mobileposer/data/raw/DIP_IMU/s_07/02.pkl,s_07,sensitivity_looser,hip_knee,2460,3390,17.729304128960027,1.059694934129114,6.887286197936273,False
/home/duanyuhan/dyh/motion/MotionRe/base_mobileposer/data/raw/DIP_IMU/s_07/02.pkl,s_07,sensitivity_looser,spine,2460,3390,17.729304128960027,1.059694934129114,2.0349302589378877,False
/home/duanyuhan/dyh/motion/MotionRe/base_mobileposer/data/raw/DIP_IMU/s_07/02.pkl,s_07,sensitivity_looser,hip_knee,2460,3900,18.388058762467022,1.2456209107071579,10.434630772130667,False
/home/duanyuhan/dyh/motion/MotionRe/base_mobileposer/data/raw/DIP_IMU/s_07/02.pkl,s_07,sensitivity_looser,spine,2460,3900,18.388058762467022,1.2456209107071579,4.141947313697664,False
/home/duanyuhan/dyh/motion/MotionRe/base_mobileposer/data/raw/DIP_IMU/s_07/02.pkl,s_07,sensitivity_looser,hip_knee,2460,7170,15.830973337426526,1.6816174690778876,22.209850818687276,True
/home/duanyuhan/dyh/motion/MotionRe/base_mobileposer/data/raw/DIP_IMU/s_07/02.pkl,s_07,sensitivity_looser,spine,2460,7170,15.830973337426526,1.6816174690778876,3.9274251114983216,False
/home/duanyuhan/dyh/motion/MotionRe/base_mobileposer/data/raw/DIP_IMU/s_07/02.pkl,s_07,sensitivity_looser,hip_knee,2460,8130,15.998004469462726,1.681346878502973,8.518054281588357,False
/home/duanyuhan/dyh/motion/MotionRe/base_mobileposer/data/raw/DIP_IMU/s_07/02.pkl,s_07,sensitivity_looser,spine,2460,8130,15.998004469462726,1.681346878502973,3.105947574595968,False
/home/duanyuhan/dyh/motion/MotionRe/base_mobileposer/data/raw/DIP_IMU/s_07/02.pkl,s_07,sensitivity_looser,hip_knee,2460,8790,8.862957140380187,0.9697565850075972,5.411794624986007,False
/home/duanyuhan/dyh/motion/MotionRe/base_mobileposer/data/raw/DIP_IMU/s_07/02.pkl,s_07,sensitivity_looser,spine,2460,8790,8.862957140380187,0.9697565850075972,3.569239954311905,False
/home/duanyuhan/dyh/motion/MotionRe/base_mobileposer/data/raw/DIP_IMU/s_07/02.pkl,s_07,sensitivity_looser,hip_knee,2490,2970,5.180807487974864,1.2924626202478642,5.553286715283888,False
/home/duanyuhan/dyh/motion/MotionRe/base_mobileposer/data/raw/DIP_IMU/s_07/02.pkl,s_07,sensitivity_looser,spine,2490,2970,5.180807487974864,1.2924626202478642,2.812470578224524,False
/home/duanyuhan/dyh/motion/MotionRe/base_mobileposer/data/raw/DIP_IMU/s_07/02.pkl,s_07,sensitivity_looser,hip_knee,2580,2880,9.32983863071195,1.485208776900128,4.5014581268334,False
/home/duanyuhan/dyh/motion/MotionRe/base_mobileposer/data/raw/DIP_IMU/s_07/02.pkl,s_07,sensitivity_looser,spine,2580,2880,9.32983863071195,1.485208776900128,2.8146376580993113,False
/home/duanyuhan/dyh/motion/MotionRe/base_mobileposer/data/raw/DIP_IMU/s_07/02.pkl,s_07,sensitivity_looser,hip_knee,2580,3030,13.540145731962966,1.6301222901512769,11.537786527899652,False
/home/duanyuhan/dyh/motion/MotionRe/base_mobileposer/data/raw/DIP_IMU/s_07/02.pkl,s_07,sensitivity_looser,spine,2580,3030,13.540145731962966,1.6301222901512769,2.2354383723057434,False
/home/duanyuhan/dyh/motion/MotionRe/base_mobileposer/data/raw/DIP_IMU/s_07/02.pkl,s_07,sensitivity_looser,hip_knee,2580,3360,12.09807881725197,1.6637451527043194,6.138316049432872,False
/home/duanyuhan/dyh/motion/MotionRe/base_mobileposer/data/raw/DIP_IMU/s_07/02.pkl,s_07,sensitivity_looser,spine,2580,3360,12.09807881725197,1.6637451527043194,4.09998959047087,False
/home/duanyuhan/dyh/motion/MotionRe/base_mobileposer/data/raw/DIP_IMU/s_07/02.pkl,s_07,sensitivity_looser,hip_knee,2580,3390,19.60839881342059,1.186219923437004,6.777645540230787,False
/home/duanyuhan/dyh/motion/MotionRe/base_mobileposer/data/raw/DIP_IMU/s_07/02.pkl,s_07,sensitivity_looser,spine,2580,3390,19.60839881342059,1.186219923437004,2.9515784941284,False
/home/duanyuhan/dyh/motion/MotionRe/base_mobileposer/data/raw/DIP_IMU/s_07/02.pkl,s_07,sensitivity_looser,hip_knee,2580,7350,11.770112748407426,1.972728724283986,5.02989888165789,False
/home/duanyuhan/dyh/motion/MotionRe/base_mobileposer/data/raw/DIP_IMU/s_07/02.pkl,s_07,sensitivity_looser,spine,2580,7350,11.770112748407426,1.972728724283986,5.91623695413968,False
/home/duanyuhan/dyh/motion/MotionRe/base_mobileposer/data/raw/DIP_IMU/s_07/02.pkl,s_07,sensitivity_looser,hip_knee,2610,3030,10.395209377545777,1.3785267860291217,10.505911661164472,False
/home/duanyuhan/dyh/motion/MotionRe/base_mobileposer/data/raw/DIP_IMU/s_07/02.pkl,s_07,sensitivity_looser,spine,2610,3030,10.395209377545777,1.3785267860291217,1.9614396560778085,False
/home/duanyuhan/dyh/motion/MotionRe/base_mobileposer/data/raw/DIP_IMU/s_07/02.pkl,s_07,sensitivity_looser,hip_knee,2610,3360,11.136095082117537,0.9055343965285256,5.495920119470547,False
/home/duanyuhan/dyh/motion/MotionRe/base_mobileposer/data/raw/DIP_IMU/s_07/02.pkl,s_07,sensitivity_looser,spine,2610,3360,11.136095082117537,0.9055343965285256,2.757462710412168,False
/home/duanyuhan/dyh/motion/MotionRe/base_mobileposer/data/raw/DIP_IMU/s_07/02.pkl,s_07,sensitivity_looser,hip_knee,2610,3390,19.73022883097084,0.8445129977410215,6.1331556158774605,False
/home/duanyuhan/dyh/motion/MotionRe/base_mobileposer/data/raw/DIP_IMU/s_07/02.pkl,s_07,sensitivity_looser,spine,2610,3390,19.73022883097084,0.8445129977410215,1.6817688036967053,False
/home/duanyuhan/dyh/motion/MotionRe/base_mobileposer/data/raw/DIP_IMU/s_07/02.pkl,s_07,sensitivity_looser,hip_knee,2610,3900,18.081295096331306,1.2072653339391988,9.34971509830024,False
/home/duanyuhan/dyh/motion/MotionRe/base_mobileposer/data/raw/DIP_IMU/s_07/02.pkl,s_07,sensitivity_looser,spine,2610,3900,18.081295096331306,1.2072653339391988,3.672287591165375,False
/home/duanyuhan/dyh/motion/MotionRe/base_mobileposer/data/raw/DIP_IMU/s_07/02.pkl,s_07,sensitivity_looser,hip_knee,2610,7170,15.743047279179686,1.2068462987083997,21.483840981460745,True
/home/duanyuhan/dyh/motion/MotionRe/base_mobileposer/data/raw/DIP_IMU/s_07/02.pkl,s_07,sensitivity_looser,spine,2610,7170,15.743047279179686,1.2068462987083997,4.242554458930444,False
/home/duanyuhan/dyh/motion/MotionRe/base_mobileposer/data/raw/DIP_IMU/s_07/02.pkl,s_07,sensitivity_looser,hip_knee,2610,8130,12.63765657553421,1.7348144620618815,7.991997335270371,False
/home/duanyuhan/dyh/motion/MotionRe/base_mobileposer/data/raw/DIP_IMU/s_07/02.pkl,s_07,sensitivity_looser,spine,2610,8130,12.63765657553421,1.7348144620618815,3.462083895176907,False
/home/duanyuhan/dyh/motion/MotionRe/base_mobileposer/data/raw/DIP_IMU/s_07/02.pkl,s_07,sensitivity_looser,hip_knee,2610,8790,8.681088640909712,1.2735904573685286,4.999087306051484,False
/home/duanyuhan/dyh/motion/MotionRe/base_mobileposer/data/raw/DIP_IMU/s_07/02.pkl,s_07,sensitivity_looser,spine,2610,8790,8.681088640909712,1.2735904573685286,3.6520258135715427,False
/home/duanyuhan/dyh/motion/MotionRe/base_mobileposer/data/raw/DIP_IMU/s_07/02.pkl,s_07,sensitivity_looser,hip_knee,2700,3360,16.869458422333917,1.9549622681221313,8.094664764565197,False
/home/duanyuhan/dyh/motion/MotionRe/base_mobileposer/data/raw/DIP_IMU/s_07/02.pkl,s_07,sensitivity_looser,spine,2700,3360,16.869458422333917,1.9549622681221313,4.30809336265225,False
/home/duanyuhan/dyh/motion/MotionRe/base_mobileposer/data/raw/DIP_IMU/s_07/02.pkl,s_07,sensitivity_looser,hip_knee,2730,3030,11.39467248769407,1.9405545569444604,10.783450164359301,False
/home/duanyuhan/dyh/motion/MotionRe/base_mobileposer/data/raw/DIP_IMU/s_07/02.pkl,s_07,sensitivity_looser,spine,2730,3030,11.39467248769407,1.9405545569444604,1.7370320262632226,False
/home/duanyuhan/dyh/motion/MotionRe/base_mobileposer/data/raw/DIP_IMU/s_07/02.pkl,s_07,sensitivity_looser,hip_knee,2730,3360,10.947263329446834,0.9876317829242093,5.336754141727829,False
/home/duanyuhan/dyh/motion/MotionRe/base_mobileposer/data/raw/DIP_IMU/s_07/02.pkl,s_07,sensitivity_looser,spine,2730,3360,10.947263329446834,0.9876317829242093,2.381293779381326,False
/home/duanyuhan/dyh/motion/MotionRe/base_mobileposer/data/raw/DIP_IMU/s_07/02.pkl,s_07,sensitivity_looser,hip_knee,2730,3390,19.29514986998389,1.1104275614295147,6.093037212944889,False
/home/duanyuhan/dyh/motion/MotionRe/base_mobileposer/data/raw/DIP_IMU/s_07/02.pkl,s_07,sensitivity_looser,spine,2730,3390,19.29514986998389,1.1104275614295147,1.6096075356596806,False
/home/duanyuhan/dyh/motion/MotionRe/base_mobileposer/data/raw/DIP_IMU/s_07/02.pkl,s_07,sensitivity_looser,hip_knee,2730,3900,18.155224812514867,1.2837929990164905,9.744522338150936,False
/home/duanyuhan/dyh/motion/MotionRe/base_mobileposer/data/raw/DIP_IMU/s_07/02.pkl,s_07,sensitivity_looser,spine,2730,3900,18.155224812514867,1.2837929990164905,3.551572734002175,False
/home/duanyuhan/dyh/motion/MotionRe/base_mobileposer/data/raw/DIP_IMU/s_07/02.pkl,s_07,sensitivity_looser,hip_knee,2730,7170,16.622387571712505,1.7373478985554567,21.47259020300776,True
/home/duanyuhan/dyh/motion/MotionRe/base_mobileposer/data/raw/DIP_IMU/s_07/02.pkl,s_07,sensitivity_looser,spine,2730,7170,16.622387571712505,1.7373478985554567,4.080626246832154,False
/home/duanyuhan/dyh/motion/MotionRe/base_mobileposer/data/raw/DIP_IMU/s_07/02.pkl,s_07,sensitivity_looser,hip_knee,2730,8130,14.836749246132651,1.7312148420910998,8.06539080404451,False
/home/duanyuhan/dyh/motion/MotionRe/base_mobileposer/data/raw/DIP_IMU/s_07/02.pkl,s_07,sensitivity_looser,spine,2730,8130,14.836749246132651,1.7312148420910998,3.119271556592546,False
/home/duanyuhan/dyh/motion/MotionRe/base_mobileposer/data/raw/DIP_IMU/s_07/02.pkl,s_07,sensitivity_looser,hip_knee,2730,8790,9.598151220634609,1.4135899534623748,4.951149643480054,False
/home/duanyuhan/dyh/motion/MotionRe/base_mobileposer/data/raw/DIP_IMU/s_07/02.pkl,s_07,sensitivity_looser,spine,2730,8790,9.598151220634609,1.4135899534623748,3.291326497230529,False
/home/duanyuhan/dyh/motion/MotionRe/base_mobileposer/data/raw/DIP_IMU/s_07/02.pkl,s_07,sensitivity_looser,hip_knee,2850,3360,8.833972636578965,1.5898261034323855,4.665015329265862,False
/home/duanyuhan/dyh/motion/MotionRe/base_mobileposer/data/raw/DIP_IMU/s_07/02.pkl,s_07,sensitivity_looser,spine,2850,3360,8.833972636578965,1.5898261034323855,6.062943217816469,False
/home/duanyuhan/dyh/motion/MotionRe/base_mobileposer/data/raw/DIP_IMU/s_07/02.pkl,s_07,sensitivity_looser,hip_knee,2850,3390,19.055189282322118,1.1589363952270173,5.131728581790687,False
/home/duanyuhan/dyh/motion/MotionRe/base_mobileposer/data/raw/DIP_IMU/s_07/02.pkl,s_07,sensitivity_looser,spine,2850,3390,19.055189282322118,1.1589363952270173,4.621022864137632,False
/home/duanyuhan/dyh/motion/MotionRe/base_mobileposer/data/raw/DIP_IMU/s_07/02.pkl,s_07,sensitivity_looser,hip_knee,2850,3900,13.541184342193345,1.7901892881974184,8.545076343980213,False
/home/duanyuhan/dyh/motion/MotionRe/base_mobileposer/data/raw/DIP_IMU/s_07/02.pkl,s_07,sensitivity_looser,spine,2850,3900,13.541184342193345,1.7901892881974184,5.336809194755241,False
/home/duanyuhan/dyh/motion/MotionRe/base_mobileposer/data/raw/DIP_IMU/s_07/02.pkl,s_07,sensitivity_looser,hip_knee,2850,8130,11.76348626996988,1.7040963098678181,8.42212907454468,False
/home/duanyuhan/dyh/motion/MotionRe/base_mobileposer/data/raw/DIP_IMU/s_07/02.pkl,s_07,sensitivity_looser,spine,2850,8130,11.76348626996988,1.7040963098678181,4.165345044881667,False
/home/duanyuhan/dyh/motion/MotionRe/base_mobileposer/data/raw/DIP_IMU/s_07/02.pkl,s_07,sensitivity_looser,hip_knee,2850,8790,11.225505764954386,1.0006519973577468,5.111241333238935,False
/home/duanyuhan/dyh/motion/MotionRe/base_mobileposer/data/raw/DIP_IMU/s_07/02.pkl,s_07,sensitivity_looser,spine,2850,8790,11.225505764954386,1.0006519973577468,5.390711148871756,False
/home/duanyuhan/dyh/motion/MotionRe/base_mobileposer/data/raw/DIP_IMU/s_07/02.pkl,s_07,sensitivity_looser,hip_knee,2880,3360,10.869927134169158,1.4848893818590807,3.9073803582963578,False
/home/duanyuhan/dyh/motion/MotionRe/base_mobileposer/data/raw/DIP_IMU/s_07/02.pkl,s_07,sensitivity_looser,spine,2880,3360,10.869927134169158,1.4848893818590807,3.9477670697310434,False
/home/duanyuhan/dyh/motion/MotionRe/base_mobileposer/data/raw/DIP_IMU/s_07/02.pkl,s_07,sensitivity_looser,hip_knee,2880,3900,13.893881023403699,1.2693104903841694,8.21928969287367,False
/home/duanyuhan/dyh/motion/MotionRe/base_mobileposer/data/raw/DIP_IMU/s_07/02.pkl,s_07,sensitivity_looser,spine,2880,3900,13.893881023403699,1.2693104903841694,5.566070464922269,False
/home/duanyuhan/dyh/motion/MotionRe/base_mobileposer/data/raw/DIP_IMU/s_07/02.pkl,s_07,sensitivity_looser,hip_knee,2880,8790,12.81603864321306,1.4095981538516227,5.738008273542096,False
/home/duanyuhan/dyh/motion/MotionRe/base_mobileposer/data/raw/DIP_IMU/s_07/02.pkl,s_07,sensitivity_looser,spine,2880,8790,12.81603864321306,1.4095981538516227,5.011628954970223,False
/home/duanyuhan/dyh/motion/MotionRe/base_mobileposer/data/raw/DIP_IMU/s_07/02.pkl,s_07,sensitivity_looser,hip_knee,3000,3360,12.49277350104785,1.5728024441539445,4.5471792238491,False
/home/duanyuhan/dyh/motion/MotionRe/base_mobileposer/data/raw/DIP_IMU/s_07/02.pkl,s_07,sensitivity_looser,spine,3000,3360,12.49277350104785,1.5728024441539445,3.0913692236025003,False
/home/duanyuhan/dyh/motion/MotionRe/base_mobileposer/data/raw/DIP_IMU/s_07/02.pkl,s_07,sensitivity_looser,hip_knee,3000,8790,12.640354529147062,1.2442272325245742,5.633563154931749,False
/home/duanyuhan/dyh/motion/MotionRe/base_mobileposer/data/raw/DIP_IMU/s_07/02.pkl,s_07,sensitivity_looser,spine,3000,8790,12.640354529147062,1.2442272325245742,4.133478753768821,False
/home/duanyuhan/dyh/motion/MotionRe/base_mobileposer/data/raw/DIP_IMU/s_07/02.pkl,s_07,sensitivity_looser,hip_knee,3030,3360,12.022380671245774,1.928788333712213,8.09234157585535,False
/home/duanyuhan/dyh/motion/MotionRe/base_mobileposer/data/raw/DIP_IMU/s_07/02.pkl,s_07,sensitivity_looser,spine,3030,3360,12.022380671245774,1.928788333712213,2.7463679973163546,False
/home/duanyuhan/dyh/motion/MotionRe/base_mobileposer/data/raw/DIP_IMU/s_07/02.pkl,s_07,sensitivity_looser,hip_knee,3030,3390,17.992110019316815,1.5218843862757925,7.546006635755182,False
/home/duanyuhan/dyh/motion/MotionRe/base_mobileposer/data/raw/DIP_IMU/s_07/02.pkl,s_07,sensitivity_looser,spine,3030,3390,17.992110019316815,1.5218843862757925,2.454957946749067,False
/home/duanyuhan/dyh/motion/MotionRe/base_mobileposer/data/raw/DIP_IMU/s_07/02.pkl,s_07,sensitivity_looser,hip_knee,3030,3900,16.02557803937905,1.6347124007821963,6.659501790432461,False
/home/duanyuhan/dyh/motion/MotionRe/base_mobileposer/data/raw/DIP_IMU/s_07/02.pkl,s_07,sensitivity_looser,spine,3030,3900,16.02557803937905,1.6347124007821963,4.972891397581357,False
/home/duanyuhan/dyh/motion/MotionRe/base_mobileposer/data/raw/DIP_IMU/s_07/02.pkl,s_07,sensitivity_looser,hip_knee,3030,7170,15.338775431687317,1.3779072838455722,13.616263521030902,False
/home/duanyuhan/dyh/motion/MotionRe/base_mobileposer/data/raw/DIP_IMU/s_07/02.pkl,s_07,sensitivity_looser,spine,3030,7170,15.338775431687317,1.3779072838455722,2.507957129046456,False
/home/duanyuhan/dyh/motion/MotionRe/base_mobileposer/data/raw/DIP_IMU/s_07/02.pkl,s_07,sensitivity_looser,hip_knee,3150,3930,16.486836272561213,1.9891450771383254,17.67538103313359,False
/home/duanyuhan/dyh/motion/MotionRe/base_mobileposer/data/raw/DIP_IMU/s_07/02.pkl,s_07,sensitivity_looser,spine,3150,3930,16.486836272561213,1.9891450771383254,2.898449523398927,False
/home/duanyuhan/dyh/motion/MotionRe/base_mobileposer/data/raw/DIP_IMU/s_07/02.pkl,s_07,sensitivity_looser,hip_knee,3150,4590,13.010997662472995,1.6242434276241031,7.420431806983336,False
/home/duanyuhan/dyh/motion/MotionRe/base_mobileposer/data/raw/DIP_IMU/s_07/02.pkl,s_07,sensitivity_looser,spine,3150,4590,13.010997662472995,1.6242434276241031,2.4473906422653573,False
/home/duanyuhan/dyh/motion/MotionRe/base_mobileposer/data/raw/DIP_IMU/s_07/02.pkl,s_07,sensitivity_looser,hip_knee,3180,3960,17.942423297145858,1.1261957049471032,25.065973674412444,True
/home/duanyuhan/dyh/motion/MotionRe/base_mobileposer/data/raw/DIP_IMU/s_07/02.pkl,s_07,sensitivity_looser,spine,3180,3960,17.942423297145858,1.1261957049471032,2.1354281843448475,False
/home/duanyuhan/dyh/motion/MotionRe/base_mobileposer/data/raw/DIP_IMU/s_07/02.pkl,s_07,sensitivity_looser,hip_knee,3180,4290,16.815734304592773,1.1122066382993663,24.198143381268494,True
/home/duanyuhan/dyh/motion/MotionRe/base_mobileposer/data/raw/DIP_IMU/s_07/02.pkl,s_07,sensitivity_looser,spine,3180,4290,16.815734304592773,1.1122066382993663,2.4861908984373495,False
/home/duanyuhan/dyh/motion/MotionRe/base_mobileposer/data/raw/DIP_IMU/s_07/02.pkl,s_07,sensitivity_looser,hip_knee,3180,4470,19.56110554618089,1.113597651876291,35.97677789464299,True
/home/duanyuhan/dyh/motion/MotionRe/base_mobileposer/data/raw/DIP_IMU/s_07/02.pkl,s_07,sensitivity_looser,spine,3180,4470,19.56110554618089,1.113597651876291,5.895712609387041,False
/home/duanyuhan/dyh/motion/MotionRe/base_mobileposer/data/raw/DIP_IMU/s_07/02.pkl,s_07,sensitivity_looser,hip_knee,3180,4620,14.484858404344102,1.4329486122316095,19.614719611175016,False
/home/duanyuhan/dyh/motion/MotionRe/base_mobileposer/data/raw/DIP_IMU/s_07/02.pkl,s_07,sensitivity_looser,spine,3180,4620,14.484858404344102,1.4329486122316095,1.8332073847474588,False
/home/duanyuhan/dyh/motion/MotionRe/base_mobileposer/data/raw/DIP_IMU/s_07/02.pkl,s_07,sensitivity_looser,hip_knee,3180,6060,19.342130789738903,1.7190184968992872,22.89304926999062,True
/home/duanyuhan/dyh/motion/MotionRe/base_mobileposer/data/raw/DIP_IMU/s_07/02.pkl,s_07,sensitivity_looser,spine,3180,6060,19.342130789738903,1.7190184968992872,2.6189845040177957,False
/home/duanyuhan/dyh/motion/MotionRe/base_mobileposer/data/raw/DIP_IMU/s_07/02.pkl,s_07,sensitivity_looser,hip_knee,3210,3660,11.589836997736699,1.5370103874004408,7.829443595167953,False
/home/duanyuhan/dyh/motion/MotionRe/base_mobileposer/data/raw/DIP_IMU/s_07/02.pkl,s_07,sensitivity_looser,spine,3210,3660,11.589836997736699,1.5370103874004408,0.9351613531159394,False
/home/duanyuhan/dyh/motion/MotionRe/base_mobileposer/data/raw/DIP_IMU/s_07/02.pkl,s_07,sensitivity_looser,hip_knee,3210,3810,11.106060937205491,1.2593151021754363,11.81769426240443,False
/home/duanyuhan/dyh/motion/MotionRe/base_mobileposer/data/raw/DIP_IMU/s_07/02.pkl,s_07,sensitivity_looser,spine,3210,3810,11.106060937205491,1.2593151021754363,1.9450615507865399,False
/home/duanyuhan/dyh/motion/MotionRe/base_mobileposer/data/raw/DIP_IMU/s_07/02.pkl,s_07,sensitivity_looser,hip_knee,3210,3960,11.229273949965432,1.3324644187160772,4.228346062596636,False
/home/duanyuhan/dyh/motion/MotionRe/base_mobileposer/data/raw/DIP_IMU/s_07/02.pkl,s_07,sensitivity_looser,spine,3210,3960,11.229273949965432,1.3324644187160772,1.9993526956730296,False
/home/duanyuhan/dyh/motion/MotionRe/base_mobileposer/data/raw/DIP_IMU/s_07/02.pkl,s_07,sensitivity_looser,hip_knee,3210,4290,12.267423670348796,1.0450903271777492,5.092539981143748,False
/home/duanyuhan/dyh/motion/MotionRe/base_mobileposer/data/raw/DIP_IMU/s_07/02.pkl,s_07,sensitivity_looser,spine,3210,4290,12.267423670348796,1.0450903271777492,2.991499115432116,False
/home/duanyuhan/dyh/motion/MotionRe/base_mobileposer/data/raw/DIP_IMU/s_07/02.pkl,s_07,sensitivity_looser,hip_knee,3210,4470,8.52080292774407,0.8744077020798667,8.509141739932733,False
/home/duanyuhan/dyh/motion/MotionRe/base_mobileposer/data/raw/DIP_IMU/s_07/02.pkl,s_07,sensitivity_looser,spine,3210,4470,8.52080292774407,0.8744077020798667,3.396392124709584,False
/home/duanyuhan/dyh/motion/MotionRe/base_mobileposer/data/raw/DIP_IMU/s_07/02.pkl,s_07,sensitivity_looser,hip_knee,3210,4800,11.855136983226675,1.359780322074055,11.873598383708414,False
/home/duanyuhan/dyh/motion/MotionRe/base_mobileposer/data/raw/DIP_IMU/s_07/02.pkl,s_07,sensitivity_looser,spine,3210,4800,11.855136983226675,1.359780322074055,1.3372303585385323,False
/home/duanyuhan/dyh/motion/MotionRe/base_mobileposer/data/raw/DIP_IMU/s_07/02.pkl,s_07,sensitivity_looser,hip_knee,3210,5910,18.420718358119682,1.0802596106720344,11.078253456278539,False
/home/duanyuhan/dyh/motion/MotionRe/base_mobileposer/data/raw/DIP_IMU/s_07/02.pkl,s_07,sensitivity_looser,spine,3210,5910,18.420718358119682,1.0802596106720344,1.4799358242078924,False
/home/duanyuhan/dyh/motion/MotionRe/base_mobileposer/data/raw/DIP_IMU/s_07/02.pkl,s_07,sensitivity_looser,hip_knee,3210,6510,18.88418295973479,1.8609021731542152,11.17009645559396,False
/home/duanyuhan/dyh/motion/MotionRe/base_mobileposer/data/raw/DIP_IMU/s_07/02.pkl,s_07,sensitivity_looser,spine,3210,6510,18.88418295973479,1.8609021731542152,2.2505392881815425,False
/home/duanyuhan/dyh/motion/MotionRe/base_mobileposer/data/raw/DIP_IMU/s_07/02.pkl,s_07,sensitivity_looser,hip_knee,3240,3660,9.381648387380421,1.2032678290204748,4.852781684439732,False
/home/duanyuhan/dyh/motion/MotionRe/base_mobileposer/data/raw/DIP_IMU/s_07/02.pkl,s_07,sensitivity_looser,spine,3240,3660,9.381648387380421,1.2032678290204748,1.3449586539004297,False
/home/duanyuhan/dyh/motion/MotionRe/base_mobileposer/data/raw/DIP_IMU/s_07/02.pkl,s_07,sensitivity_looser,hip_knee,3240,3810,9.451850198699294,1.0196367477269292,4.338411657137967,False
/home/duanyuhan/dyh/motion/MotionRe/base_mobileposer/data/raw/DIP_IMU/s_07/02.pkl,s_07,sensitivity_looser,spine,3240,3810,9.451850198699294,1.0196367477269292,1.5346290241454854,False
/home/duanyuhan/dyh/motion/MotionRe/base_mobileposer/data/raw/DIP_IMU/s_07/02.pkl,s_07,sensitivity_looser,hip_knee,3240,3960,12.380733076893456,1.4781588386822717,11.624062867139317,False
/home/duanyuhan/dyh/motion/MotionRe/base_mobileposer/data/raw/DIP_IMU/s_07/02.pkl,s_07,sensitivity_looser,spine,3240,3960,12.380733076893456,1.4781588386822717,2.779689619115073,False
/home/duanyuhan/dyh/motion/MotionRe/base_mobileposer/data/raw/DIP_IMU/s_07/02.pkl,s_07,sensitivity_looser,hip_knee,3240,3990,9.256600366263449,1.923163620376122,4.218371816988501,False
/home/duanyuhan/dyh/motion/MotionRe/base_mobileposer/data/raw/DIP_IMU/s_07/02.pkl,s_07,sensitivity_looser,spine,3240,3990,9.256600366263449,1.923163620376122,1.0176306393919228,False
/home/duanyuhan/dyh/motion/MotionRe/base_mobileposer/data/raw/DIP_IMU/s_07/02.pkl,s_07,sensitivity_looser,hip_knee,3240,4290,14.002873973589418,1.4140982481305506,12.746924392629303,False
/home/duanyuhan/dyh/motion/MotionRe/base_mobileposer/data/raw/DIP_IMU/s_07/02.pkl,s_07,sensitivity_looser,spine,3240,4290,14.002873973589418,1.4140982481305506,3.693989174402882,False
/home/duanyuhan/dyh/motion/MotionRe/base_mobileposer/data/raw/DIP_IMU/s_07/02.pkl,s_07,sensitivity_looser,hip_knee,3240,4470,9.746269159110476,0.6965826473119531,2.868052821387156,False
/home/duanyuhan/dyh/motion/MotionRe/base_mobileposer/data/raw/DIP_IMU/s_07/02.pkl,s_07,sensitivity_looser,spine,3240,4470,9.746269159110476,0.6965826473119531,3.175349840180724,False
/home/duanyuhan/dyh/motion/MotionRe/base_mobileposer/data/raw/DIP_IMU/s_07/02.pkl,s_07,sensitivity_looser,hip_knee,3240,4800,12.410189727624795,1.2729511303570094,3.296893525021827,False
/home/duanyuhan/dyh/motion/MotionRe/base_mobileposer/data/raw/DIP_IMU/s_07/02.pkl,s_07,sensitivity_looser,spine,3240,4800,12.410189727624795,1.2729511303570094,1.6660655643507534,False
/home/duanyuhan/dyh/motion/MotionRe/base_mobileposer/data/raw/DIP_IMU/s_07/02.pkl,s_07,sensitivity_looser,hip_knee,3240,5100,19.196032777015404,1.7298292671796476,13.288518643107903,False
/home/duanyuhan/dyh/motion/MotionRe/base_mobileposer/data/raw/DIP_IMU/s_07/02.pkl,s_07,sensitivity_looser,spine,3240,5100,19.196032777015404,1.7298292671796476,1.5765580539674895,False
/home/duanyuhan/dyh/motion/MotionRe/base_mobileposer/data/raw/DIP_IMU/s_07/02.pkl,s_07,sensitivity_looser,hip_knee,3240,5910,17.59342417420401,1.123766296308918,14.179681404277712,False
/home/duanyuhan/dyh/motion/MotionRe/base_mobileposer/data/raw/DIP_IMU/s_07/02.pkl,s_07,sensitivity_looser,spine,3240,5910,17.59342417420401,1.123766296308918,1.7390797494029178,False
/home/duanyuhan/dyh/motion/MotionRe/base_mobileposer/data/raw/DIP_IMU/s_07/02.pkl,s_07,sensitivity_looser,hip_knee,3270,3810,13.72441871261817,1.081766733143872,21.648500892677475,True
/home/duanyuhan/dyh/motion/MotionRe/base_mobileposer/data/raw/DIP_IMU/s_07/02.pkl,s_07,sensitivity_looser,spine,3270,3810,13.72441871261817,1.081766733143872,3.6315343603642654,False
/home/duanyuhan/dyh/motion/MotionRe/base_mobileposer/data/raw/DIP_IMU/s_07/02.pkl,s_07,sensitivity_looser,hip_knee,3270,3840,14.535233302282538,1.926647135982417,5.7672480062197575,False
/home/duanyuhan/dyh/motion/MotionRe/base_mobileposer/data/raw/DIP_IMU/s_07/02.pkl,s_07,sensitivity_looser,spine,3270,3840,14.535233302282538,1.926647135982417,2.027231699958422,False
/home/duanyuhan/dyh/motion/MotionRe/base_mobileposer/data/raw/DIP_IMU/s_07/02.pkl,s_07,sensitivity_looser,hip_knee,3270,3960,10.609148530171145,1.413801605222196,7.252064679467386,False
/home/duanyuhan/dyh/motion/MotionRe/base_mobileposer/data/raw/DIP_IMU/s_07/02.pkl,s_07,sensitivity_looser,spine,3270,3960,10.609148530171145,1.413801605222196,1.650366695078189,False
/home/duanyuhan/dyh/motion/MotionRe/base_mobileposer/data/raw/DIP_IMU/s_07/02.pkl,s_07,sensitivity_looser,hip_knee,3270,4290,12.128560230539858,1.6011970622234828,6.556129857092098,False
/home/duanyuhan/dyh/motion/MotionRe/base_mobileposer/data/raw/DIP_IMU/s_07/02.pkl,s_07,sensitivity_looser,spine,3270,4290,12.128560230539858,1.6011970622234828,2.03394603403452,False
/home/duanyuhan/dyh/motion/MotionRe/base_mobileposer/data/raw/DIP_IMU/s_07/02.pkl,s_07,sensitivity_looser,hip_knee,3270,4470,9.038585127721431,1.6692640141078756,18.19030997483125,False
/home/duanyuhan/dyh/motion/MotionRe/base_mobileposer/data/raw/DIP_IMU/s_07/02.pkl,s_07,sensitivity_looser,spine,3270,4470,9.038585127721431,1.6692640141078756,4.385896008655628,False
/home/duanyuhan/dyh/motion/MotionRe/base_mobileposer/data/raw/DIP_IMU/s_07/02.pkl,s_07,sensitivity_looser,hip_knee,3270,4500,9.274518801587506,1.49054088293748,12.324761136296262,False
/home/duanyuhan/dyh/motion/MotionRe/base_mobileposer/data/raw/DIP_IMU/s_07/02.pkl,s_07,sensitivity_looser,spine,3270,4500,9.274518801587506,1.49054088293748,3.3130221602349725,False
/home/duanyuhan/dyh/motion/MotionRe/base_mobileposer/data/raw/DIP_IMU/s_07/02.pkl,s_07,sensitivity_looser,hip_knee,3270,4620,15.802189833201956,1.6044035551225466,2.4886208299961323,False
/home/duanyuhan/dyh/motion/MotionRe/base_mobileposer/data/raw/DIP_IMU/s_07/02.pkl,s_07,sensitivity_looser,spine,3270,4620,15.802189833201956,1.6044035551225466,2.0347128232818896,False
/home/duanyuhan/dyh/motion/MotionRe/base_mobileposer/data/raw/DIP_IMU/s_07/02.pkl,s_07,sensitivity_looser,hip_knee,3270,4800,15.03131753552721,1.3523746215325814,21.342551114451336,True
/home/duanyuhan/dyh/motion/MotionRe/base_mobileposer/data/raw/DIP_IMU/s_07/02.pkl,s_07,sensitivity_looser,spine,3270,4800,15.03131753552721,1.3523746215325814,1.8659811683469698,False
/home/duanyuhan/dyh/motion/MotionRe/base_mobileposer/data/raw/DIP_IMU/s_07/02.pkl,s_07,sensitivity_looser,hip_knee,3300,3600,12.467967458616844,0.962934662246145,12.089288973975247,False
/home/duanyuhan/dyh/motion/MotionRe/base_mobileposer/data/raw/DIP_IMU/s_07/02.pkl,s_07,sensitivity_looser,spine,3300,3600,12.467967458616844,0.962934662246145,1.4370118465270452,False
/home/duanyuhan/dyh/motion/MotionRe/base_mobileposer/data/raw/DIP_IMU/s_07/02.pkl,s_07,sensitivity_looser,hip_knee,3300,4020,12.87870393968834,1.7138827006995936,20.99825751223217,True
/home/duanyuhan/dyh/motion/MotionRe/base_mobileposer/data/raw/DIP_IMU/s_07/02.pkl,s_07,sensitivity_looser,spine,3300,4020,12.87870393968834,1.7138827006995936,2.225880762154911,False
/home/duanyuhan/dyh/motion/MotionRe/base_mobileposer/data/raw/DIP_IMU/s_07/02.pkl,s_07,sensitivity_looser,hip_knee,3300,4440,17.502186951799303,1.2348461876259142,17.63755218702137,False
/home/duanyuhan/dyh/motion/MotionRe/base_mobileposer/data/raw/DIP_IMU/s_07/02.pkl,s_07,sensitivity_looser,spine,3300,4440,17.502186951799303,1.2348461876259142,2.758526375662457,False
/home/duanyuhan/dyh/motion/MotionRe/base_mobileposer/data/raw/DIP_IMU/s_07/02.pkl,s_07,sensitivity_looser,hip_knee,3300,5640,18.26425207038243,1.393540685421116,27.22405145420744,True
/home/duanyuhan/dyh/motion/MotionRe/base_mobileposer/data/raw/DIP_IMU/s_07/02.pkl,s_07,sensitivity_looser,spine,3300,5640,18.26425207038243,1.393540685421116,2.7223558449865544,False
/home/duanyuhan/dyh/motion/MotionRe/base_mobileposer/data/raw/DIP_IMU/s_07/02.pkl,s_07,sensitivity_looser,hip_knee,3300,6120,19.62145453059483,1.1404235203756046,25.051925548269544,True
/home/duanyuhan/dyh/motion/MotionRe/base_mobileposer/data/raw/DIP_IMU/s_07/02.pkl,s_07,sensitivity_looser,spine,3300,6120,19.62145453059483,1.1404235203756046,2.2052852531116067,False
/home/duanyuhan/dyh/motion/MotionRe/base_mobileposer/data/raw/DIP_IMU/s_07/02.pkl,s_07,sensitivity_looser,hip_knee,3360,3900,19.54787450766168,1.9431026196367378,5.962442399462203,False
/home/duanyuhan/dyh/motion/MotionRe/base_mobileposer/data/raw/DIP_IMU/s_07/02.pkl,s_07,sensitivity_looser,spine,3360,3900,19.54787450766168,1.9431026196367378,4.923544218587451,False
/home/duanyuhan/dyh/motion/MotionRe/base_mobileposer/data/raw/DIP_IMU/s_07/02.pkl,s_07,sensitivity_looser,hip_knee,3360,8130,14.167212552081201,1.8048548062865042,8.717906084183708,False
/home/duanyuhan/dyh/motion/MotionRe/base_mobileposer/data/raw/DIP_IMU/s_07/02.pkl,s_07,sensitivity_looser,spine,3360,8130,14.167212552081201,1.8048548062865042,3.1884774287186235,False
/home/duanyuhan/dyh/motion/MotionRe/base_mobileposer/data/raw/DIP_IMU/s_07/02.pkl,s_07,sensitivity_looser,hip_knee,3360,8790,17.709860123498448,1.0912890192352234,7.5979514235014,False
/home/duanyuhan/dyh/motion/MotionRe/base_mobileposer/data/raw/DIP_IMU/s_07/02.pkl,s_07,sensitivity_looser,spine,3360,8790,17.709860123498448,1.0912890192352234,1.0866700219064336,False
/home/duanyuhan/dyh/motion/MotionRe/base_mobileposer/data/raw/DIP_IMU/s_07/02.pkl,s_07,sensitivity_looser,hip_knee,3420,3930,17.42246471734748,1.8696029166573345,5.3307149134828276,False
/home/duanyuhan/dyh/motion/MotionRe/base_mobileposer/data/raw/DIP_IMU/s_07/02.pkl,s_07,sensitivity_looser,spine,3420,3930,17.42246471734748,1.8696029166573345,2.7179044771697036,False
/home/duanyuhan/dyh/motion/MotionRe/base_mobileposer/data/raw/DIP_IMU/s_07/02.pkl,s_07,sensitivity_looser,hip_knee,3420,5970,17.399124190312563,1.6782075267190264,19.810825520436534,False
/home/duanyuhan/dyh/motion/MotionRe/base_mobileposer/data/raw/DIP_IMU/s_07/02.pkl,s_07,sensitivity_looser,spine,3420,5970,17.399124190312563,1.6782075267190264,3.0810786572444395,False
/home/duanyuhan/dyh/motion/MotionRe/base_mobileposer/data/raw/DIP_IMU/s_07/02.pkl,s_07,sensitivity_looser,hip_knee,3450,3810,12.712376198550135,1.1662531228965343,21.2184004715564,True
/home/duanyuhan/dyh/motion/MotionRe/base_mobileposer/data/raw/DIP_IMU/s_07/02.pkl,s_07,sensitivity_looser,spine,3450,3810,12.712376198550135,1.1662531228965343,4.384654999264576,False
/home/duanyuhan/dyh/motion/MotionRe/base_mobileposer/data/raw/DIP_IMU/s_07/02.pkl,s_07,sensitivity_looser,hip_knee,3450,3960,8.60272251711486,0.4342636557413383,7.01442370945537,False
/home/duanyuhan/dyh/motion/MotionRe/base_mobileposer/data/raw/DIP_IMU/s_07/02.pkl,s_07,sensitivity_looser,spine,3450,3960,8.60272251711486,0.4342636557413383,1.4596557823500118,False
/home/duanyuhan/dyh/motion/MotionRe/base_mobileposer/data/raw/DIP_IMU/s_07/02.pkl,s_07,sensitivity_looser,hip_knee,3450,4290,12.57223348876036,0.6450199558302454,6.383499740381648,False
/home/duanyuhan/dyh/motion/MotionRe/base_mobileposer/data/raw/DIP_IMU/s_07/02.pkl,s_07,sensitivity_looser,spine,3450,4290,12.57223348876036,0.6450199558302454,1.8034120994967682,False
/home/duanyuhan/dyh/motion/MotionRe/base_mobileposer/data/raw/DIP_IMU/s_07/02.pkl,s_07,sensitivity_looser,hip_knee,3450,4470,9.011195702295673,1.2222785163914094,17.781710768222467,False
/home/duanyuhan/dyh/motion/MotionRe/base_mobileposer/data/raw/DIP_IMU/s_07/02.pkl,s_07,sensitivity_looser,spine,3450,4470,9.011195702295673,1.2222785163914094,5.201214043760422,False
/home/duanyuhan/dyh/motion/MotionRe/base_mobileposer/data/raw/DIP_IMU/s_07/02.pkl,s_07,sensitivity_looser,hip_knee,3450,4500,9.521261884309292,1.9687581638496057,11.928955048048277,False
/home/duanyuhan/dyh/motion/MotionRe/base_mobileposer/data/raw/DIP_IMU/s_07/02.pkl,s_07,sensitivity_looser,spine,3450,4500,9.521261884309292,1.9687581638496057,4.265973959676697,False
/home/duanyuhan/dyh/motion/MotionRe/base_mobileposer/data/raw/DIP_IMU/s_07/02.pkl,s_07,sensitivity_looser,hip_knee,3450,4620,15.02300447238589,0.9364695786719349,2.5540816946221505,False
/home/duanyuhan/dyh/motion/MotionRe/base_mobileposer/data/raw/DIP_IMU/s_07/02.pkl,s_07,sensitivity_looser,spine,3450,4620,15.02300447238589,0.9364695786719349,1.7383405625209374,False
/home/duanyuhan/dyh/motion/MotionRe/base_mobileposer/data/raw/DIP_IMU/s_07/02.pkl,s_07,sensitivity_looser,hip_knee,3450,4800,16.94382908244288,1.4113664550019798,21.199593143518378,True
/home/duanyuhan/dyh/motion/MotionRe/base_mobileposer/data/raw/DIP_IMU/s_07/02.pkl,s_07,sensitivity_looser,spine,3450,4800,16.94382908244288,1.4113664550019798,2.850110399956105,False
/home/duanyuhan/dyh/motion/MotionRe/base_mobileposer/data/raw/DIP_IMU/s_07/02.pkl,s_07,sensitivity_looser,hip_knee,3450,5100,19.56034599114833,1.3427333094797238,17.03234465709594,False
/home/duanyuhan/dyh/motion/MotionRe/base_mobileposer/data/raw/DIP_IMU/s_07/02.pkl,s_07,sensitivity_looser,spine,3450,5100,19.56034599114833,1.3427333094797238,1.922878779044079,False
/home/duanyuhan/dyh/motion/MotionRe/base_mobileposer/data/raw/DIP_IMU/s_07/02.pkl,s_07,sensitivity_looser,hip_knee,3450,5460,19.05209418221102,1.053042617112672,14.431493736211863,False
/home/duanyuhan/dyh/motion/MotionRe/base_mobileposer/data/raw/DIP_IMU/s_07/02.pkl,s_07,sensitivity_looser,spine,3450,5460,19.05209418221102,1.053042617112672,2.2187262399016494,False
/home/duanyuhan/dyh/motion/MotionRe/base_mobileposer/data/raw/DIP_IMU/s_07/02.pkl,s_07,sensitivity_looser,hip_knee,3450,5790,18.02905459320653,0.7053641239037772,13.309447042190154,False
/home/duanyuhan/dyh/motion/MotionRe/base_mobileposer/data/raw/DIP_IMU/s_07/02.pkl,s_07,sensitivity_looser,spine,3450,5790,18.02905459320653,0.7053641239037772,2.382590075702227,False
/home/duanyuhan/dyh/motion/MotionRe/base_mobileposer/data/raw/DIP_IMU/s_07/02.pkl,s_07,sensitivity_looser,hip_knee,3450,5910,19.453812155246307,1.1925578983423928,14.173861749711161,False
/home/duanyuhan/dyh/motion/MotionRe/base_mobileposer/data/raw/DIP_IMU/s_07/02.pkl,s_07,sensitivity_looser,spine,3450,5910,19.453812155246307,1.1925578983423928,2.717246927194728,False
/home/duanyuhan/dyh/motion/MotionRe/base_mobileposer/data/raw/DIP_IMU/s_07/02.pkl,s_07,sensitivity_looser,hip_knee,3450,6360,18.778723327380998,1.3624247912552243,13.553874421075001,False
/home/duanyuhan/dyh/motion/MotionRe/base_mobileposer/data/raw/DIP_IMU/s_07/02.pkl,s_07,sensitivity_looser,spine,3450,6360,18.778723327380998,1.3624247912552243,2.070106654045628,False
/home/duanyuhan/dyh/motion/MotionRe/base_mobileposer/data/raw/DIP_IMU/s_07/02.pkl,s_07,sensitivity_looser,hip_knee,3450,6510,18.312732600613813,0.8227436782388813,13.785605716822715,False
/home/duanyuhan/dyh/motion/MotionRe/base_mobileposer/data/raw/DIP_IMU/s_07/02.pkl,s_07,sensitivity_looser,spine,3450,6510,18.312732600613813,0.8227436782388813,1.284253555474435,False
/home/duanyuhan/dyh/motion/MotionRe/base_mobileposer/data/raw/DIP_IMU/s_07/02.pkl,s_07,sensitivity_looser,hip_knee,3480,3810,8.675076770583637,1.5542423866021187,3.3046106773371333,False
/home/duanyuhan/dyh/motion/MotionRe/base_mobileposer/data/raw/DIP_IMU/s_07/02.pkl,s_07,sensitivity_looser,spine,3480,3810,8.675076770583637,1.5542423866021187,2.5318746025878895,False
/home/duanyuhan/dyh/motion/MotionRe/base_mobileposer/data/raw/DIP_IMU/s_07/02.pkl,s_07,sensitivity_looser,hip_knee,3480,3990,5.7476907598539535,1.8131349450281677,3.9647883277872276,False
/home/duanyuhan/dyh/motion/MotionRe/base_mobileposer/data/raw/DIP_IMU/s_07/02.pkl,s_07,sensitivity_looser,spine,3480,3990,5.7476907598539535,1.8131349450281677,1.073494608100776,False
/home/duanyuhan/dyh/motion/MotionRe/base_mobileposer/data/raw/DIP_IMU/s_07/02.pkl,s_07,sensitivity_looser,hip_knee,3480,4320,11.33879083901637,1.6492662002880587,6.569376117389881,False
/home/duanyuhan/dyh/motion/MotionRe/base_mobileposer/data/raw/DIP_IMU/s_07/02.pkl,s_07,sensitivity_looser,spine,3480,4320,11.33879083901637,1.6492662002880587,1.8209993144088665,False
/home/duanyuhan/dyh/motion/MotionRe/base_mobileposer/data/raw/DIP_IMU/s_07/02.pkl,s_07,sensitivity_looser,hip_knee,3480,4470,12.252182604688384,1.7616057891788663,1.8908367124786318,False
/home/duanyuhan/dyh/motion/MotionRe/base_mobileposer/data/raw/DIP_IMU/s_07/02.pkl,s_07,sensitivity_looser,spine,3480,4470,12.252182604688384,1.7616057891788663,4.030679059887038,False
/home/duanyuhan/dyh/motion/MotionRe/base_mobileposer/data/raw/DIP_IMU/s_07/02.pkl,s_07,sensitivity_looser,hip_knee,3480,4650,10.194833330786393,1.20218555074845,7.057411018268039,False
/home/duanyuhan/dyh/motion/MotionRe/base_mobileposer/data/raw/DIP_IMU/s_07/02.pkl,s_07,sensitivity_looser,spine,3480,4650,10.194833330786393,1.20218555074845,2.016072395074902,False
/home/duanyuhan/dyh/motion/MotionRe/base_mobileposer/data/raw/DIP_IMU/s_07/02.pkl,s_07,sensitivity_looser,hip_knee,3480,4800,16.95481887438879,1.8001465768454534,4.722878500172733,False
/home/duanyuhan/dyh/motion/MotionRe/base_mobileposer/data/raw/DIP_IMU/s_07/02.pkl,s_07,sensitivity_looser,spine,3480,4800,16.95481887438879,1.8001465768454534,1.2325676762866113,False
/home/duanyuhan/dyh/motion/MotionRe/base_mobileposer/data/raw/DIP_IMU/s_07/02.pkl,s_07,sensitivity_looser,hip_knee,3480,5430,18.772315593700352,1.7050028421158883,10.776035319514083,False
/home/duanyuhan/dyh/motion/MotionRe/base_mobileposer/data/raw/DIP_IMU/s_07/02.pkl,s_07,sensitivity_looser,spine,3480,5430,18.772315593700352,1.7050028421158883,1.2798214490167235,False
/home/duanyuhan/dyh/motion/MotionRe/base_mobileposer/data/raw/DIP_IMU/s_07/02.pkl,s_07,sensitivity_looser,hip_knee,3480,5760,17.473377408064902,1.385988134677921,10.771214697038243,False
/home/duanyuhan/dyh/motion/MotionRe/base_mobileposer/data/raw/DIP_IMU/s_07/02.pkl,s_07,sensitivity_looser,spine,3480,5760,17.473377408064902,1.385988134677921,1.3988994712250948,False
/home/duanyuhan/dyh/motion/MotionRe/base_mobileposer/data/raw/DIP_IMU/s_07/02.pkl,s_07,sensitivity_looser,hip_knee,3480,5940,19.17022997606481,1.7889796415134152,10.924084601926271,False
/home/duanyuhan/dyh/motion/MotionRe/base_mobileposer/data/raw/DIP_IMU/s_07/02.pkl,s_07,sensitivity_looser,spine,3480,5940,19.17022997606481,1.7889796415134152,2.5271761189264725,False
/home/duanyuhan/dyh/motion/MotionRe/base_mobileposer/data/raw/DIP_IMU/s_07/02.pkl,s_07,sensitivity_looser,hip_knee,3480,6090,19.798887578199412,1.4642026304052893,12.293235887000456,False
/home/duanyuhan/dyh/motion/MotionRe/base_mobileposer/data/raw/DIP_IMU/s_07/02.pkl,s_07,sensitivity_looser,spine,3480,6090,19.798887578199412,1.4642026304052893,1.4667437483587211,False
/home/duanyuhan/dyh/motion/MotionRe/base_mobileposer/data/raw/DIP_IMU/s_07/02.pkl,s_07,sensitivity_looser,hip_knee,3480,6390,19.73751474667556,1.3078991137272546,12.105437042117561,False
/home/duanyuhan/dyh/motion/MotionRe/base_mobileposer/data/raw/DIP_IMU/s_07/02.pkl,s_07,sensitivity_looser,spine,3480,6390,19.73751474667556,1.3078991137272546,1.2432824298660916,False
/home/duanyuhan/dyh/motion/MotionRe/base_mobileposer/data/raw/DIP_IMU/s_07/02.pkl,s_07,sensitivity_looser,hip_knee,3600,4020,11.706387334540372,1.0740256886650184,9.203623703748757,False
/home/duanyuhan/dyh/motion/MotionRe/base_mobileposer/data/raw/DIP_IMU/s_07/02.pkl,s_07,sensitivity_looser,spine,3600,4020,11.706387334540372,1.0740256886650184,1.2067977277456665,False
/home/duanyuhan/dyh/motion/MotionRe/base_mobileposer/data/raw/DIP_IMU/s_07/02.pkl,s_07,sensitivity_looser,hip_knee,3600,4110,13.820354023436037,1.061422905065457,18.65004898071332,False
/home/duanyuhan/dyh/motion/MotionRe/base_mobileposer/data/raw/DIP_IMU/s_07/02.pkl,s_07,sensitivity_looser,spine,3600,4110,13.820354023436037,1.061422905065457,0.5719248738095046,False
/home/duanyuhan/dyh/motion/MotionRe/base_mobileposer/data/raw/DIP_IMU/s_07/02.pkl,s_07,sensitivity_looser,hip_knee,3600,4440,9.208309644646071,1.2891638960084015,5.875210758270781,False
/home/duanyuhan/dyh/motion/MotionRe/base_mobileposer/data/raw/DIP_IMU/s_07/02.pkl,s_07,sensitivity_looser,spine,3600,4440,9.208309644646071,1.2891638960084015,2.498478513918661,False
/home/duanyuhan/dyh/motion/MotionRe/base_mobileposer/data/raw/DIP_IMU/s_07/02.pkl,s_07,sensitivity_looser,hip_knee,3600,5640,16.510765314230063,1.1785711042179645,17.07842652865203,False
/home/duanyuhan/dyh/motion/MotionRe/base_mobileposer/data/raw/DIP_IMU/s_07/02.pkl,s_07,sensitivity_looser,spine,3600,5640,16.510765314230063,1.1785711042179645,1.8322104125128844,False
/home/duanyuhan/dyh/motion/MotionRe/base_mobileposer/data/raw/DIP_IMU/s_07/02.pkl,s_07,sensitivity_looser,hip_knee,3600,5730,18.23329508884623,1.4465140003562493,21.990529770776483,True
/home/duanyuhan/dyh/motion/MotionRe/base_mobileposer/data/raw/DIP_IMU/s_07/02.pkl,s_07,sensitivity_looser,spine,3600,5730,18.23329508884623,1.4465140003562493,1.7576224709817971,False
/home/duanyuhan/dyh/motion/MotionRe/base_mobileposer/data/raw/DIP_IMU/s_07/02.pkl,s_07,sensitivity_looser,hip_knee,3600,6120,16.915028789485223,1.5071264448998414,15.158938343498718,False
/home/duanyuhan/dyh/motion/MotionRe/base_mobileposer/data/raw/DIP_IMU/s_07/02.pkl,s_07,sensitivity_looser,spine,3600,6120,16.915028789485223,1.5071264448998414,1.7040646148945096,False
/home/duanyuhan/dyh/motion/MotionRe/base_mobileposer/data/raw/DIP_IMU/s_07/02.pkl,s_07,sensitivity_looser,hip_knee,3600,6420,17.216282016652148,1.8412044447990834,14.282846485058354,False
/home/duanyuhan/dyh/motion/MotionRe/base_mobileposer/data/raw/DIP_IMU/s_07/02.pkl,s_07,sensitivity_looser,spine,3600,6420,17.216282016652148,1.8412044447990834,0.7868688247099023,False
/home/duanyuhan/dyh/motion/MotionRe/base_mobileposer/data/raw/DIP_IMU/s_07/02.pkl,s_07,sensitivity_looser,hip_knee,3660,3960,15.232210781590352,1.8658457518647147,10.523730894514962,False
/home/duanyuhan/dyh/motion/MotionRe/base_mobileposer/data/raw/DIP_IMU/s_07/02.pkl,s_07,sensitivity_looser,spine,3660,3960,15.232210781590352,1.8658457518647147,1.6979946605682388,False
/home/duanyuhan/dyh/motion/MotionRe/base_mobileposer/data/raw/DIP_IMU/s_07/02.pkl,s_07,sensitivity_looser,hip_knee,3660,4290,18.531368283819276,1.8704868693605734,11.57450115596874,False
/home/duanyuhan/dyh/motion/MotionRe/base_mobileposer/data/raw/DIP_IMU/s_07/02.pkl,s_07,sensitivity_looser,spine,3660,4290,18.531368283819276,1.8704868693605734,2.713808122537086,False
/home/duanyuhan/dyh/motion/MotionRe/base_mobileposer/data/raw/DIP_IMU/s_07/02.pkl,s_07,sensitivity_looser,hip_knee,3660,4320,9.818851252746502,1.7572569794856991,7.63382010074507,False
/home/duanyuhan/dyh/motion/MotionRe/base_mobileposer/data/raw/DIP_IMU/s_07/02.pkl,s_07,sensitivity_looser,spine,3660,4320,9.818851252746502,1.7572569794856991,1.4153971048851013,False
/home/duanyuhan/dyh/motion/MotionRe/base_mobileposer/data/raw/DIP_IMU/s_07/02.pkl,s_07,sensitivity_looser,hip_knee,3660,4470,13.45465563955224,1.3300580536853148,2.8159939239116056,False
/home/duanyuhan/dyh/motion/MotionRe/base_mobileposer/data/raw/DIP_IMU/s_07/02.pkl,s_07,sensitivity_looser,spine,3660,4470,13.45465563955224,1.3300580536853148,3.601305842030809,False
/home/duanyuhan/dyh/motion/MotionRe/base_mobileposer/data/raw/DIP_IMU/s_07/02.pkl,s_07,sensitivity_looser,hip_knee,3660,4650,10.702347063897157,1.846606343127286,8.141411040390619,False
/home/duanyuhan/dyh/motion/MotionRe/base_mobileposer/data/raw/DIP_IMU/s_07/02.pkl,s_07,sensitivity_looser,spine,3660,4650,10.702347063897157,1.846606343127286,1.7871877360747108,False
/home/duanyuhan/dyh/motion/MotionRe/base_mobileposer/data/raw/DIP_IMU/s_07/02.pkl,s_07,sensitivity_looser,hip_knee,3660,4800,16.202836906449615,1.96168845368022,5.9011333965947586,False
/home/duanyuhan/dyh/motion/MotionRe/base_mobileposer/data/raw/DIP_IMU/s_07/02.pkl,s_07,sensitivity_looser,spine,3660,4800,16.202836906449615,1.96168845368022,1.2194886515681347,False
/home/duanyuhan/dyh/motion/MotionRe/base_mobileposer/data/raw/DIP_IMU/s_07/02.pkl,s_07,sensitivity_looser,hip_knee,3660,5280,18.324415025612772,1.6431009407857,12.44796773221254,False
/home/duanyuhan/dyh/motion/MotionRe/base_mobileposer/data/raw/DIP_IMU/s_07/02.pkl,s_07,sensitivity_looser,spine,3660,5280,18.324415025612772,1.6431009407857,0.8837597093352585,False
/home/duanyuhan/dyh/motion/MotionRe/base_mobileposer/data/raw/DIP_IMU/s_07/02.pkl,s_07,sensitivity_looser,hip_knee,3660,5430,17.471109333957386,1.6361706528936715,10.574428646194532,False
/home/duanyuhan/dyh/motion/MotionRe/base_mobileposer/data/raw/DIP_IMU/s_07/02.pkl,s_07,sensitivity_looser,spine,3660,5430,17.471109333957386,1.6361706528936715,0.8265296399276559,False
/home/duanyuhan/dyh/motion/MotionRe/base_mobileposer/data/raw/DIP_IMU/s_07/02.pkl,s_07,sensitivity_looser,hip_knee,3660,5580,19.818840914742403,1.9162628483752688,13.17336997918324,False
/home/duanyuhan/dyh/motion/MotionRe/base_mobileposer/data/raw/DIP_IMU/s_07/02.pkl,s_07,sensitivity_looser,spine,3660,5580,19.818840914742403,1.9162628483752688,1.9567996745721838,False
/home/duanyuhan/dyh/motion/MotionRe/base_mobileposer/data/raw/DIP_IMU/s_07/02.pkl,s_07,sensitivity_looser,hip_knee,3660,5610,18.595559528487943,1.34954458256345,12.515723296682118,False
/home/duanyuhan/dyh/motion/MotionRe/base_mobileposer/data/raw/DIP_IMU/s_07/02.pkl,s_07,sensitivity_looser,spine,3660,5610,18.595559528487943,1.34954458256345,0.7380119233835604,False
/home/duanyuhan/dyh/motion/MotionRe/base_mobileposer/data/raw/DIP_IMU/s_07/02.pkl,s_07,sensitivity_looser,hip_knee,3660,5760,16.607042771081506,1.7188853560798225,11.778064396295878,False
/home/duanyuhan/dyh/motion/MotionRe/base_mobileposer/data/raw/DIP_IMU/s_07/02.pkl,s_07,sensitivity_looser,spine,3660,5760,16.607042771081506,1.7188853560798225,0.9767780422795234,False
/home/duanyuhan/dyh/motion/MotionRe/base_mobileposer/data/raw/DIP_IMU/s_07/02.pkl,s_07,sensitivity_looser,hip_knee,3660,5910,18.402071626611924,1.5664063009373554,12.083118157696171,False
/home/duanyuhan/dyh/motion/MotionRe/base_mobileposer/data/raw/DIP_IMU/s_07/02.pkl,s_07,sensitivity_looser,spine,3660,5910,18.402071626611924,1.5664063009373554,1.8288928179569959,False
/home/duanyuhan/dyh/motion/MotionRe/base_mobileposer/data/raw/DIP_IMU/s_07/02.pkl,s_07,sensitivity_looser,hip_knee,3660,5940,17.826584151589145,1.553382326031778,10.364299926094544,False
/home/duanyuhan/dyh/motion/MotionRe/base_mobileposer/data/raw/DIP_IMU/s_07/02.pkl,s_07,sensitivity_looser,spine,3660,5940,17.826584151589145,1.553382326031778,2.2423582931796364,False
/home/duanyuhan/dyh/motion/MotionRe/base_mobileposer/data/raw/DIP_IMU/s_07/02.pkl,s_07,sensitivity_looser,hip_knee,3660,6090,19.197172317757445,1.7746484414855528,13.74042067216834,False
/home/duanyuhan/dyh/motion/MotionRe/base_mobileposer/data/raw/DIP_IMU/s_07/02.pkl,s_07,sensitivity_looser,spine,3660,6090,19.197172317757445,1.7746484414855528,1.0435487837749393,False
/home/duanyuhan/dyh/motion/MotionRe/base_mobileposer/data/raw/DIP_IMU/s_07/02.pkl,s_07,sensitivity_looser,hip_knee,3660,6390,18.404733519248683,1.511767275064512,13.326083874390873,False
/home/duanyuhan/dyh/motion/MotionRe/base_mobileposer/data/raw/DIP_IMU/s_07/02.pkl,s_07,sensitivity_looser,spine,3660,6390,18.404733519248683,1.511767275064512,1.4194967582550728,False
/home/duanyuhan/dyh/motion/MotionRe/base_mobileposer/data/raw/DIP_IMU/s_07/02.pkl,s_07,sensitivity_looser,hip_knee,3690,4680,16.292759896282753,1.373113534797486,16.389723024592573,False
/home/duanyuhan/dyh/motion/MotionRe/base_mobileposer/data/raw/DIP_IMU/s_07/02.pkl,s_07,sensitivity_looser,spine,3690,4680,16.292759896282753,1.373113534797486,2.625965245096786,False
/home/duanyuhan/dyh/motion/MotionRe/base_mobileposer/data/raw/DIP_IMU/s_07/02.pkl,s_07,sensitivity_looser,hip_knee,3720,4230,5.105703774209121,1.1053999918048836,2.5293929166150924,False
/home/duanyuhan/dyh/motion/MotionRe/base_mobileposer/data/raw/DIP_IMU/s_07/02.pkl,s_07,sensitivity_looser,spine,3720,4230,5.105703774209121,1.1053999918048836,1.7866655498550592,False
/home/duanyuhan/dyh/motion/MotionRe/base_mobileposer/data/raw/DIP_IMU/s_07/02.pkl,s_07,sensitivity_looser,hip_knee,3720,6150,17.92975286422443,1.304634163715172,13.230335769304654,False
/home/duanyuhan/dyh/motion/MotionRe/base_mobileposer/data/raw/DIP_IMU/s_07/02.pkl,s_07,sensitivity_looser,spine,3720,6150,17.92975286422443,1.304634163715172,1.3829564015828828,False
/home/duanyuhan/dyh/motion/MotionRe/base_mobileposer/data/raw/DIP_IMU/s_07/02.pkl,s_07,sensitivity_looser,hip_knee,3750,4080,14.238219658082098,1.8606601616398502,1.6515620581195665,False
/home/duanyuhan/dyh/motion/MotionRe/base_mobileposer/data/raw/DIP_IMU/s_07/02.pkl,s_07,sensitivity_looser,spine,3750,4080,14.238219658082098,1.8606601616398502,1.0372230355754637,False
/home/duanyuhan/dyh/motion/MotionRe/base_mobileposer/data/raw/DIP_IMU/s_07/02.pkl,s_07,sensitivity_looser,hip_knee,3750,4740,10.512710242112867,1.536774331198448,2.0216292269867755,False
/home/duanyuhan/dyh/motion/MotionRe/base_mobileposer/data/raw/DIP_IMU/s_07/02.pkl,s_07,sensitivity_looser,spine,3750,4740,10.512710242112867,1.536774331198448,1.2827043740311843,False
/home/duanyuhan/dyh/motion/MotionRe/base_mobileposer/data/raw/DIP_IMU/s_07/02.pkl,s_07,sensitivity_looser,hip_knee,3750,5700,19.525384082115064,1.6402993534764492,9.823792788871184,False
/home/duanyuhan/dyh/motion/MotionRe/base_mobileposer/data/raw/DIP_IMU/s_07/02.pkl,s_07,sensitivity_looser,spine,3750,5700,19.525384082115064,1.6402993534764492,1.2010520708847383,False
/home/duanyuhan/dyh/motion/MotionRe/base_mobileposer/data/raw/DIP_IMU/s_07/02.pkl,s_07,sensitivity_looser,hip_knee,3750,6030,19.63592498050046,1.9017737128070258,12.26000298280226,False
/home/duanyuhan/dyh/motion/MotionRe/base_mobileposer/data/raw/DIP_IMU/s_07/02.pkl,s_07,sensitivity_looser,spine,3750,6030,19.63592498050046,1.9017737128070258,1.7362149777468299,False
/home/duanyuhan/dyh/motion/MotionRe/base_mobileposer/data/raw/DIP_IMU/s_07/02.pkl,s_07,sensitivity_looser,hip_knee,3780,4440,13.738416468035451,1.641644372305896,13.699501175457648,False
/home/duanyuhan/dyh/motion/MotionRe/base_mobileposer/data/raw/DIP_IMU/s_07/02.pkl,s_07,sensitivity_looser,spine,3780,4440,13.738416468035451,1.641644372305896,1.4852332571155127,False
/home/duanyuhan/dyh/motion/MotionRe/base_mobileposer/data/raw/DIP_IMU/s_07/02.pkl,s_07,sensitivity_looser,hip_knee,3780,4500,19.57709550871633,0.8395161077102063,18.529801241260774,False
/home/duanyuhan/dyh/motion/MotionRe/base_mobileposer/data/raw/DIP_IMU/s_07/02.pkl,s_07,sensitivity_looser,spine,3780,4500,19.57709550871633,0.8395161077102063,3.674774840861993,False
/home/duanyuhan/dyh/motion/MotionRe/base_mobileposer/data/raw/DIP_IMU/s_07/02.pkl,s_07,sensitivity_looser,hip_knee,3780,4620,17.971081050680983,1.3507929898603344,7.955915891372166,False
/home/duanyuhan/dyh/motion/MotionRe/base_mobileposer/data/raw/DIP_IMU/s_07/02.pkl,s_07,sensitivity_looser,spine,3780,4620,17.971081050680983,1.3507929898603344,1.4782862430473107,False
/home/duanyuhan/dyh/motion/MotionRe/base_mobileposer/data/raw/DIP_IMU/s_07/02.pkl,s_07,sensitivity_looser,hip_knee,3780,6060,17.315056566521196,1.755907774297763,13.581493059815433,False
/home/duanyuhan/dyh/motion/MotionRe/base_mobileposer/data/raw/DIP_IMU/s_07/02.pkl,s_07,sensitivity_looser,spine,3780,6060,17.315056566521196,1.755907774297763,1.501210287421273,False
/home/duanyuhan/dyh/motion/MotionRe/base_mobileposer/data/raw/DIP_IMU/s_07/02.pkl,s_07,sensitivity_looser,hip_knee,3780,6120,19.966739612271457,1.4446161884975224,14.496541369754866,False
/home/duanyuhan/dyh/motion/MotionRe/base_mobileposer/data/raw/DIP_IMU/s_07/02.pkl,s_07,sensitivity_looser,spine,3780,6120,19.966739612271457,1.4446161884975224,2.0335092089684728,False
/home/duanyuhan/dyh/motion/MotionRe/base_mobileposer/data/raw/DIP_IMU/s_07/02.pkl,s_07,sensitivity_looser,hip_knee,3780,6210,18.49954889497256,1.5782407799732243,14.324760426630778,False
/home/duanyuhan/dyh/motion/MotionRe/base_mobileposer/data/raw/DIP_IMU/s_07/02.pkl,s_07,sensitivity_looser,spine,3780,6210,18.49954889497256,1.5782407799732243,1.2724751535031922,False
/home/duanyuhan/dyh/motion/MotionRe/base_mobileposer/data/raw/DIP_IMU/s_07/02.pkl,s_07,sensitivity_looser,hip_knee,3780,6510,19.99900636466355,1.528714357244948,19.466745739842086,False
/home/duanyuhan/dyh/motion/MotionRe/base_mobileposer/data/raw/DIP_IMU/s_07/02.pkl,s_07,sensitivity_looser,spine,3780,6510,19.99900636466355,1.528714357244948,1.2579538087536746,False
/home/duanyuhan/dyh/motion/MotionRe/base_mobileposer/data/raw/DIP_IMU/s_07/02.pkl,s_07,sensitivity_looser,hip_knee,3810,4290,15.259846992066066,1.2781403311487463,15.582241426607357,False
/home/duanyuhan/dyh/motion/MotionRe/base_mobileposer/data/raw/DIP_IMU/s_07/02.pkl,s_07,sensitivity_looser,spine,3810,4290,15.259846992066066,1.2781403311487463,4.637866097809709,False
/home/duanyuhan/dyh/motion/MotionRe/base_mobileposer/data/raw/DIP_IMU/s_07/02.pkl,s_07,sensitivity_looser,hip_knee,3810,4470,6.305347435946724,0.6746560479971866,3.612500901641468,False
/home/duanyuhan/dyh/motion/MotionRe/base_mobileposer/data/raw/DIP_IMU/s_07/02.pkl,s_07,sensitivity_looser,spine,3810,4470,6.305347435946724,0.6746560479971866,2.223699208940674,False
/home/duanyuhan/dyh/motion/MotionRe/base_mobileposer/data/raw/DIP_IMU/s_07/02.pkl,s_07,sensitivity_looser,hip_knee,3810,4620,19.170607936996976,1.4604805218048251,20.00328670050488,True
/home/duanyuhan/dyh/motion/MotionRe/base_mobileposer/data/raw/DIP_IMU/s_07/02.pkl,s_07,sensitivity_looser,spine,3810,4620,19.170607936996976,1.4604805218048251,5.395202463209322,False
/home/duanyuhan/dyh/motion/MotionRe/base_mobileposer/data/raw/DIP_IMU/s_07/02.pkl,s_07,sensitivity_looser,hip_knee,3810,4800,18.601724701049797,0.992201009573307,3.842675280416226,False
/home/duanyuhan/dyh/motion/MotionRe/base_mobileposer/data/raw/DIP_IMU/s_07/02.pkl,s_07,sensitivity_looser,spine,3810,4800,18.601724701049797,0.992201009573307,2.825467296072062,False
/home/duanyuhan/dyh/motion/MotionRe/base_mobileposer/data/raw/DIP_IMU/s_07/02.pkl,s_07,sensitivity_looser,hip_knee,3810,5430,17.139276267180946,0.9287917891571502,10.958188943385387,False
/home/duanyuhan/dyh/motion/MotionRe/base_mobileposer/data/raw/DIP_IMU/s_07/02.pkl,s_07,sensitivity_looser,spine,3810,5430,17.139276267180946,0.9287917891571502,2.0169489474372537,False
/home/duanyuhan/dyh/motion/MotionRe/base_mobileposer/data/raw/DIP_IMU/s_07/02.pkl,s_07,sensitivity_looser,hip_knee,3810,5460,18.09032251662235,1.8005389968420944,15.229248971503392,False
/home/duanyuhan/dyh/motion/MotionRe/base_mobileposer/data/raw/DIP_IMU/s_07/02.pkl,s_07,sensitivity_looser,spine,3810,5460,18.09032251662235,1.8005389968420944,2.9072827272945374,False
/home/duanyuhan/dyh/motion/MotionRe/base_mobileposer/data/raw/DIP_IMU/s_07/02.pkl,s_07,sensitivity_looser,hip_knee,3810,5580,19.58407181373686,1.4804312851303891,16.116364910185034,False
/home/duanyuhan/dyh/motion/MotionRe/base_mobileposer/data/raw/DIP_IMU/s_07/02.pkl,s_07,sensitivity_looser,spine,3810,5580,19.58407181373686,1.4804312851303891,3.9841860008453334,False
/home/duanyuhan/dyh/motion/MotionRe/base_mobileposer/data/raw/DIP_IMU/s_07/02.pkl,s_07,sensitivity_looser,hip_knee,3810,5760,16.8822020030682,0.7959037525890652,10.58491188333653,False
/home/duanyuhan/dyh/motion/MotionRe/base_mobileposer/data/raw/DIP_IMU/s_07/02.pkl,s_07,sensitivity_looser,spine,3810,5760,16.8822020030682,0.7959037525890652,2.0022528259812957,False
/home/duanyuhan/dyh/motion/MotionRe/base_mobileposer/data/raw/DIP_IMU/s_07/02.pkl,s_07,sensitivity_looser,hip_knee,3810,5790,16.680237618455028,1.558772127172626,16.312365123747373,False
/home/duanyuhan/dyh/motion/MotionRe/base_mobileposer/data/raw/DIP_IMU/s_07/02.pkl,s_07,sensitivity_looser,spine,3810,5790,16.680237618455028,1.558772127172626,2.64509687526478,False
/home/duanyuhan/dyh/motion/MotionRe/base_mobileposer/data/raw/DIP_IMU/s_07/02.pkl,s_07,sensitivity_looser,hip_knee,3810,5910,17.930856270020833,1.0350331212021275,15.0665110935606,False
/home/duanyuhan/dyh/motion/MotionRe/base_mobileposer/data/raw/DIP_IMU/s_07/02.pkl,s_07,sensitivity_looser,spine,3810,5910,17.930856270020833,1.0350331212021275,2.0585788045885813,False
/home/duanyuhan/dyh/motion/MotionRe/base_mobileposer/data/raw/DIP_IMU/s_07/02.pkl,s_07,sensitivity_looser,hip_knee,3840,4500,8.573792496240687,1.9851362893635442,6.894736756292639,False
/home/duanyuhan/dyh/motion/MotionRe/base_mobileposer/data/raw/DIP_IMU/s_07/02.pkl,s_07,sensitivity_looser,spine,3840,4500,8.573792496240687,1.9851362893635442,2.410217586273682,False
/home/duanyuhan/dyh/motion/MotionRe/base_mobileposer/data/raw/DIP_IMU/s_07/02.pkl,s_07,sensitivity_looser,hip_knee,3840,4680,11.405648324747569,1.9950115823387686,12.884260207314487,False
/home/duanyuhan/dyh/motion/MotionRe/base_mobileposer/data/raw/DIP_IMU/s_07/02.pkl,s_07,sensitivity_looser,spine,3840,4680,11.405648324747569,1.9950115823387686,4.078029169347648,False
/home/duanyuhan/dyh/motion/MotionRe/base_mobileposer/data/raw/DIP_IMU/s_07/02.pkl,s_07,sensitivity_looser,hip_knee,3840,6360,19.35630313207417,1.6967384185886154,10.986366624348697,False
/home/duanyuhan/dyh/motion/MotionRe/base_mobileposer/data/raw/DIP_IMU/s_07/02.pkl,s_07,sensitivity_looser,spine,3840,6360,19.35630313207417,1.6967384185886154,4.767229229477897,False
/home/duanyuhan/dyh/motion/MotionRe/base_mobileposer/data/raw/DIP_IMU/s_07/02.pkl,s_07,sensitivity_looser,hip_knee,3870,4530,7.159285188983293,1.2450574992452952,6.14194249775645,False
/home/duanyuhan/dyh/motion/MotionRe/base_mobileposer/data/raw/DIP_IMU/s_07/02.pkl,s_07,sensitivity_looser,spine,3870,4530,7.159285188983293,1.2450574992452952,1.6400722113300692,False
/home/duanyuhan/dyh/motion/MotionRe/base_mobileposer/data/raw/DIP_IMU/s_07/02.pkl,s_07,sensitivity_looser,hip_knee,3900,4560,14.479383722260506,1.446091857044478,2.2210930213957782,False
/home/duanyuhan/dyh/motion/MotionRe/base_mobileposer/data/raw/DIP_IMU/s_07/02.pkl,s_07,sensitivity_looser,spine,3900,4560,14.479383722260506,1.446091857044478,1.5439635932304714,False
/home/duanyuhan/dyh/motion/MotionRe/base_mobileposer/data/raw/DIP_IMU/s_07/02.pkl,s_07,sensitivity_looser,hip_knee,3900,4740,12.259700590710748,1.9873410641584317,2.635574022232824,False
/home/duanyuhan/dyh/motion/MotionRe/base_mobileposer/data/raw/DIP_IMU/s_07/02.pkl,s_07,sensitivity_looser,spine,3900,4740,12.259700590710748,1.9873410641584317,2.2284741560383607,False
/home/duanyuhan/dyh/motion/MotionRe/base_mobileposer/data/raw/DIP_IMU/s_07/02.pkl,s_07,sensitivity_looser,hip_knee,3900,5850,18.961838875941066,0.9668583538746194,10.252150297939192,False
/home/duanyuhan/dyh/motion/MotionRe/base_mobileposer/data/raw/DIP_IMU/s_07/02.pkl,s_07,sensitivity_looser,spine,3900,5850,18.961838875941066,0.9668583538746194,1.1624435095442294,False
/home/duanyuhan/dyh/motion/MotionRe/base_mobileposer/data/raw/DIP_IMU/s_07/02.pkl,s_07,sensitivity_looser,hip_knee,3930,4590,12.861381597304362,1.5870839802492083,11.705685970662856,False
/home/duanyuhan/dyh/motion/MotionRe/base_mobileposer/data/raw/DIP_IMU/s_07/02.pkl,s_07,sensitivity_looser,spine,3930,4590,12.861381597304362,1.5870839802492083,1.1834437443408048,False
/home/duanyuhan/dyh/motion/MotionRe/base_mobileposer/data/raw/DIP_IMU/s_07/02.pkl,s_07,sensitivity_looser,hip_knee,3930,5550,17.312979067664266,1.6916131051312744,11.61024750783497,False
/home/duanyuhan/dyh/motion/MotionRe/base_mobileposer/data/raw/DIP_IMU/s_07/02.pkl,s_07,sensitivity_looser,spine,3930,5550,17.312979067664266,1.6916131051312744,1.7094119273949149,False
/home/duanyuhan/dyh/motion/MotionRe/base_mobileposer/data/raw/DIP_IMU/s_07/02.pkl,s_07,sensitivity_looser,hip_knee,3930,5880,15.773630548636886,1.4588398243436267,11.087534806937024,False
/home/duanyuhan/dyh/motion/MotionRe/base_mobileposer/data/raw/DIP_IMU/s_07/02.pkl,s_07,sensitivity_looser,spine,3930,5880,15.773630548636886,1.4588398243436267,2.349856308739567,False
/home/duanyuhan/dyh/motion/MotionRe/base_mobileposer/data/raw/DIP_IMU/s_07/02.pkl,s_07,sensitivity_looser,hip_knee,3930,5970,18.82076200881313,1.5311562791767297,15.719763230338698,False
/home/duanyuhan/dyh/motion/MotionRe/base_mobileposer/data/raw/DIP_IMU/s_07/02.pkl,s_07,sensitivity_looser,spine,3930,5970,18.82076200881313,1.5311562791767297,2.4201795329770444,False
/home/duanyuhan/dyh/motion/MotionRe/base_mobileposer/data/raw/DIP_IMU/s_07/02.pkl,s_07,sensitivity_looser,hip_knee,3960,4290,8.74883993459834,0.6186838292032912,2.1066138315823206,False
/home/duanyuhan/dyh/motion/MotionRe/base_mobileposer/data/raw/DIP_IMU/s_07/02.pkl,s_07,sensitivity_looser,spine,3960,4290,8.74883993459834,0.6186838292032912,1.1163459876352493,False
/home/duanyuhan/dyh/motion/MotionRe/base_mobileposer/data/raw/DIP_IMU/s_07/02.pkl,s_07,sensitivity_looser,hip_knee,3960,4470,4.857246337760673,1.2905177580752005,11.081860935718359,False
/home/duanyuhan/dyh/motion/MotionRe/base_mobileposer/data/raw/DIP_IMU/s_07/02.pkl,s_07,sensitivity_looser,spine,3960,4470,4.857246337760673,1.2905177580752005,4.06338751956149,False
/home/duanyuhan/dyh/motion/MotionRe/base_mobileposer/data/raw/DIP_IMU/s_07/02.pkl,s_07,sensitivity_looser,hip_knee,3960,4620,12.05970616093171,0.7991905467190574,5.54387851023001,False
/home/duanyuhan/dyh/motion/MotionRe/base_mobileposer/data/raw/DIP_IMU/s_07/02.pkl,s_07,sensitivity_looser,spine,3960,4620,12.05970616093171,0.7991905467190574,1.9364379314115538,False
/home/duanyuhan/dyh/motion/MotionRe/base_mobileposer/data/raw/DIP_IMU/s_07/02.pkl,s_07,sensitivity_looser,hip_knee,3960,4800,15.326382626158994,1.618830511772391,14.278686375851441,False
/home/duanyuhan/dyh/motion/MotionRe/base_mobileposer/data/raw/DIP_IMU/s_07/02.pkl,s_07,sensitivity_looser,spine,3960,4800,15.326382626158994,1.618830511772391,1.8253810403681323,False
/home/duanyuhan/dyh/motion/MotionRe/base_mobileposer/data/raw/DIP_IMU/s_07/02.pkl,s_07,sensitivity_looser,hip_knee,3960,5100,19.80010316365787,1.2979639761369506,12.526128505740918,False
/home/duanyuhan/dyh/motion/MotionRe/base_mobileposer/data/raw/DIP_IMU/s_07/02.pkl,s_07,sensitivity_looser,spine,3960,5100,19.80010316365787,1.2979639761369506,1.3540331574587798,False
/home/duanyuhan/dyh/motion/MotionRe/base_mobileposer/data/raw/DIP_IMU/s_07/02.pkl,s_07,sensitivity_looser,hip_knee,3960,5460,17.359586844352496,1.0725556032171584,10.371042202389978,False
/home/duanyuhan/dyh/motion/MotionRe/base_mobileposer/data/raw/DIP_IMU/s_07/02.pkl,s_07,sensitivity_looser,spine,3960,5460,17.359586844352496,1.0725556032171584,1.1228047485667638,False
/home/duanyuhan/dyh/motion/MotionRe/base_mobileposer/data/raw/DIP_IMU/s_07/02.pkl,s_07,sensitivity_looser,hip_knee,3960,5580,17.227259272399294,0.822595448858231,10.309721899265915,False
/home/duanyuhan/dyh/motion/MotionRe/base_mobileposer/data/raw/DIP_IMU/s_07/02.pkl,s_07,sensitivity_looser,spine,3960,5580,17.227259272399294,0.822595448858231,0.6857583860457336,False
/home/duanyuhan/dyh/motion/MotionRe/base_mobileposer/data/raw/DIP_IMU/s_07/02.pkl,s_07,sensitivity_looser,hip_knee,3960,5790,17.517148979881835,0.991354629243692,10.08387819629847,False
/home/duanyuhan/dyh/motion/MotionRe/base_mobileposer/data/raw/DIP_IMU/s_07/02.pkl,s_07,sensitivity_looser,spine,3960,5790,17.517148979881835,0.991354629243692,1.474736843800466,False
/home/duanyuhan/dyh/motion/MotionRe/base_mobileposer/data/raw/DIP_IMU/s_07/02.pkl,s_07,sensitivity_looser,hip_knee,3960,5910,16.700885809024232,1.0640430118322546,10.18558093164885,False
/home/duanyuhan/dyh/motion/MotionRe/base_mobileposer/data/raw/DIP_IMU/s_07/02.pkl,s_07,sensitivity_looser,spine,3960,5910,16.700885809024232,1.0640430118322546,2.121440056521888,False
/home/duanyuhan/dyh/motion/MotionRe/base_mobileposer/data/raw/DIP_IMU/s_07/02.pkl,s_07,sensitivity_looser,hip_knee,3960,6210,18.188135793906,1.5625544004721699,11.155126933689758,False
/home/duanyuhan/dyh/motion/MotionRe/base_mobileposer/data/raw/DIP_IMU/s_07/02.pkl,s_07,sensitivity_looser,spine,3960,6210,18.188135793906,1.5625544004721699,0.8581555531477479,False
/home/duanyuhan/dyh/motion/MotionRe/base_mobileposer/data/raw/DIP_IMU/s_07/02.pkl,s_07,sensitivity_looser,hip_knee,3960,6360,17.584304327488454,1.4114001373518905,10.128849869051951,False
/home/duanyuhan/dyh/motion/MotionRe/base_mobileposer/data/raw/DIP_IMU/s_07/02.pkl,s_07,sensitivity_looser,spine,3960,6360,17.584304327488454,1.4114001373518905,1.632911519905468,False
/home/duanyuhan/dyh/motion/MotionRe/base_mobileposer/data/raw/DIP_IMU/s_07/02.pkl,s_07,sensitivity_looser,hip_knee,3960,6510,18.740406776243383,0.8864606149135704,10.732459013653994,False
/home/duanyuhan/dyh/motion/MotionRe/base_mobileposer/data/raw/DIP_IMU/s_07/02.pkl,s_07,sensitivity_looser,spine,3960,6510,18.740406776243383,0.8864606149135704,0.4760721023215942,False
/home/duanyuhan/dyh/motion/MotionRe/base_mobileposer/data/raw/DIP_IMU/s_07/02.pkl,s_07,sensitivity_looser,hip_knee,3990,4320,8.571113303454112,1.4936949780388922,2.9236105525093583,False
/home/duanyuhan/dyh/motion/MotionRe/base_mobileposer/data/raw/DIP_IMU/s_07/02.pkl,s_07,sensitivity_looser,spine,3990,4320,8.571113303454112,1.4936949780388922,0.8900917226880768,False
/home/duanyuhan/dyh/motion/MotionRe/base_mobileposer/data/raw/DIP_IMU/s_07/02.pkl,s_07,sensitivity_looser,hip_knee,3990,4650,8.99741246889921,1.6732485979464216,3.1970355180633954,False
/home/duanyuhan/dyh/motion/MotionRe/base_mobileposer/data/raw/DIP_IMU/s_07/02.pkl,s_07,sensitivity_looser,spine,3990,4650,8.99741246889921,1.6732485979464216,1.183285104799752,False
/home/duanyuhan/dyh/motion/MotionRe/base_mobileposer/data/raw/DIP_IMU/s_07/02.pkl,s_07,sensitivity_looser,hip_knee,3990,5280,19.012041173443997,0.9461640288469619,10.076330296640268,False
/home/duanyuhan/dyh/motion/MotionRe/base_mobileposer/data/raw/DIP_IMU/s_07/02.pkl,s_07,sensitivity_looser,spine,3990,5280,19.012041173443997,0.9461640288469619,0.6213473110750398,False
/home/duanyuhan/dyh/motion/MotionRe/base_mobileposer/data/raw/DIP_IMU/s_07/02.pkl,s_07,sensitivity_looser,hip_knee,3990,5610,19.085867970081356,1.2756064150580506,10.793484252453315,False
/home/duanyuhan/dyh/motion/MotionRe/base_mobileposer/data/raw/DIP_IMU/s_07/02.pkl,s_07,sensitivity_looser,spine,3990,5610,19.085867970081356,1.2756064150580506,0.8937597651766752,False
/home/duanyuhan/dyh/motion/MotionRe/base_mobileposer/data/raw/DIP_IMU/s_07/02.pkl,s_07,sensitivity_looser,hip_knee,3990,6090,18.622781882579616,1.1348126147068311,11.0040685167155,False
/home/duanyuhan/dyh/motion/MotionRe/base_mobileposer/data/raw/DIP_IMU/s_07/02.pkl,s_07,sensitivity_looser,spine,3990,6090,18.622781882579616,1.1348126147068311,0.9732433224981855,False
/home/duanyuhan/dyh/motion/MotionRe/base_mobileposer/data/raw/DIP_IMU/s_07/02.pkl,s_07,sensitivity_looser,hip_knee,3990,6240,19.407790912762117,1.7659355776679104,12.075784410929604,False
/home/duanyuhan/dyh/motion/MotionRe/base_mobileposer/data/raw/DIP_IMU/s_07/02.pkl,s_07,sensitivity_looser,spine,3990,6240,19.407790912762117,1.7659355776679104,1.031876699026425,False
/home/duanyuhan/dyh/motion/MotionRe/base_mobileposer/data/raw/DIP_IMU/s_07/02.pkl,s_07,sensitivity_looser,hip_knee,3990,6390,18.357258648096312,1.1177221540137512,11.18975024665639,False
/home/duanyuhan/dyh/motion/MotionRe/base_mobileposer/data/raw/DIP_IMU/s_07/02.pkl,s_07,sensitivity_looser,spine,3990,6390,18.357258648096312,1.1177221540137512,1.7507246311049032,False
/home/duanyuhan/dyh/motion/MotionRe/base_mobileposer/data/raw/DIP_IMU/s_07/02.pkl,s_07,sensitivity_looser,hip_knee,4020,4440,13.474735697452656,1.6306635787107728,3.9859716648759145,False
/home/duanyuhan/dyh/motion/MotionRe/base_mobileposer/data/raw/DIP_IMU/s_07/02.pkl,s_07,sensitivity_looser,spine,4020,4440,13.474735697452656,1.6306635787107728,2.0132250352918053,False
/home/duanyuhan/dyh/motion/MotionRe/base_mobileposer/data/raw/DIP_IMU/s_07/02.pkl,s_07,sensitivity_looser,hip_knee,4020,5640,15.595177803399455,1.9284462325551193,11.182196236348357,False
/home/duanyuhan/dyh/motion/MotionRe/base_mobileposer/data/raw/DIP_IMU/s_07/02.pkl,s_07,sensitivity_looser,spine,4020,5640,15.595177803399455,1.9284462325551193,0.9394314575337733,False
/home/duanyuhan/dyh/motion/MotionRe/base_mobileposer/data/raw/DIP_IMU/s_07/02.pkl,s_07,sensitivity_looser,hip_knee,4020,6120,16.186132601907534,1.8473692234883434,10.37080728871064,False
/home/duanyuhan/dyh/motion/MotionRe/base_mobileposer/data/raw/DIP_IMU/s_07/02.pkl,s_07,sensitivity_looser,spine,4020,6120,16.186132601907534,1.8473692234883434,1.3165190632365726,False
/home/duanyuhan/dyh/motion/MotionRe/base_mobileposer/data/raw/DIP_IMU/s_07/02.pkl,s_07,sensitivity_looser,hip_knee,4080,4740,15.103216955813593,1.3641952141943108,2.6921770818888495,False
/home/duanyuhan/dyh/motion/MotionRe/base_mobileposer/data/raw/DIP_IMU/s_07/02.pkl,s_07,sensitivity_looser,spine,4080,4740,15.103216955813593,1.3641952141943108,1.4095177110158135,False
/home/duanyuhan/dyh/motion/MotionRe/base_mobileposer/data/raw/DIP_IMU/s_07/02.pkl,s_07,sensitivity_looser,hip_knee,4080,5700,19.496486155882888,0.9782988547347985,9.926724944187011,False
/home/duanyuhan/dyh/motion/MotionRe/base_mobileposer/data/raw/DIP_IMU/s_07/02.pkl,s_07,sensitivity_looser,spine,4080,5700,19.496486155882888,0.9782988547347985,1.4044200097122117,False
/home/duanyuhan/dyh/motion/MotionRe/base_mobileposer/data/raw/DIP_IMU/s_07/02.pkl,s_07,sensitivity_looser,hip_knee,4080,6030,18.990704842794734,0.7253546321756174,12.29036194569708,False
/home/duanyuhan/dyh/motion/MotionRe/base_mobileposer/data/raw/DIP_IMU/s_07/02.pkl,s_07,sensitivity_looser,spine,4080,6030,18.990704842794734,0.7253546321756174,1.2225534634565394,False
/home/duanyuhan/dyh/motion/MotionRe/base_mobileposer/data/raw/DIP_IMU/s_07/02.pkl,s_07,sensitivity_looser,hip_knee,4080,6180,19.919941613371265,1.863515989725057,13.388422728717648,False
/home/duanyuhan/dyh/motion/MotionRe/base_mobileposer/data/raw/DIP_IMU/s_07/02.pkl,s_07,sensitivity_looser,spine,4080,6180,19.919941613371265,1.863515989725057,1.044750846258327,False
/home/duanyuhan/dyh/motion/MotionRe/base_mobileposer/data/raw/DIP_IMU/s_07/02.pkl,s_07,sensitivity_looser,hip_knee,4110,4440,12.054341225655278,1.5615587842526064,13.119435499836502,False
/home/duanyuhan/dyh/motion/MotionRe/base_mobileposer/data/raw/DIP_IMU/s_07/02.pkl,s_07,sensitivity_looser,spine,4110,4440,12.054341225655278,1.5615587842526064,2.26906729340202,False
/home/duanyuhan/dyh/motion/MotionRe/base_mobileposer/data/raw/DIP_IMU/s_07/02.pkl,s_07,sensitivity_looser,hip_knee,4110,5640,19.168607721850474,1.7616603708153884,12.466132196114945,False
/home/duanyuhan/dyh/motion/MotionRe/base_mobileposer/data/raw/DIP_IMU/s_07/02.pkl,s_07,sensitivity_looser,spine,4110,5640,19.168607721850474,1.7616603708153884,1.7896983264080086,False
/home/duanyuhan/dyh/motion/MotionRe/base_mobileposer/data/raw/DIP_IMU/s_07/02.pkl,s_07,sensitivity_looser,hip_knee,4110,5730,17.0964165412622,0.8222160706485019,10.268716173390349,False
/home/duanyuhan/dyh/motion/MotionRe/base_mobileposer/data/raw/DIP_IMU/s_07/02.pkl,s_07,sensitivity_looser,spine,4110,5730,17.0964165412622,0.8222160706485019,1.283481971754539,False
/home/duanyuhan/dyh/motion/MotionRe/base_mobileposer/data/raw/DIP_IMU/s_07/02.pkl,s_07,sensitivity_looser,hip_knee,4110,6120,18.163386073912477,1.9408180444353242,14.017445599516357,False
/home/duanyuhan/dyh/motion/MotionRe/base_mobileposer/data/raw/DIP_IMU/s_07/02.pkl,s_07,sensitivity_looser,spine,4110,6120,18.163386073912477,1.9408180444353242,1.5288571119254195,False
/home/duanyuhan/dyh/motion/MotionRe/base_mobileposer/data/raw/DIP_IMU/s_07/02.pkl,s_07,sensitivity_looser,hip_knee,4110,6420,19.5373146985502,1.4082086954480064,15.045556444990604,False
/home/duanyuhan/dyh/motion/MotionRe/base_mobileposer/data/raw/DIP_IMU/s_07/02.pkl,s_07,sensitivity_looser,spine,4110,6420,19.5373146985502,1.4082086954480064,0.9676282239565802,False
/home/duanyuhan/dyh/motion/MotionRe/base_mobileposer/data/raw/DIP_IMU/s_07/02.pkl,s_07,sensitivity_looser,hip_knee,4230,6150,19.249943983451633,1.1876838422747755,14.255851387951347,False
/home/duanyuhan/dyh/motion/MotionRe/base_mobileposer/data/raw/DIP_IMU/s_07/02.pkl,s_07,sensitivity_looser,spine,4230,6150,19.249943983451633,1.1876838422747755,2.579793015733616,False
/home/duanyuhan/dyh/motion/MotionRe/base_mobileposer/data/raw/DIP_IMU/s_07/02.pkl,s_07,sensitivity_looser,hip_knee,4290,4620,7.917618917197319,1.2781915051546249,4.617683640867684,False
/home/duanyuhan/dyh/motion/MotionRe/base_mobileposer/data/raw/DIP_IMU/s_07/02.pkl,s_07,sensitivity_looser,spine,4290,4620,7.917618917197319,1.2781915051546249,1.1994020767654165,False
/home/duanyuhan/dyh/motion/MotionRe/base_mobileposer/data/raw/DIP_IMU/s_07/02.pkl,s_07,sensitivity_looser,hip_knee,4290,4800,13.373780833638957,1.5000940783545085,15.230445420727262,False
/home/duanyuhan/dyh/motion/MotionRe/base_mobileposer/data/raw/DIP_IMU/s_07/02.pkl,s_07,sensitivity_looser,spine,4290,4800,13.373780833638957,1.5000940783545085,2.2840306797044234,False
/home/duanyuhan/dyh/motion/MotionRe/base_mobileposer/data/raw/DIP_IMU/s_07/02.pkl,s_07,sensitivity_looser,hip_knee,4290,5460,18.496978215426058,1.5110331026863257,10.742052590554822,False
/home/duanyuhan/dyh/motion/MotionRe/base_mobileposer/data/raw/DIP_IMU/s_07/02.pkl,s_07,sensitivity_looser,spine,4290,5460,18.496978215426058,1.5110331026863257,1.8534077269299363,False
/home/duanyuhan/dyh/motion/MotionRe/base_mobileposer/data/raw/DIP_IMU/s_07/02.pkl,s_07,sensitivity_looser,hip_knee,4290,5580,19.41293878644367,1.3316950092583388,10.900730163582796,False
/home/duanyuhan/dyh/motion/MotionRe/base_mobileposer/data/raw/DIP_IMU/s_07/02.pkl,s_07,sensitivity_looser,spine,4290,5580,19.41293878644367,1.3316950092583388,0.9113636659758243,False
/home/duanyuhan/dyh/motion/MotionRe/base_mobileposer/data/raw/DIP_IMU/s_07/02.pkl,s_07,sensitivity_looser,hip_knee,4290,5790,18.258887895573313,1.232880583877801,10.343633986724289,False
/home/duanyuhan/dyh/motion/MotionRe/base_mobileposer/data/raw/DIP_IMU/s_07/02.pkl,s_07,sensitivity_looser,spine,4290,5790,18.258887895573313,1.232880583877801,2.167626750127113,False
/home/duanyuhan/dyh/motion/MotionRe/base_mobileposer/data/raw/DIP_IMU/s_07/02.pkl,s_07,sensitivity_looser,hip_knee,4290,5910,17.7095438865856,1.0888087127501838,10.761188987529723,False
/home/duanyuhan/dyh/motion/MotionRe/base_mobileposer/data/raw/DIP_IMU/s_07/02.pkl,s_07,sensitivity_looser,spine,4290,5910,17.7095438865856,1.0888087127501838,2.7505694148891693,False
/home/duanyuhan/dyh/motion/MotionRe/base_mobileposer/data/raw/DIP_IMU/s_07/02.pkl,s_07,sensitivity_looser,hip_knee,4290,6060,18.789665038523097,1.9959520767879264,11.03021543981983,False
/home/duanyuhan/dyh/motion/MotionRe/base_mobileposer/data/raw/DIP_IMU/s_07/02.pkl,s_07,sensitivity_looser,spine,4290,6060,18.789665038523097,1.9959520767879264,0.8661739548237323,False
/home/duanyuhan/dyh/motion/MotionRe/base_mobileposer/data/raw/DIP_IMU/s_07/02.pkl,s_07,sensitivity_looser,hip_knee,4290,6210,17.4646549715725,1.9062090738102884,10.856507715226375,False
/home/duanyuhan/dyh/motion/MotionRe/base_mobileposer/data/raw/DIP_IMU/s_07/02.pkl,s_07,sensitivity_looser,spine,4290,6210,17.4646549715725,1.9062090738102884,0.6859306473627371,False
/home/duanyuhan/dyh/motion/MotionRe/base_mobileposer/data/raw/DIP_IMU/s_07/02.pkl,s_07,sensitivity_looser,hip_knee,4290,6360,18.545384721939666,1.9337785805124068,10.3900063444273,False
/home/duanyuhan/dyh/motion/MotionRe/base_mobileposer/data/raw/DIP_IMU/s_07/02.pkl,s_07,sensitivity_looser,spine,4290,6360,18.545384721939666,1.9337785805124068,1.3992798667507602,False
/home/duanyuhan/dyh/motion/MotionRe/base_mobileposer/data/raw/DIP_IMU/s_07/02.pkl,s_07,sensitivity_looser,hip_knee,4290,6510,19.248992176625453,1.30116964718643,10.617873507804735,False
/home/duanyuhan/dyh/motion/MotionRe/base_mobileposer/data/raw/DIP_IMU/s_07/02.pkl,s_07,sensitivity_looser,spine,4290,6510,19.248992176625453,1.30116964718643,1.0924929770980474,False
/home/duanyuhan/dyh/motion/MotionRe/base_mobileposer/data/raw/DIP_IMU/s_07/02.pkl,s_07,sensitivity_looser,hip_knee,4320,4650,9.00385630929108,1.0119938600506708,1.3868898237667744,False
/home/duanyuhan/dyh/motion/MotionRe/base_mobileposer/data/raw/DIP_IMU/s_07/02.pkl,s_07,sensitivity_looser,spine,4320,4650,9.00385630929108,1.0119938600506708,1.1319305233811428,False
/home/duanyuhan/dyh/motion/MotionRe/base_mobileposer/data/raw/DIP_IMU/s_07/02.pkl,s_07,sensitivity_looser,hip_knee,4320,5280,18.42528616279984,1.0298963856741814,11.034391298370863,False
/home/duanyuhan/dyh/motion/MotionRe/base_mobileposer/data/raw/DIP_IMU/s_07/02.pkl,s_07,sensitivity_looser,spine,4320,5280,18.42528616279984,1.0298963856741814,0.8418338705149907,False
/home/duanyuhan/dyh/motion/MotionRe/base_mobileposer/data/raw/DIP_IMU/s_07/02.pkl,s_07,sensitivity_looser,hip_knee,4320,5610,19.01797017474266,0.8442518327639567,12.040362820499604,False
/home/duanyuhan/dyh/motion/MotionRe/base_mobileposer/data/raw/DIP_IMU/s_07/02.pkl,s_07,sensitivity_looser,spine,4320,5610,19.01797017474266,0.8442518327639567,1.093001540062771,False
/home/duanyuhan/dyh/motion/MotionRe/base_mobileposer/data/raw/DIP_IMU/s_07/02.pkl,s_07,sensitivity_looser,hip_knee,4320,5940,17.58019163768569,1.2757364773171433,13.284942623690304,False
/home/duanyuhan/dyh/motion/MotionRe/base_mobileposer/data/raw/DIP_IMU/s_07/02.pkl,s_07,sensitivity_looser,spine,4320,5940,17.58019163768569,1.2757364773171433,2.3291123065252566,False
/home/duanyuhan/dyh/motion/MotionRe/base_mobileposer/data/raw/DIP_IMU/s_07/02.pkl,s_07,sensitivity_looser,hip_knee,4320,6090,18.032377435729817,0.9810953623041829,11.224888958049782,False
/home/duanyuhan/dyh/motion/MotionRe/base_mobileposer/data/raw/DIP_IMU/s_07/02.pkl,s_07,sensitivity_looser,spine,4320,6090,18.032377435729817,0.9810953623041829,0.6912085895659449,False
/home/duanyuhan/dyh/motion/MotionRe/base_mobileposer/data/raw/DIP_IMU/s_07/02.pkl,s_07,sensitivity_looser,hip_knee,4320,6390,17.85634111975979,0.9658830783921667,11.88245135977339,False
/home/duanyuhan/dyh/motion/MotionRe/base_mobileposer/data/raw/DIP_IMU/s_07/02.pkl,s_07,sensitivity_looser,spine,4320,6390,17.85634111975979,0.9658830783921667,1.7898497027285778,False
/home/duanyuhan/dyh/motion/MotionRe/base_mobileposer/data/raw/DIP_IMU/s_07/02.pkl,s_07,sensitivity_looser,hip_knee,4410,5700,18.926205943239392,1.8231106154619268,10.249966120588248,False
/home/duanyuhan/dyh/motion/MotionRe/base_mobileposer/data/raw/DIP_IMU/s_07/02.pkl,s_07,sensitivity_looser,spine,4410,5700,18.926205943239392,1.8231106154619268,1.6573131471593205,False
/home/duanyuhan/dyh/motion/MotionRe/base_mobileposer/data/raw/DIP_IMU/s_07/02.pkl,s_07,sensitivity_looser,hip_knee,4410,6300,19.095296571743344,1.5296373913998185,13.197364650189236,False
/home/duanyuhan/dyh/motion/MotionRe/base_mobileposer/data/raw/DIP_IMU/s_07/02.pkl,s_07,sensitivity_looser,spine,4410,6300,19.095296571743344,1.5296373913998185,1.026649121237318,False
/home/duanyuhan/dyh/motion/MotionRe/base_mobileposer/data/raw/DIP_IMU/s_07/02.pkl,s_07,sensitivity_looser,hip_knee,4410,6450,19.987348700707006,0.9394471364651703,14.551383802362569,False
/home/duanyuhan/dyh/motion/MotionRe/base_mobileposer/data/raw/DIP_IMU/s_07/02.pkl,s_07,sensitivity_looser,spine,4410,6450,19.987348700707006,0.9394471364651703,1.0794244739324326,False
/home/duanyuhan/dyh/motion/MotionRe/base_mobileposer/data/raw/DIP_IMU/s_07/02.pkl,s_07,sensitivity_looser,hip_knee,4410,6600,18.128100952459803,1.5786711751544558,9.402001324545697,False
/home/duanyuhan/dyh/motion/MotionRe/base_mobileposer/data/raw/DIP_IMU/s_07/02.pkl,s_07,sensitivity_looser,spine,4410,6600,18.128100952459803,1.5786711751544558,2.053127260699583,False
/home/duanyuhan/dyh/motion/MotionRe/base_mobileposer/data/raw/DIP_IMU/s_07/02.pkl,s_07,sensitivity_looser,hip_knee,4440,5400,18.88568472666637,1.7906564255312696,13.495922788270938,False
/home/duanyuhan/dyh/motion/MotionRe/base_mobileposer/data/raw/DIP_IMU/s_07/02.pkl,s_07,sensitivity_looser,spine,4440,5400,18.88568472666637,1.7906564255312696,1.656957973613214,False
/home/duanyuhan/dyh/motion/MotionRe/base_mobileposer/data/raw/DIP_IMU/s_07/02.pkl,s_07,sensitivity_looser,hip_knee,4440,5730,19.71514625222072,0.9391798480172481,16.951583116884752,False
/home/duanyuhan/dyh/motion/MotionRe/base_mobileposer/data/raw/DIP_IMU/s_07/02.pkl,s_07,sensitivity_looser,spine,4440,5730,19.71514625222072,0.9391798480172481,2.074326026881052,False
/home/duanyuhan/dyh/motion/MotionRe/base_mobileposer/data/raw/DIP_IMU/s_07/02.pkl,s_07,sensitivity_looser,hip_knee,4440,6120,18.617433864546584,1.241249352459619,11.249303661538521,False
/home/duanyuhan/dyh/motion/MotionRe/base_mobileposer/data/raw/DIP_IMU/s_07/02.pkl,s_07,sensitivity_looser,spine,4440,6120,18.617433864546584,1.241249352459619,1.094494194554245,False
/home/duanyuhan/dyh/motion/MotionRe/base_mobileposer/data/raw/DIP_IMU/s_07/02.pkl,s_07,sensitivity_looser,hip_knee,4470,4800,14.810423431248445,1.1065860170265802,4.133146267175573,False
/home/duanyuhan/dyh/motion/MotionRe/base_mobileposer/data/raw/DIP_IMU/s_07/02.pkl,s_07,sensitivity_looser,spine,4470,4800,14.810423431248445,1.1065860170265802,3.282019035199784,False
/home/duanyuhan/dyh/motion/MotionRe/base_mobileposer/data/raw/DIP_IMU/s_07/02.pkl,s_07,sensitivity_looser,hip_knee,4470,5430,19.127078907156438,1.0997074246933018,11.399511327479217,False
/home/duanyuhan/dyh/motion/MotionRe/base_mobileposer/data/raw/DIP_IMU/s_07/02.pkl,s_07,sensitivity_looser,spine,4470,5430,19.127078907156438,1.0997074246933018,2.963541330621934,False
/home/duanyuhan/dyh/motion/MotionRe/base_mobileposer/data/raw/DIP_IMU/s_07/02.pkl,s_07,sensitivity_looser,hip_knee,4470,5760,18.963093125097217,1.3112643707779488,11.456406971201247,False
/home/duanyuhan/dyh/motion/MotionRe/base_mobileposer/data/raw/DIP_IMU/s_07/02.pkl,s_07,sensitivity_looser,spine,4470,5760,18.963093125097217,1.3112643707779488,2.671486702129359,False
/home/duanyuhan/dyh/motion/MotionRe/base_mobileposer/data/raw/DIP_IMU/s_07/02.pkl,s_07,sensitivity_looser,hip_knee,4470,5790,15.577971245808033,1.8890854197223155,14.354024108779754,False
/home/duanyuhan/dyh/motion/MotionRe/base_mobileposer/data/raw/DIP_IMU/s_07/02.pkl,s_07,sensitivity_looser,spine,4470,5790,15.577971245808033,1.8890854197223155,3.078324687631598,False
/home/duanyuhan/dyh/motion/MotionRe/base_mobileposer/data/raw/DIP_IMU/s_07/02.pkl,s_07,sensitivity_looser,hip_knee,4470,5910,17.70333469769833,0.6430394765985605,13.367070726821847,False
/home/duanyuhan/dyh/motion/MotionRe/base_mobileposer/data/raw/DIP_IMU/s_07/02.pkl,s_07,sensitivity_looser,spine,4470,5910,17.70333469769833,0.6430394765985605,2.5146017633507953,False
/home/duanyuhan/dyh/motion/MotionRe/base_mobileposer/data/raw/DIP_IMU/s_07/02.pkl,s_07,sensitivity_looser,hip_knee,4500,4830,11.45141101014257,1.968272547616206,13.614783729448149,False
/home/duanyuhan/dyh/motion/MotionRe/base_mobileposer/data/raw/DIP_IMU/s_07/02.pkl,s_07,sensitivity_looser,spine,4500,4830,11.45141101014257,1.968272547616206,3.2812643497303284,False
/home/duanyuhan/dyh/motion/MotionRe/base_mobileposer/data/raw/DIP_IMU/s_07/02.pkl,s_07,sensitivity_looser,hip_knee,4500,5790,15.659150518518196,1.6617172188427574,10.800442281035659,False
/home/duanyuhan/dyh/motion/MotionRe/base_mobileposer/data/raw/DIP_IMU/s_07/02.pkl,s_07,sensitivity_looser,spine,4500,5790,15.659150518518196,1.6617172188427574,2.816025421900114,False
/home/duanyuhan/dyh/motion/MotionRe/base_mobileposer/data/raw/DIP_IMU/s_07/02.pkl,s_07,sensitivity_looser,hip_knee,4500,6210,16.46813648505492,1.5143363517300752,14.062795565111001,False
/home/duanyuhan/dyh/motion/MotionRe/base_mobileposer/data/raw/DIP_IMU/s_07/02.pkl,s_07,sensitivity_looser,spine,4500,6210,16.46813648505492,1.5143363517300752,4.21012435755645,False
/home/duanyuhan/dyh/motion/MotionRe/base_mobileposer/data/raw/DIP_IMU/s_07/02.pkl,s_07,sensitivity_looser,hip_knee,4500,6360,18.360287819320547,1.0822480585061345,10.878615223993584,False
/home/duanyuhan/dyh/motion/MotionRe/base_mobileposer/data/raw/DIP_IMU/s_07/02.pkl,s_07,sensitivity_looser,spine,4500,6360,18.360287819320547,1.0822480585061345,5.216148367637736,False
/home/duanyuhan/dyh/motion/MotionRe/base_mobileposer/data/raw/DIP_IMU/s_07/02.pkl,s_07,sensitivity_looser,hip_knee,4500,6510,16.917019191259325,1.681026534969472,10.71907866714349,False
/home/duanyuhan/dyh/motion/MotionRe/base_mobileposer/data/raw/DIP_IMU/s_07/02.pkl,s_07,sensitivity_looser,spine,4500,6510,16.917019191259325,1.681026534969472,4.377981992945617,False
/home/duanyuhan/dyh/motion/MotionRe/base_mobileposer/data/raw/DIP_IMU/s_07/02.pkl,s_07,sensitivity_looser,hip_knee,4530,6330,18.050581431127256,1.9144127985829993,10.334910805634257,False
/home/duanyuhan/dyh/motion/MotionRe/base_mobileposer/data/raw/DIP_IMU/s_07/02.pkl,s_07,sensitivity_looser,spine,4530,6330,18.050581431127256,1.9144127985829993,2.9840760494997354,False
/home/duanyuhan/dyh/motion/MotionRe/base_mobileposer/data/raw/DIP_IMU/s_07/02.pkl,s_07,sensitivity_looser,hip_knee,4560,5520,18.883893870858113,1.8706183628765884,10.51066175391672,False
/home/duanyuhan/dyh/motion/MotionRe/base_mobileposer/data/raw/DIP_IMU/s_07/02.pkl,s_07,sensitivity_looser,spine,4560,5520,18.883893870858113,1.8706183628765884,1.1442739213953845,False
/home/duanyuhan/dyh/motion/MotionRe/base_mobileposer/data/raw/DIP_IMU/s_07/02.pkl,s_07,sensitivity_looser,hip_knee,4590,5490,18.433816882014696,1.8037354894309376,19.31242041928067,False
/home/duanyuhan/dyh/motion/MotionRe/base_mobileposer/data/raw/DIP_IMU/s_07/02.pkl,s_07,sensitivity_looser,spine,4590,5490,18.433816882014696,1.8037354894309376,1.3069633521554627,False
/home/duanyuhan/dyh/motion/MotionRe/base_mobileposer/data/raw/DIP_IMU/s_07/02.pkl,s_07,sensitivity_looser,hip_knee,4590,6330,19.345816346351633,1.2577866425713753,15.651632671212454,False
/home/duanyuhan/dyh/motion/MotionRe/base_mobileposer/data/raw/DIP_IMU/s_07/02.pkl,s_07,sensitivity_looser,spine,4590,6330,19.345816346351633,1.2577866425713753,0.6347120319497958,False
/home/duanyuhan/dyh/motion/MotionRe/base_mobileposer/data/raw/DIP_IMU/s_07/02.pkl,s_07,sensitivity_looser,hip_knee,4620,5460,19.911819391195156,1.216544442660249,13.47893659868748,False
/home/duanyuhan/dyh/motion/MotionRe/base_mobileposer/data/raw/DIP_IMU/s_07/02.pkl,s_07,sensitivity_looser,spine,4620,5460,19.911819391195156,1.216544442660249,2.5902082761169782,False
/home/duanyuhan/dyh/motion/MotionRe/base_mobileposer/data/raw/DIP_IMU/s_07/02.pkl,s_07,sensitivity_looser,hip_knee,4620,5790,19.42815444208746,1.3661495901703136,12.474594811889038,False
/home/duanyuhan/dyh/motion/MotionRe/base_mobileposer/data/raw/DIP_IMU/s_07/02.pkl,s_07,sensitivity_looser,spine,4620,5790,19.42815444208746,1.3661495901703136,2.8506532547055534,False
/home/duanyuhan/dyh/motion/MotionRe/base_mobileposer/data/raw/DIP_IMU/s_07/02.pkl,s_07,sensitivity_looser,hip_knee,4620,5910,18.94034804999046,1.788166851492773,13.27457375241296,False
/home/duanyuhan/dyh/motion/MotionRe/base_mobileposer/data/raw/DIP_IMU/s_07/02.pkl,s_07,sensitivity_looser,spine,4620,5910,18.94034804999046,1.788166851492773,3.427710166230638,False
/home/duanyuhan/dyh/motion/MotionRe/base_mobileposer/data/raw/DIP_IMU/s_07/02.pkl,s_07,sensitivity_looser,hip_knee,4620,6060,17.34744441895825,1.7088981280089524,9.737206471428932,False
/home/duanyuhan/dyh/motion/MotionRe/base_mobileposer/data/raw/DIP_IMU/s_07/02.pkl,s_07,sensitivity_looser,spine,4620,6060,17.34744441895825,1.7088981280089524,1.5327428426049332,False
/home/duanyuhan/dyh/motion/MotionRe/base_mobileposer/data/raw/DIP_IMU/s_07/02.pkl,s_07,sensitivity_looser,hip_knee,4620,6210,18.484132020964616,1.0945644348498977,10.026106537009575,False
/home/duanyuhan/dyh/motion/MotionRe/base_mobileposer/data/raw/DIP_IMU/s_07/02.pkl,s_07,sensitivity_looser,spine,4620,6210,18.484132020964616,1.0945644348498977,1.3483315309411177,False
/home/duanyuhan/dyh/motion/MotionRe/base_mobileposer/data/raw/DIP_IMU/s_07/02.pkl,s_07,sensitivity_looser,hip_knee,4620,6360,19.86631392883031,0.8669960839743164,12.668732947043953,False
/home/duanyuhan/dyh/motion/MotionRe/base_mobileposer/data/raw/DIP_IMU/s_07/02.pkl,s_07,sensitivity_looser,spine,4620,6360,19.86631392883031,0.8669960839743164,2.044773671439796,False
/home/duanyuhan/dyh/motion/MotionRe/base_mobileposer/data/raw/DIP_IMU/s_07/02.pkl,s_07,sensitivity_looser,hip_knee,4650,5940,19.026716201350503,1.60625478710478,13.591337321453517,False
/home/duanyuhan/dyh/motion/MotionRe/base_mobileposer/data/raw/DIP_IMU/s_07/02.pkl,s_07,sensitivity_looser,spine,4650,5940,19.026716201350503,1.60625478710478,1.4737172096010125,False
/home/duanyuhan/dyh/motion/MotionRe/base_mobileposer/data/raw/DIP_IMU/s_07/02.pkl,s_07,sensitivity_looser,hip_knee,4650,6090,19.79184568660845,1.4932329215682907,11.364643928035932,False
/home/duanyuhan/dyh/motion/MotionRe/base_mobileposer/data/raw/DIP_IMU/s_07/02.pkl,s_07,sensitivity_looser,spine,4650,6090,19.79184568660845,1.4932329215682907,1.28526181625035,False
/home/duanyuhan/dyh/motion/MotionRe/base_mobileposer/data/raw/DIP_IMU/s_07/02.pkl,s_07,sensitivity_looser,hip_knee,4650,6390,19.71493357851588,1.1566701801416293,12.097937862563057,False
/home/duanyuhan/dyh/motion/MotionRe/base_mobileposer/data/raw/DIP_IMU/s_07/02.pkl,s_07,sensitivity_looser,spine,4650,6390,19.71493357851588,1.1566701801416293,1.9403660657915411,False
/home/duanyuhan/dyh/motion/MotionRe/base_mobileposer/data/raw/DIP_IMU/s_07/02.pkl,s_07,sensitivity_looser,hip_knee,4740,5520,18.880036886649066,1.5976669069097198,9.536471077498824,False
/home/duanyuhan/dyh/motion/MotionRe/base_mobileposer/data/raw/DIP_IMU/s_07/02.pkl,s_07,sensitivity_looser,spine,4740,5520,18.880036886649066,1.5976669069097198,1.4895475541724525,False
/home/duanyuhan/dyh/motion/MotionRe/base_mobileposer/data/raw/DIP_IMU/s_07/02.pkl,s_07,sensitivity_looser,hip_knee,4740,5700,19.55556045355407,1.322255794935564,9.88024325672642,False
/home/duanyuhan/dyh/motion/MotionRe/base_mobileposer/data/raw/DIP_IMU/s_07/02.pkl,s_07,sensitivity_looser,spine,4740,5700,19.55556045355407,1.322255794935564,0.5546609790203627,False
/home/duanyuhan/dyh/motion/MotionRe/base_mobileposer/data/raw/DIP_IMU/s_07/02.pkl,s_07,sensitivity_looser,hip_knee,4740,6030,19.163874424950503,1.2333412085992401,13.551024304499137,False
/home/duanyuhan/dyh/motion/MotionRe/base_mobileposer/data/raw/DIP_IMU/s_07/02.pkl,s_07,sensitivity_looser,spine,4740,6030,19.163874424950503,1.2333412085992401,1.5375538175876748,False
/home/duanyuhan/dyh/motion/MotionRe/base_mobileposer/data/raw/DIP_IMU/s_07/02.pkl,s_07,sensitivity_looser,hip_knee,4770,5880,19.205217687947496,1.5671570707550202,24.498397844964696,True
/home/duanyuhan/dyh/motion/MotionRe/base_mobileposer/data/raw/DIP_IMU/s_07/02.pkl,s_07,sensitivity_looser,spine,4770,5880,19.205217687947496,1.5671570707550202,1.5981145438110687,False
/home/duanyuhan/dyh/motion/MotionRe/base_mobileposer/data/raw/DIP_IMU/s_07/02.pkl,s_07,sensitivity_looser,hip_knee,4770,6270,18.873834118835966,1.5427459680201785,12.175015689879775,False
/home/duanyuhan/dyh/motion/MotionRe/base_mobileposer/data/raw/DIP_IMU/s_07/02.pkl,s_07,sensitivity_looser,spine,4770,6270,18.873834118835966,1.5427459680201785,1.5900094389960486,False
/home/duanyuhan/dyh/motion/MotionRe/base_mobileposer/data/raw/DIP_IMU/s_07/02.pkl,s_07,sensitivity_looser,hip_knee,4770,6420,17.915157959375264,1.986594529516464,12.627721930011464,False
/home/duanyuhan/dyh/motion/MotionRe/base_mobileposer/data/raw/DIP_IMU/s_07/02.pkl,s_07,sensitivity_looser,spine,4770,6420,17.915157959375264,1.986594529516464,0.7667585843932015,False
/home/duanyuhan/dyh/motion/MotionRe/base_mobileposer/data/raw/DIP_IMU/s_07/02.pkl,s_07,sensitivity_looser,hip_knee,4800,5460,17.95795386760007,1.8408380600985796,15.79992080815428,False
/home/duanyuhan/dyh/motion/MotionRe/base_mobileposer/data/raw/DIP_IMU/s_07/02.pkl,s_07,sensitivity_looser,spine,4800,5460,17.95795386760007,1.8408380600985796,1.207307375085182,False
/home/duanyuhan/dyh/motion/MotionRe/base_mobileposer/data/raw/DIP_IMU/s_07/02.pkl,s_07,sensitivity_looser,hip_knee,4800,5580,17.7454079765298,1.5492787191769368,16.669527872479353,False
/home/duanyuhan/dyh/motion/MotionRe/base_mobileposer/data/raw/DIP_IMU/s_07/02.pkl,s_07,sensitivity_looser,spine,4800,5580,17.7454079765298,1.5492787191769368,1.7438623931953412,False
/home/duanyuhan/dyh/motion/MotionRe/base_mobileposer/data/raw/DIP_IMU/s_07/02.pkl,s_07,sensitivity_looser,hip_knee,4800,5790,17.92527618575967,1.7785665094842376,16.78569728904256,False
/home/duanyuhan/dyh/motion/MotionRe/base_mobileposer/data/raw/DIP_IMU/s_07/02.pkl,s_07,sensitivity_looser,spine,4800,5790,17.92527618575967,1.7785665094842376,1.2560855518957117,False
/home/duanyuhan/dyh/motion/MotionRe/base_mobileposer/data/raw/DIP_IMU/s_07/02.pkl,s_07,sensitivity_looser,hip_knee,4800,5910,17.293340380037908,1.5244436552189575,15.607755253666415,False
/home/duanyuhan/dyh/motion/MotionRe/base_mobileposer/data/raw/DIP_IMU/s_07/02.pkl,s_07,sensitivity_looser,spine,4800,5910,17.293340380037908,1.5244436552189575,1.8985032983666918,False
/home/duanyuhan/dyh/motion/MotionRe/base_mobileposer/data/raw/DIP_IMU/s_07/02.pkl,s_07,sensitivity_looser,hip_knee,4800,6510,19.12868142905608,1.7120205374515898,16.912907602449497,False
/home/duanyuhan/dyh/motion/MotionRe/base_mobileposer/data/raw/DIP_IMU/s_07/02.pkl,s_07,sensitivity_looser,spine,4800,6510,19.12868142905608,1.7120205374515898,1.965302378290857,False
/home/duanyuhan/dyh/motion/MotionRe/base_mobileposer/data/raw/DIP_IMU/s_07/02.pkl,s_07,sensitivity_looser,hip_knee,5100,5430,11.209993047587131,1.3692638688951093,7.0567963553908495,False
/home/duanyuhan/dyh/motion/MotionRe/base_mobileposer/data/raw/DIP_IMU/s_07/02.pkl,s_07,sensitivity_looser,spine,5100,5430,11.209993047587131,1.3692638688951093,1.2430650887374683,False
/home/duanyuhan/dyh/motion/MotionRe/base_mobileposer/data/raw/DIP_IMU/s_07/02.pkl,s_07,sensitivity_looser,hip_knee,5100,5760,12.961722804395233,1.5161379952407015,8.48244166184927,False
/home/duanyuhan/dyh/motion/MotionRe/base_mobileposer/data/raw/DIP_IMU/s_07/02.pkl,s_07,sensitivity_looser,spine,5100,5760,12.961722804395233,1.5161379952407015,1.4649411242689248,False
/home/duanyuhan/dyh/motion/MotionRe/base_mobileposer/data/raw/DIP_IMU/s_07/02.pkl,s_07,sensitivity_looser,hip_knee,5100,5790,17.401936739021735,1.6550334725980023,4.8873276309565945,False
/home/duanyuhan/dyh/motion/MotionRe/base_mobileposer/data/raw/DIP_IMU/s_07/02.pkl,s_07,sensitivity_looser,spine,5100,5790,17.401936739021735,1.6550334725980023,1.5337248090319662,False
/home/duanyuhan/dyh/motion/MotionRe/base_mobileposer/data/raw/DIP_IMU/s_07/02.pkl,s_07,sensitivity_looser,hip_knee,5100,5910,17.478040587387454,1.8855391347060093,3.692118589975872,False
/home/duanyuhan/dyh/motion/MotionRe/base_mobileposer/data/raw/DIP_IMU/s_07/02.pkl,s_07,sensitivity_looser,spine,5100,5910,17.478040587387454,1.8855391347060093,2.1228806080793907,False
/home/duanyuhan/dyh/motion/MotionRe/base_mobileposer/data/raw/DIP_IMU/s_07/02.pkl,s_07,sensitivity_looser,hip_knee,5100,5940,14.97403737137602,1.874741203680681,5.640160176905157,False
/home/duanyuhan/dyh/motion/MotionRe/base_mobileposer/data/raw/DIP_IMU/s_07/02.pkl,s_07,sensitivity_looser,spine,5100,5940,14.97403737137602,1.874741203680681,2.2128709166638862,False
/home/duanyuhan/dyh/motion/MotionRe/base_mobileposer/data/raw/DIP_IMU/s_07/02.pkl,s_07,sensitivity_looser,hip_knee,5100,6360,13.924207624674514,1.2254371039236216,4.559612985131511,False
/home/duanyuhan/dyh/motion/MotionRe/base_mobileposer/data/raw/DIP_IMU/s_07/02.pkl,s_07,sensitivity_looser,spine,5100,6360,13.924207624674514,1.2254371039236216,2.586214915395888,False
/home/duanyuhan/dyh/motion/MotionRe/base_mobileposer/data/raw/DIP_IMU/s_07/02.pkl,s_07,sensitivity_looser,hip_knee,5100,6510,18.959671757306623,1.49265963449717,4.890251487959509,False
/home/duanyuhan/dyh/motion/MotionRe/base_mobileposer/data/raw/DIP_IMU/s_07/02.pkl,s_07,sensitivity_looser,spine,5100,6510,18.959671757306623,1.49265963449717,1.5256694185168749,False
/home/duanyuhan/dyh/motion/MotionRe/base_mobileposer/data/raw/DIP_IMU/s_07/02.pkl,s_07,sensitivity_looser,hip_knee,5220,5520,11.292510143999674,1.7750091588794215,4.740874849011858,False
/home/duanyuhan/dyh/motion/MotionRe/base_mobileposer/data/raw/DIP_IMU/s_07/02.pkl,s_07,sensitivity_looser,spine,5220,5520,11.292510143999674,1.7750091588794215,1.4011229519469275,False
/home/duanyuhan/dyh/motion/MotionRe/base_mobileposer/data/raw/DIP_IMU/s_07/02.pkl,s_07,sensitivity_looser,hip_knee,5220,5700,7.800437066647223,1.5429902147228949,4.09696605374212,False
/home/duanyuhan/dyh/motion/MotionRe/base_mobileposer/data/raw/DIP_IMU/s_07/02.pkl,s_07,sensitivity_looser,spine,5220,5700,7.800437066647223,1.5429902147228949,1.0219385048160456,False
/home/duanyuhan/dyh/motion/MotionRe/base_mobileposer/data/raw/DIP_IMU/s_07/02.pkl,s_07,sensitivity_looser,hip_knee,5220,6030,12.897574350534054,1.843723412327329,6.5489958538633015,False
/home/duanyuhan/dyh/motion/MotionRe/base_mobileposer/data/raw/DIP_IMU/s_07/02.pkl,s_07,sensitivity_looser,spine,5220,6030,12.897574350534054,1.843723412327329,1.430833095593729,False
/home/duanyuhan/dyh/motion/MotionRe/base_mobileposer/data/raw/DIP_IMU/s_07/02.pkl,s_07,sensitivity_looser,hip_knee,5220,6180,10.808177182178182,1.65682778102077,7.562809232503695,False
/home/duanyuhan/dyh/motion/MotionRe/base_mobileposer/data/raw/DIP_IMU/s_07/02.pkl,s_07,sensitivity_looser,spine,5220,6180,10.808177182178182,1.65682778102077,0.5717859019487255,False
/home/duanyuhan/dyh/motion/MotionRe/base_mobileposer/data/raw/DIP_IMU/s_07/02.pkl,s_07,sensitivity_looser,hip_knee,5280,5610,11.14505026829633,0.8120215541477239,2.9528806904046077,False
/home/duanyuhan/dyh/motion/MotionRe/base_mobileposer/data/raw/DIP_IMU/s_07/02.pkl,s_07,sensitivity_looser,spine,5280,5610,11.14505026829633,0.8120215541477239,0.7080214273148043,False
/home/duanyuhan/dyh/motion/MotionRe/base_mobileposer/data/raw/DIP_IMU/s_07/02.pkl,s_07,sensitivity_looser,hip_knee,5280,5760,13.280863501642685,1.7565561379926622,1.581368023197606,False
/home/duanyuhan/dyh/motion/MotionRe/base_mobileposer/data/raw/DIP_IMU/s_07/02.pkl,s_07,sensitivity_looser,spine,5280,5760,13.280863501642685,1.7565561379926622,0.5117457682792675,False
/home/duanyuhan/dyh/motion/MotionRe/base_mobileposer/data/raw/DIP_IMU/s_07/02.pkl,s_07,sensitivity_looser,hip_knee,5280,5940,17.61730387781234,1.1766619405556678,4.046891564064072,False
/home/duanyuhan/dyh/motion/MotionRe/base_mobileposer/data/raw/DIP_IMU/s_07/02.pkl,s_07,sensitivity_looser,spine,5280,5940,17.61730387781234,1.1766619405556678,1.9109404119879654,False
/home/duanyuhan/dyh/motion/MotionRe/base_mobileposer/data/raw/DIP_IMU/s_07/02.pkl,s_07,sensitivity_looser,hip_knee,5280,6090,13.963745110413607,1.246822771320425,1.9247759925265249,False
/home/duanyuhan/dyh/motion/MotionRe/base_mobileposer/data/raw/DIP_IMU/s_07/02.pkl,s_07,sensitivity_looser,spine,5280,6090,13.963745110413607,1.246822771320425,0.6361349695978993,False
/home/duanyuhan/dyh/motion/MotionRe/base_mobileposer/data/raw/DIP_IMU/s_07/02.pkl,s_07,sensitivity_looser,hip_knee,5280,6390,10.047088412751755,0.8354251513733241,1.6817727594526037,False
/home/duanyuhan/dyh/motion/MotionRe/base_mobileposer/data/raw/DIP_IMU/s_07/02.pkl,s_07,sensitivity_looser,spine,5280,6390,10.047088412751755,0.8354251513733241,1.5745331852182074,False
/home/duanyuhan/dyh/motion/MotionRe/base_mobileposer/data/raw/DIP_IMU/s_07/02.pkl,s_07,sensitivity_looser,hip_knee,5310,5640,13.846616579437075,1.8544613390992648,3.6904760257214426,False
/home/duanyuhan/dyh/motion/MotionRe/base_mobileposer/data/raw/DIP_IMU/s_07/02.pkl,s_07,sensitivity_looser,spine,5310,5640,13.846616579437075,1.8544613390992648,1.0189938650399661,False
/home/duanyuhan/dyh/motion/MotionRe/base_mobileposer/data/raw/DIP_IMU/s_07/02.pkl,s_07,sensitivity_looser,hip_knee,5310,6510,18.79688388028656,1.5708120108384402,18.735594234965507,False
/home/duanyuhan/dyh/motion/MotionRe/base_mobileposer/data/raw/DIP_IMU/s_07/02.pkl,s_07,sensitivity_looser,spine,5310,6510,18.79688388028656,1.5708120108384402,1.9361119428256774,False
/home/duanyuhan/dyh/motion/MotionRe/base_mobileposer/data/raw/DIP_IMU/s_07/02.pkl,s_07,sensitivity_looser,hip_knee,5340,5670,15.983364967338368,1.9725331485334672,2.9067345965540126,False
/home/duanyuhan/dyh/motion/MotionRe/base_mobileposer/data/raw/DIP_IMU/s_07/02.pkl,s_07,sensitivity_looser,spine,5340,5670,15.983364967338368,1.9725331485334672,1.2111081373001087,False
/home/duanyuhan/dyh/motion/MotionRe/base_mobileposer/data/raw/DIP_IMU/s_07/02.pkl,s_07,sensitivity_looser,hip_knee,5340,5700,16.463562389710958,1.635861716138422,5.6938891670809975,False
/home/duanyuhan/dyh/motion/MotionRe/base_mobileposer/data/raw/DIP_IMU/s_07/02.pkl,s_07,sensitivity_looser,spine,5340,5700,16.463562389710958,1.635861716138422,1.8520691304135644,False
/home/duanyuhan/dyh/motion/MotionRe/base_mobileposer/data/raw/DIP_IMU/s_07/02.pkl,s_07,sensitivity_looser,hip_knee,5340,6180,18.61616033046465,1.941756087133262,4.351608318341859,False
/home/duanyuhan/dyh/motion/MotionRe/base_mobileposer/data/raw/DIP_IMU/s_07/02.pkl,s_07,sensitivity_looser,spine,5340,6180,18.61616033046465,1.941756087133262,1.5214565774738373,False
/home/duanyuhan/dyh/motion/MotionRe/base_mobileposer/data/raw/DIP_IMU/s_07/02.pkl,s_07,sensitivity_looser,hip_knee,5370,5700,4.925339851349211,0.6877609159627648,1.8758381172089595,False
/home/duanyuhan/dyh/motion/MotionRe/base_mobileposer/data/raw/DIP_IMU/s_07/02.pkl,s_07,sensitivity_looser,spine,5370,5700,4.925339851349211,0.6877609159627648,0.8958160225489404,False
/home/duanyuhan/dyh/motion/MotionRe/base_mobileposer/data/raw/DIP_IMU/s_07/02.pkl,s_07,sensitivity_looser,hip_knee,5370,6030,17.89915419950984,0.7832460698669914,7.3761557348125235,False
/home/duanyuhan/dyh/motion/MotionRe/base_mobileposer/data/raw/DIP_IMU/s_07/02.pkl,s_07,sensitivity_looser,spine,5370,6030,17.89915419950984,0.7832460698669914,1.4154112658694658,False
/home/duanyuhan/dyh/motion/MotionRe/base_mobileposer/data/raw/DIP_IMU/s_07/02.pkl,s_07,sensitivity_looser,hip_knee,5370,6180,14.677226897268127,1.498953484028552,8.544969499592105,False
/home/duanyuhan/dyh/motion/MotionRe/base_mobileposer/data/raw/DIP_IMU/s_07/02.pkl,s_07,sensitivity_looser,spine,5370,6180,14.677226897268127,1.498953484028552,0.8460210742722034,False
/home/duanyuhan/dyh/motion/MotionRe/base_mobileposer/data/raw/DIP_IMU/s_07/02.pkl,s_07,sensitivity_looser,hip_knee,5400,5880,17.672275997394404,1.733363938030199,22.74328694677792,True
/home/duanyuhan/dyh/motion/MotionRe/base_mobileposer/data/raw/DIP_IMU/s_07/02.pkl,s_07,sensitivity_looser,spine,5400,5880,17.672275997394404,1.733363938030199,0.7612751686845839,False
/home/duanyuhan/dyh/motion/MotionRe/base_mobileposer/data/raw/DIP_IMU/s_07/02.pkl,s_07,sensitivity_looser,hip_knee,5400,6060,15.888412621824783,1.8753850922083062,13.614036065152881,False
/home/duanyuhan/dyh/motion/MotionRe/base_mobileposer/data/raw/DIP_IMU/s_07/02.pkl,s_07,sensitivity_looser,spine,5400,6060,15.888412621824783,1.8753850922083062,1.5123435148582276,False
/home/duanyuhan/dyh/motion/MotionRe/base_mobileposer/data/raw/DIP_IMU/s_07/02.pkl,s_07,sensitivity_looser,hip_knee,5430,5760,7.643069334627312,0.8530058824265943,1.971112144821542,False
/home/duanyuhan/dyh/motion/MotionRe/base_mobileposer/data/raw/DIP_IMU/s_07/02.pkl,s_07,sensitivity_looser,spine,5430,5760,7.643069334627312,0.8530058824265943,0.46800158034177963,False
/home/duanyuhan/dyh/motion/MotionRe/base_mobileposer/data/raw/DIP_IMU/s_07/02.pkl,s_07,sensitivity_looser,hip_knee,5430,5910,13.501474555983354,1.4769477945460756,10.049011024260038,False
/home/duanyuhan/dyh/motion/MotionRe/base_mobileposer/data/raw/DIP_IMU/s_07/02.pkl,s_07,sensitivity_looser,spine,5430,5910,13.501474555983354,1.4769477945460756,1.160746453779306,False
/home/duanyuhan/dyh/motion/MotionRe/base_mobileposer/data/raw/DIP_IMU/s_07/02.pkl,s_07,sensitivity_looser,hip_knee,5430,5940,9.280560275103829,1.5727651115830685,1.8390986780143173,False
/home/duanyuhan/dyh/motion/MotionRe/base_mobileposer/data/raw/DIP_IMU/s_07/02.pkl,s_07,sensitivity_looser,spine,5430,5940,9.280560275103829,1.5727651115830685,1.7169508492487395,False
/home/duanyuhan/dyh/motion/MotionRe/base_mobileposer/data/raw/DIP_IMU/s_07/02.pkl,s_07,sensitivity_looser,hip_knee,5460,5790,9.067381896208989,1.2131059287932056,1.8113844461341242,False
/home/duanyuhan/dyh/motion/MotionRe/base_mobileposer/data/raw/DIP_IMU/s_07/02.pkl,s_07,sensitivity_looser,spine,5460,5790,9.067381896208989,1.2131059287932056,0.4229309207639443,False
/home/duanyuhan/dyh/motion/MotionRe/base_mobileposer/data/raw/DIP_IMU/s_07/02.pkl,s_07,sensitivity_looser,hip_knee,5460,5910,6.7543754432306455,1.8907324069819655,1.3075033117346384,False
/home/duanyuhan/dyh/motion/MotionRe/base_mobileposer/data/raw/DIP_IMU/s_07/02.pkl,s_07,sensitivity_looser,spine,5460,5910,6.7543754432306455,1.8907324069819655,1.2909738856777102,False
/home/duanyuhan/dyh/motion/MotionRe/base_mobileposer/data/raw/DIP_IMU/s_07/02.pkl,s_07,sensitivity_looser,hip_knee,5460,6060,15.633221452353405,0.887175954883925,8.794371079099896,False
/home/duanyuhan/dyh/motion/MotionRe/base_mobileposer/data/raw/DIP_IMU/s_07/02.pkl,s_07,sensitivity_looser,spine,5460,6060,15.633221452353405,0.887175954883925,1.8194351654704846,False
/home/duanyuhan/dyh/motion/MotionRe/base_mobileposer/data/raw/DIP_IMU/s_07/02.pkl,s_07,sensitivity_looser,hip_knee,5460,6210,10.363951509969812,1.3335974232889778,8.147654361006555,False
/home/duanyuhan/dyh/motion/MotionRe/base_mobileposer/data/raw/DIP_IMU/s_07/02.pkl,s_07,sensitivity_looser,spine,5460,6210,10.363951509969812,1.3335974232889778,1.6002454967266315,False
/home/duanyuhan/dyh/motion/MotionRe/base_mobileposer/data/raw/DIP_IMU/s_07/02.pkl,s_07,sensitivity_looser,hip_knee,5460,6360,9.051386517756507,1.5959703540044299,1.476470628219702,False
/home/duanyuhan/dyh/motion/MotionRe/base_mobileposer/data/raw/DIP_IMU/s_07/02.pkl,s_07,sensitivity_looser,spine,5460,6360,9.051386517756507,1.5959703540044299,2.55425449745893,False
/home/duanyuhan/dyh/motion/MotionRe/base_mobileposer/data/raw/DIP_IMU/s_07/02.pkl,s_07,sensitivity_looser,hip_knee,5460,6510,10.672349794693059,1.0660032935781845,2.876572825756421,False
/home/duanyuhan/dyh/motion/MotionRe/base_mobileposer/data/raw/DIP_IMU/s_07/02.pkl,s_07,sensitivity_looser,spine,5460,6510,10.672349794693059,1.0660032935781845,1.5254780008643036,False
/home/duanyuhan/dyh/motion/MotionRe/base_mobileposer/data/raw/DIP_IMU/s_07/02.pkl,s_07,sensitivity_looser,hip_knee,5490,6330,17.04988965770741,1.557069412622876,4.3560749721502905,False
/home/duanyuhan/dyh/motion/MotionRe/base_mobileposer/data/raw/DIP_IMU/s_07/02.pkl,s_07,sensitivity_looser,spine,5490,6330,17.04988965770741,1.557069412622876,1.7912431031289557,False
/home/duanyuhan/dyh/motion/MotionRe/base_mobileposer/data/raw/DIP_IMU/s_07/02.pkl,s_07,sensitivity_looser,hip_knee,5520,6000,8.353502232359213,1.4675241305186364,4.117525960267454,False
/home/duanyuhan/dyh/motion/MotionRe/base_mobileposer/data/raw/DIP_IMU/s_07/02.pkl,s_07,sensitivity_looser,spine,5520,6000,8.353502232359213,1.4675241305186364,1.3359922973996505,False
/home/duanyuhan/dyh/motion/MotionRe/base_mobileposer/data/raw/DIP_IMU/s_07/02.pkl,s_07,sensitivity_looser,hip_knee,5550,5880,13.867460636315919,1.7925534832155048,2.459698494890355,False
/home/duanyuhan/dyh/motion/MotionRe/base_mobileposer/data/raw/DIP_IMU/s_07/02.pkl,s_07,sensitivity_looser,spine,5550,5880,13.867460636315919,1.7925534832155048,1.5730715453997586,False
/home/duanyuhan/dyh/motion/MotionRe/base_mobileposer/data/raw/DIP_IMU/s_07/02.pkl,s_07,sensitivity_looser,hip_knee,5580,5910,6.804399972943534,1.4115379012372147,2.108313055961406,False
/home/duanyuhan/dyh/motion/MotionRe/base_mobileposer/data/raw/DIP_IMU/s_07/02.pkl,s_07,sensitivity_looser,spine,5580,5910,6.804399972943534,1.4115379012372147,2.7617652557386507,False
/home/duanyuhan/dyh/motion/MotionRe/base_mobileposer/data/raw/DIP_IMU/s_07/02.pkl,s_07,sensitivity_looser,hip_knee,5580,6210,15.684441826751419,1.5252063394573747,7.3008136062816735,False
/home/duanyuhan/dyh/motion/MotionRe/base_mobileposer/data/raw/DIP_IMU/s_07/02.pkl,s_07,sensitivity_looser,spine,5580,6210,15.684441826751419,1.5252063394573747,0.8860909229440468,False
/home/duanyuhan/dyh/motion/MotionRe/base_mobileposer/data/raw/DIP_IMU/s_07/02.pkl,s_07,sensitivity_looser,hip_knee,5580,6360,11.634778692819499,1.6838673862496318,2.3244680582665773,False
/home/duanyuhan/dyh/motion/MotionRe/base_mobileposer/data/raw/DIP_IMU/s_07/02.pkl,s_07,sensitivity_looser,spine,5580,6360,11.634778692819499,1.6838673862496318,1.049177621546332,False
/home/duanyuhan/dyh/motion/MotionRe/base_mobileposer/data/raw/DIP_IMU/s_07/02.pkl,s_07,sensitivity_looser,hip_knee,5580,6510,15.315124032765816,1.0064098198690343,4.171969746436278,False
/home/duanyuhan/dyh/motion/MotionRe/base_mobileposer/data/raw/DIP_IMU/s_07/02.pkl,s_07,sensitivity_looser,spine,5580,6510,15.315124032765816,1.0064098198690343,0.5710202998175217,False
/home/duanyuhan/dyh/motion/MotionRe/base_mobileposer/data/raw/DIP_IMU/s_07/02.pkl,s_07,sensitivity_looser,hip_knee,5610,5940,9.146857005903248,1.2357940686778826,4.935039058001527,False
/home/duanyuhan/dyh/motion/MotionRe/base_mobileposer/data/raw/DIP_IMU/s_07/02.pkl,s_07,sensitivity_looser,spine,5610,5940,9.146857005903248,1.2357940686778826,2.311419103483534,False
/home/duanyuhan/dyh/motion/MotionRe/base_mobileposer/data/raw/DIP_IMU/s_07/02.pkl,s_07,sensitivity_looser,hip_knee,5610,6090,7.730843861369969,1.0551347180427002,3.0377501474500836,False
/home/duanyuhan/dyh/motion/MotionRe/base_mobileposer/data/raw/DIP_IMU/s_07/02.pkl,s_07,sensitivity_looser,spine,5610,6090,7.730843861369969,1.0551347180427002,0.5305573291864504,False
/home/duanyuhan/dyh/motion/MotionRe/base_mobileposer/data/raw/DIP_IMU/s_07/02.pkl,s_07,sensitivity_looser,hip_knee,5610,6390,9.415015537580002,0.7020388665703166,2.2828569372857177,False
/home/duanyuhan/dyh/motion/MotionRe/base_mobileposer/data/raw/DIP_IMU/s_07/02.pkl,s_07,sensitivity_looser,spine,5610,6390,9.415015537580002,0.7020388665703166,1.0373086587972264,False
/home/duanyuhan/dyh/motion/MotionRe/base_mobileposer/data/raw/DIP_IMU/s_07/02.pkl,s_07,sensitivity_looser,hip_knee,5640,6120,9.468203233408243,1.8777750097026304,2.6127583127724137,False
/home/duanyuhan/dyh/motion/MotionRe/base_mobileposer/data/raw/DIP_IMU/s_07/02.pkl,s_07,sensitivity_looser,spine,5640,6120,9.468203233408243,1.8777750097026304,1.1429126425857623,False
/home/duanyuhan/dyh/motion/MotionRe/base_mobileposer/data/raw/DIP_IMU/s_07/02.pkl,s_07,sensitivity_looser,hip_knee,5640,6420,16.426054777079923,1.7455895558998893,4.069148996915928,False
/home/duanyuhan/dyh/motion/MotionRe/base_mobileposer/data/raw/DIP_IMU/s_07/02.pkl,s_07,sensitivity_looser,spine,5640,6420,16.426054777079923,1.7455895558998893,1.2397145461001031,False
/home/duanyuhan/dyh/motion/MotionRe/base_mobileposer/data/raw/DIP_IMU/s_07/02.pkl,s_07,sensitivity_looser,hip_knee,5670,6300,12.31178209192261,1.667494818572446,2.460822903555799,False
/home/duanyuhan/dyh/motion/MotionRe/base_mobileposer/data/raw/DIP_IMU/s_07/02.pkl,s_07,sensitivity_looser,spine,5670,6300,12.31178209192261,1.667494818572446,1.8723265246502063,False
/home/duanyuhan/dyh/motion/MotionRe/base_mobileposer/data/raw/DIP_IMU/s_07/02.pkl,s_07,sensitivity_looser,hip_knee,5670,6450,11.31081293935526,0.9366621403433778,3.538359605754464,False
/home/duanyuhan/dyh/motion/MotionRe/base_mobileposer/data/raw/DIP_IMU/s_07/02.pkl,s_07,sensitivity_looser,spine,5670,6450,11.31081293935526,0.9366621403433778,2.0946754804493124,False
/home/duanyuhan/dyh/motion/MotionRe/base_mobileposer/data/raw/DIP_IMU/s_07/02.pkl,s_07,sensitivity_looser,hip_knee,5670,6600,17.58427035423607,1.879735938973599,8.365962214405378,False
/home/duanyuhan/dyh/motion/MotionRe/base_mobileposer/data/raw/DIP_IMU/s_07/02.pkl,s_07,sensitivity_looser,spine,5670,6600,17.58427035423607,1.879735938973599,2.794254235112785,False
/home/duanyuhan/dyh/motion/MotionRe/base_mobileposer/data/raw/DIP_IMU/s_07/02.pkl,s_07,sensitivity_looser,hip_knee,5700,6000,19.601687174405143,1.7917145644964667,3.7068832051458136,False
/home/duanyuhan/dyh/motion/MotionRe/base_mobileposer/data/raw/DIP_IMU/s_07/02.pkl,s_07,sensitivity_looser,spine,5700,6000,19.601687174405143,1.7917145644964667,1.300061067835446,False
/home/duanyuhan/dyh/motion/MotionRe/base_mobileposer/data/raw/DIP_IMU/s_07/02.pkl,s_07,sensitivity_looser,hip_knee,5700,6030,14.643761220337135,0.9024329443369707,8.548568944845456,False
/home/duanyuhan/dyh/motion/MotionRe/base_mobileposer/data/raw/DIP_IMU/s_07/02.pkl,s_07,sensitivity_looser,spine,5700,6030,14.643761220337135,0.9024329443369707,1.5147938578619897,False
/home/duanyuhan/dyh/motion/MotionRe/base_mobileposer/data/raw/DIP_IMU/s_07/02.pkl,s_07,sensitivity_looser,hip_knee,5700,6180,12.201347291980273,1.4636681533603995,9.703063171719448,False
/home/duanyuhan/dyh/motion/MotionRe/base_mobileposer/data/raw/DIP_IMU/s_07/02.pkl,s_07,sensitivity_looser,spine,5700,6180,12.201347291980273,1.4636681533603995,0.7136195846133772,False
/home/duanyuhan/dyh/motion/MotionRe/base_mobileposer/data/raw/DIP_IMU/s_07/02.pkl,s_07,sensitivity_looser,hip_knee,5730,6060,6.943838117728991,1.760404090692645,8.865873910676498,False
/home/duanyuhan/dyh/motion/MotionRe/base_mobileposer/data/raw/DIP_IMU/s_07/02.pkl,s_07,sensitivity_looser,spine,5730,6060,6.943838117728991,1.760404090692645,1.1827063336721864,False
/home/duanyuhan/dyh/motion/MotionRe/base_mobileposer/data/raw/DIP_IMU/s_07/02.pkl,s_07,sensitivity_looser,hip_knee,5730,6120,13.494565506144573,1.3326824598932285,8.823481099620436,False
/home/duanyuhan/dyh/motion/MotionRe/base_mobileposer/data/raw/DIP_IMU/s_07/02.pkl,s_07,sensitivity_looser,spine,5730,6120,13.494565506144573,1.3326824598932285,1.5332315544826864,False
/home/duanyuhan/dyh/motion/MotionRe/base_mobileposer/data/raw/DIP_IMU/s_07/02.pkl,s_07,sensitivity_looser,hip_knee,5730,6510,13.049079187501643,1.9560361928450039,15.78210643596401,False
/home/duanyuhan/dyh/motion/MotionRe/base_mobileposer/data/raw/DIP_IMU/s_07/02.pkl,s_07,sensitivity_looser,spine,5730,6510,13.049079187501643,1.9560361928450039,1.5561402955286665,False
/home/duanyuhan/dyh/motion/MotionRe/base_mobileposer/data/raw/DIP_IMU/s_07/02.pkl,s_07,sensitivity_looser,hip_knee,5790,6210,14.333332844508703,1.2956318342581723,6.554573485654302,False
/home/duanyuhan/dyh/motion/MotionRe/base_mobileposer/data/raw/DIP_IMU/s_07/02.pkl,s_07,sensitivity_looser,spine,5790,6210,14.333332844508703,1.2956318342581723,1.9504587803156783,False
/home/duanyuhan/dyh/motion/MotionRe/base_mobileposer/data/raw/DIP_IMU/s_07/02.pkl,s_07,sensitivity_looser,hip_knee,5790,6360,11.116164797277587,1.2646881103808054,0.775781942265686,False
/home/duanyuhan/dyh/motion/MotionRe/base_mobileposer/data/raw/DIP_IMU/s_07/02.pkl,s_07,sensitivity_looser,spine,5790,6360,11.116164797277587,1.2646881103808054,2.91633091239463,False
/home/duanyuhan/dyh/motion/MotionRe/base_mobileposer/data/raw/DIP_IMU/s_07/02.pkl,s_07,sensitivity_looser,hip_knee,5790,6510,16.061548237751822,0.7279228733851576,1.7348823641382254,False
/home/duanyuhan/dyh/motion/MotionRe/base_mobileposer/data/raw/DIP_IMU/s_07/02.pkl,s_07,sensitivity_looser,spine,5790,6510,16.061548237751822,0.7279228733851576,1.805869314227292,False
/home/duanyuhan/dyh/motion/MotionRe/base_mobileposer/data/raw/DIP_IMU/s_07/02.pkl,s_07,sensitivity_looser,hip_knee,5820,6180,7.58331307852571,1.9260232637700603,11.298235043847933,False
/home/duanyuhan/dyh/motion/MotionRe/base_mobileposer/data/raw/DIP_IMU/s_07/02.pkl,s_07,sensitivity_looser,spine,5820,6180,7.58331307852571,1.9260232637700603,1.5479721872940038,False
/home/duanyuhan/dyh/motion/MotionRe/base_mobileposer/data/raw/DIP_IMU/s_07/02.pkl,s_07,sensitivity_looser,hip_knee,5820,6330,15.851123854232247,1.9732333343194222,4.139233845983872,False
/home/duanyuhan/dyh/motion/MotionRe/base_mobileposer/data/raw/DIP_IMU/s_07/02.pkl,s_07,sensitivity_looser,spine,5820,6330,15.851123854232247,1.9732333343194222,2.256548442239868,False
/home/duanyuhan/dyh/motion/MotionRe/base_mobileposer/data/raw/DIP_IMU/s_07/02.pkl,s_07,sensitivity_looser,hip_knee,5880,6270,11.539616920463017,1.7146585031377444,18.830184804242958,False
/home/duanyuhan/dyh/motion/MotionRe/base_mobileposer/data/raw/DIP_IMU/s_07/02.pkl,s_07,sensitivity_looser,spine,5880,6270,11.539616920463017,1.7146585031377444,2.0171860395203454,False
/home/duanyuhan/dyh/motion/MotionRe/base_mobileposer/data/raw/DIP_IMU/s_07/02.pkl,s_07,sensitivity_looser,hip_knee,5880,6420,9.487620410973793,1.6424152289563487,17.176609662904646,False
/home/duanyuhan/dyh/motion/MotionRe/base_mobileposer/data/raw/DIP_IMU/s_07/02.pkl,s_07,sensitivity_looser,spine,5880,6420,9.487620410973793,1.6424152289563487,1.0467413410546058,False
/home/duanyuhan/dyh/motion/MotionRe/base_mobileposer/data/raw/DIP_IMU/s_07/02.pkl,s_07,sensitivity_looser,hip_knee,5910,6510,16.93222431002412,1.6669401287016339,2.487772744698028,False
/home/duanyuhan/dyh/motion/MotionRe/base_mobileposer/data/raw/DIP_IMU/s_07/02.pkl,s_07,sensitivity_looser,spine,5910,6510,16.93222431002412,1.6669401287016339,2.4754872146604088,False
/home/duanyuhan/dyh/motion/MotionRe/base_mobileposer/data/raw/DIP_IMU/s_07/02.pkl,s_07,sensitivity_looser,hip_knee,5940,6390,10.095977673342064,1.2755959621698145,4.833711217164728,False
/home/duanyuhan/dyh/motion/MotionRe/base_mobileposer/data/raw/DIP_IMU/s_07/02.pkl,s_07,sensitivity_looser,spine,5940,6390,10.095977673342064,1.2755959621698145,3.2161037482908346,False
/home/duanyuhan/dyh/motion/MotionRe/base_mobileposer/data/raw/DIP_IMU/s_07/02.pkl,s_07,sensitivity_looser,hip_knee,5970,6270,13.692005117254158,1.4863407470031114,11.453820571547604,False
/home/duanyuhan/dyh/motion/MotionRe/base_mobileposer/data/raw/DIP_IMU/s_07/02.pkl,s_07,sensitivity_looser,spine,5970,6270,13.692005117254158,1.4863407470031114,0.5612309660067388,False
/home/duanyuhan/dyh/motion/MotionRe/base_mobileposer/data/raw/DIP_IMU/s_07/02.pkl,s_07,sensitivity_looser,hip_knee,6000,6450,11.086247707587962,1.9801400475624493,3.2637678230297973,False
/home/duanyuhan/dyh/motion/MotionRe/base_mobileposer/data/raw/DIP_IMU/s_07/02.pkl,s_07,sensitivity_looser,spine,6000,6450,11.086247707587962,1.9801400475624493,1.1687049093196669,False
/home/duanyuhan/dyh/motion/MotionRe/base_mobileposer/data/raw/DIP_IMU/s_07/02.pkl,s_07,sensitivity_looser,hip_knee,6060,6360,15.178117799205461,1.9307632898105604,7.437654810553778,False
/home/duanyuhan/dyh/motion/MotionRe/base_mobileposer/data/raw/DIP_IMU/s_07/02.pkl,s_07,sensitivity_looser,spine,6060,6360,15.178117799205461,1.9307632898105604,1.292927966728304,False
/home/duanyuhan/dyh/motion/MotionRe/base_mobileposer/data/raw/DIP_IMU/s_07/02.pkl,s_07,sensitivity_looser,hip_knee,6060,6510,11.695058759578693,1.4270317385711866,7.043928146562452,False
/home/duanyuhan/dyh/motion/MotionRe/base_mobileposer/data/raw/DIP_IMU/s_07/02.pkl,s_07,sensitivity_looser,spine,6060,6510,11.695058759578693,1.4270317385711866,1.0947728681029718,False
/home/duanyuhan/dyh/motion/MotionRe/base_mobileposer/data/raw/DIP_IMU/s_07/02.pkl,s_07,sensitivity_looser,hip_knee,6090,6390,5.969520256783902,0.9994010436304668,1.2421529573243153,False
/home/duanyuhan/dyh/motion/MotionRe/base_mobileposer/data/raw/DIP_IMU/s_07/02.pkl,s_07,sensitivity_looser,spine,6090,6390,5.969520256783902,0.9994010436304668,1.3046364844528051,False
/home/duanyuhan/dyh/motion/MotionRe/base_mobileposer/data/raw/DIP_IMU/s_07/02.pkl,s_07,sensitivity_looser,hip_knee,6210,6510,6.852036237764157,1.4292646212886273,6.35191350232768,False
/home/duanyuhan/dyh/motion/MotionRe/base_mobileposer/data/raw/DIP_IMU/s_07/02.pkl,s_07,sensitivity_looser,spine,6210,6510,6.852036237764157,1.4292646212886273,0.8321070507765093,False
/home/duanyuhan/dyh/motion/MotionRe/base_mobileposer/data/raw/DIP_IMU/s_07/02.pkl,s_07,sensitivity_looser,hip_knee,6240,6540,6.832186808681197,0.671667277587582,0.8440667530363127,False
/home/duanyuhan/dyh/motion/MotionRe/base_mobileposer/data/raw/DIP_IMU/s_07/02.pkl,s_07,sensitivity_looser,spine,6240,6540,6.832186808681197,0.671667277587582,0.8416211556109899,False
/home/duanyuhan/dyh/motion/MotionRe/base_mobileposer/data/raw/DIP_IMU/s_07/02.pkl,s_07,sensitivity_looser,hip_knee,6300,6600,8.198446001122022,1.3034987323167322,10.264428957937746,False
/home/duanyuhan/dyh/motion/MotionRe/base_mobileposer/data/raw/DIP_IMU/s_07/02.pkl,s_07,sensitivity_looser,spine,6300,6600,8.198446001122022,1.3034987323167322,2.3957054514261102,False
/home/duanyuhan/dyh/motion/MotionRe/base_mobileposer/data/raw/DIP_IMU/s_07/02.pkl,s_07,sensitivity_looser,hip_knee,6870,7680,18.686121143542188,1.3510239161613002,12.125818925300031,False
/home/duanyuhan/dyh/motion/MotionRe/base_mobileposer/data/raw/DIP_IMU/s_07/02.pkl,s_07,sensitivity_looser,spine,6870,7680,18.686121143542188,1.3510239161613002,3.403177662130085,False
/home/duanyuhan/dyh/motion/MotionRe/base_mobileposer/data/raw/DIP_IMU/s_07/02.pkl,s_07,sensitivity_looser,hip_knee,7110,7710,15.923896932610644,1.414621660009294,4.566058265323062,False
/home/duanyuhan/dyh/motion/MotionRe/base_mobileposer/data/raw/DIP_IMU/s_07/02.pkl,s_07,sensitivity_looser,spine,7110,7710,15.923896932610644,1.414621660009294,2.0724035276047856,False
/home/duanyuhan/dyh/motion/MotionRe/base_mobileposer/data/raw/DIP_IMU/s_07/02.pkl,s_07,sensitivity_looser,hip_knee,7170,7770,15.625182041351074,1.9800537784471544,32.128588994231976,True
/home/duanyuhan/dyh/motion/MotionRe/base_mobileposer/data/raw/DIP_IMU/s_07/02.pkl,s_07,sensitivity_looser,spine,7170,7770,15.625182041351074,1.9800537784471544,6.138873480123837,False
/home/duanyuhan/dyh/motion/MotionRe/base_mobileposer/data/raw/DIP_IMU/s_07/03.pkl,s_07,sensitivity_looser,hip_knee,1020,2700,10.920376167078178,1.897311338733057,8.999589969940981,False
/home/duanyuhan/dyh/motion/MotionRe/base_mobileposer/data/raw/DIP_IMU/s_07/03.pkl,s_07,sensitivity_looser,spine,1020,2700,10.920376167078178,1.897311338733057,3.698572455493847,False
/home/duanyuhan/dyh/motion/MotionRe/base_mobileposer/data/raw/DIP_IMU/s_07/03.pkl,s_07,sensitivity_looser,hip_knee,1200,3450,14.259182057156853,1.8322281080356795,6.174016518431559,False
/home/duanyuhan/dyh/motion/MotionRe/base_mobileposer/data/raw/DIP_IMU/s_07/03.pkl,s_07,sensitivity_looser,spine,1200,3450,14.259182057156853,1.8322281080356795,1.707495890391668,False
/home/duanyuhan/dyh/motion/MotionRe/base_mobileposer/data/raw/DIP_IMU/s_07/03.pkl,s_07,sensitivity_looser,hip_knee,2730,3450,11.971392576871656,1.787734095966309,4.103316144295094,False
/home/duanyuhan/dyh/motion/MotionRe/base_mobileposer/data/raw/DIP_IMU/s_07/03.pkl,s_07,sensitivity_looser,spine,2730,3450,11.971392576871656,1.787734095966309,1.1864825825356358,False
/home/duanyuhan/dyh/motion/MotionRe/base_mobileposer/data/raw/DIP_IMU/s_07/03.pkl,s_07,sensitivity_looser,hip_knee,4200,4590,10.395107582184774,1.4593662945280412,7.457150264664023,False
/home/duanyuhan/dyh/motion/MotionRe/base_mobileposer/data/raw/DIP_IMU/s_07/03.pkl,s_07,sensitivity_looser,spine,4200,4590,10.395107582184774,1.4593662945280412,3.7266527139661094,False
/home/duanyuhan/dyh/motion/MotionRe/base_mobileposer/data/raw/DIP_IMU/s_07/03.pkl,s_07,sensitivity_looser,hip_knee,5970,6900,7.206024980118038,1.7805606037513484,4.557742241891044,False
/home/duanyuhan/dyh/motion/MotionRe/base_mobileposer/data/raw/DIP_IMU/s_07/03.pkl,s_07,sensitivity_looser,spine,5970,6900,7.206024980118038,1.7805606037513484,1.4117632753956812,False
/home/duanyuhan/dyh/motion/MotionRe/base_mobileposer/data/raw/DIP_IMU/s_07/03.pkl,s_07,sensitivity_looser,hip_knee,6960,7890,15.059441979124797,1.4890800168686633,2.5700274879811515,False
/home/duanyuhan/dyh/motion/MotionRe/base_mobileposer/data/raw/DIP_IMU/s_07/03.pkl,s_07,sensitivity_looser,spine,6960,7890,15.059441979124797,1.4890800168686633,1.9149048121037342,False
/home/duanyuhan/dyh/motion/MotionRe/base_mobileposer/data/raw/DIP_IMU/s_07/05.pkl,s_07,primary,hip_knee,870,1890,7.896566567225859,0.8231525938213624,1.9712341416776729,False
/home/duanyuhan/dyh/motion/MotionRe/base_mobileposer/data/raw/DIP_IMU/s_07/05.pkl,s_07,primary,spine,870,1890,7.896566567225859,0.8231525938213624,1.1832426350207792,False
/home/duanyuhan/dyh/motion/MotionRe/base_mobileposer/data/raw/DIP_IMU/s_07/05.pkl,s_07,primary,hip_knee,2010,2460,8.485272918507023,0.42998403292494325,1.0094653733117123,False
/home/duanyuhan/dyh/motion/MotionRe/base_mobileposer/data/raw/DIP_IMU/s_07/05.pkl,s_07,primary,spine,2010,2460,8.485272918507023,0.42998403292494325,1.3583086752347722,False
/home/duanyuhan/dyh/motion/MotionRe/base_mobileposer/data/raw/DIP_IMU/s_07/05.pkl,s_07,primary,hip_knee,2940,3270,9.849941967647323,0.3879701126052792,0.5934179334455402,False
/home/duanyuhan/dyh/motion/MotionRe/base_mobileposer/data/raw/DIP_IMU/s_07/05.pkl,s_07,primary,spine,2940,3270,9.849941967647323,0.3879701126052792,0.995252535617576,False
/home/duanyuhan/dyh/motion/MotionRe/base_mobileposer/data/raw/DIP_IMU/s_07/05.pkl,s_07,primary,hip_knee,3540,4230,8.06667098579643,0.9113224524783168,1.3881307293545102,False
/home/duanyuhan/dyh/motion/MotionRe/base_mobileposer/data/raw/DIP_IMU/s_07/05.pkl,s_07,primary,spine,3540,4230,8.06667098579643,0.9113224524783168,0.5057723854306807,False
/home/duanyuhan/dyh/motion/MotionRe/base_mobileposer/data/raw/DIP_IMU/s_07/05.pkl,s_07,primary,hip_knee,3540,4260,6.38480228510719,0.9578562956738345,1.1893425476649466,False
/home/duanyuhan/dyh/motion/MotionRe/base_mobileposer/data/raw/DIP_IMU/s_07/05.pkl,s_07,primary,spine,3540,4260,6.38480228510719,0.9578562956738345,0.8983989082327978,False
/home/duanyuhan/dyh/motion/MotionRe/base_mobileposer/data/raw/DIP_IMU/s_07/05.pkl,s_07,primary,hip_knee,3540,4290,9.078742578976893,0.7660005223398231,1.0976280337343078,False
/home/duanyuhan/dyh/motion/MotionRe/base_mobileposer/data/raw/DIP_IMU/s_07/05.pkl,s_07,primary,spine,3540,4290,9.078742578976893,0.7660005223398231,0.8704338808740383,False
/home/duanyuhan/dyh/motion/MotionRe/base_mobileposer/data/raw/DIP_IMU/s_07/05.pkl,s_07,primary,hip_knee,3540,4320,8.953943624756322,0.20193026614754,0.9230288568285717,False
/home/duanyuhan/dyh/motion/MotionRe/base_mobileposer/data/raw/DIP_IMU/s_07/05.pkl,s_07,primary,spine,3540,4320,8.953943624756322,0.20193026614754,0.8236060426041197,False
/home/duanyuhan/dyh/motion/MotionRe/base_mobileposer/data/raw/DIP_IMU/s_07/05.pkl,s_07,primary,hip_knee,3540,4350,9.54197532518576,0.12852168581242956,1.0743233632641815,False
/home/duanyuhan/dyh/motion/MotionRe/base_mobileposer/data/raw/DIP_IMU/s_07/05.pkl,s_07,primary,spine,3540,4350,9.54197532518576,0.12852168581242956,0.7857724857062504,False
/home/duanyuhan/dyh/motion/MotionRe/base_mobileposer/data/raw/DIP_IMU/s_07/05.pkl,s_07,primary,hip_knee,3540,4380,8.6876049093863,0.22597413448732975,1.1120661508195069,False
/home/duanyuhan/dyh/motion/MotionRe/base_mobileposer/data/raw/DIP_IMU/s_07/05.pkl,s_07,primary,spine,3540,4380,8.6876049093863,0.22597413448732975,1.077069389068826,False
/home/duanyuhan/dyh/motion/MotionRe/base_mobileposer/data/raw/DIP_IMU/s_07/05.pkl,s_07,primary,hip_knee,3570,4230,8.334713550207566,0.6882148807273426,1.039403110087186,False
/home/duanyuhan/dyh/motion/MotionRe/base_mobileposer/data/raw/DIP_IMU/s_07/05.pkl,s_07,primary,spine,3570,4230,8.334713550207566,0.6882148807273426,0.44544673717418465,False
/home/duanyuhan/dyh/motion/MotionRe/base_mobileposer/data/raw/DIP_IMU/s_07/05.pkl,s_07,primary,hip_knee,3570,4290,7.148514512371605,0.8140348618062385,0.753026057389663,False
/home/duanyuhan/dyh/motion/MotionRe/base_mobileposer/data/raw/DIP_IMU/s_07/05.pkl,s_07,primary,spine,3570,4290,7.148514512371605,0.8140348618062385,0.7700298591401543,False
/home/duanyuhan/dyh/motion/MotionRe/base_mobileposer/data/raw/DIP_IMU/s_07/05.pkl,s_07,primary,hip_knee,3570,4320,6.768130894549806,0.20574738330124764,0.5773440478024038,False
/home/duanyuhan/dyh/motion/MotionRe/base_mobileposer/data/raw/DIP_IMU/s_07/05.pkl,s_07,primary,spine,3570,4320,6.768130894549806,0.20574738330124764,0.5995199802286247,False
/home/duanyuhan/dyh/motion/MotionRe/base_mobileposer/data/raw/DIP_IMU/s_07/05.pkl,s_07,primary,hip_knee,3570,4350,7.350447290219353,0.15808220412841703,0.7291624684288315,False
/home/duanyuhan/dyh/motion/MotionRe/base_mobileposer/data/raw/DIP_IMU/s_07/05.pkl,s_07,primary,spine,3570,4350,7.350447290219353,0.15808220412841703,0.6056236131163363,False
/home/duanyuhan/dyh/motion/MotionRe/base_mobileposer/data/raw/DIP_IMU/s_07/05.pkl,s_07,primary,hip_knee,3570,4380,6.752763414503141,0.2642567632956717,0.7717649993990705,False
/home/duanyuhan/dyh/motion/MotionRe/base_mobileposer/data/raw/DIP_IMU/s_07/05.pkl,s_07,primary,spine,3570,4380,6.752763414503141,0.2642567632956717,0.9920609233052997,False
/home/duanyuhan/dyh/motion/MotionRe/base_mobileposer/data/raw/DIP_IMU/s_07/05.pkl,s_07,primary,hip_knee,3570,4410,8.665857767781207,0.1097239766916568,0.6109177142304245,False
/home/duanyuhan/dyh/motion/MotionRe/base_mobileposer/data/raw/DIP_IMU/s_07/05.pkl,s_07,primary,spine,3570,4410,8.665857767781207,0.1097239766916568,2.860269507098497,False
/home/duanyuhan/dyh/motion/MotionRe/base_mobileposer/data/raw/DIP_IMU/s_07/05.pkl,s_07,primary,hip_knee,3600,4230,8.448802023342935,0.7680746862107942,1.1339016277501397,False
/home/duanyuhan/dyh/motion/MotionRe/base_mobileposer/data/raw/DIP_IMU/s_07/05.pkl,s_07,primary,spine,3600,4230,8.448802023342935,0.7680746862107942,0.5559148432469081,False
/home/duanyuhan/dyh/motion/MotionRe/base_mobileposer/data/raw/DIP_IMU/s_07/05.pkl,s_07,primary,hip_knee,3600,4290,6.758235044439793,0.8000421170213193,0.8296119692546042,False
/home/duanyuhan/dyh/motion/MotionRe/base_mobileposer/data/raw/DIP_IMU/s_07/05.pkl,s_07,primary,spine,3600,4290,6.758235044439793,0.8000421170213193,0.6572251498194355,False
/home/duanyuhan/dyh/motion/MotionRe/base_mobileposer/data/raw/DIP_IMU/s_07/05.pkl,s_07,primary,hip_knee,3600,4320,6.2872131585493545,0.17803943191903107,0.6454082124062281,False
/home/duanyuhan/dyh/motion/MotionRe/base_mobileposer/data/raw/DIP_IMU/s_07/05.pkl,s_07,primary,spine,3600,4320,6.2872131585493545,0.17803943191903107,0.5578111960686561,False
/home/duanyuhan/dyh/motion/MotionRe/base_mobileposer/data/raw/DIP_IMU/s_07/05.pkl,s_07,primary,hip_knee,3600,4350,6.841301033957315,0.08844138362822714,0.8002477809017302,False
/home/duanyuhan/dyh/motion/MotionRe/base_mobileposer/data/raw/DIP_IMU/s_07/05.pkl,s_07,primary,spine,3600,4350,6.841301033957315,0.08844138362822714,0.5675202388179913,False
/home/duanyuhan/dyh/motion/MotionRe/base_mobileposer/data/raw/DIP_IMU/s_07/05.pkl,s_07,primary,hip_knee,3600,4380,6.4268502323670225,0.21922384483495977,0.8448816452518116,False
/home/duanyuhan/dyh/motion/MotionRe/base_mobileposer/data/raw/DIP_IMU/s_07/05.pkl,s_07,primary,spine,3600,4380,6.4268502323670225,0.21922384483495977,0.9792845275571335,False
/home/duanyuhan/dyh/motion/MotionRe/base_mobileposer/data/raw/DIP_IMU/s_07/05.pkl,s_07,primary,hip_knee,3600,4410,8.579512450822094,0.11493587297189568,0.7145382430707761,False
/home/duanyuhan/dyh/motion/MotionRe/base_mobileposer/data/raw/DIP_IMU/s_07/05.pkl,s_07,primary,spine,3600,4410,8.579512450822094,0.11493587297189568,2.7643167619562736,False
/home/duanyuhan/dyh/motion/MotionRe/base_mobileposer/data/raw/DIP_IMU/s_07/05.pkl,s_07,primary,hip_knee,3630,4230,8.435117740372878,0.7679621062993747,1.21464374005444,False
/home/duanyuhan/dyh/motion/MotionRe/base_mobileposer/data/raw/DIP_IMU/s_07/05.pkl,s_07,primary,spine,3630,4230,8.435117740372878,0.7679621062993747,0.5912136176234924,False
/home/duanyuhan/dyh/motion/MotionRe/base_mobileposer/data/raw/DIP_IMU/s_07/05.pkl,s_07,primary,hip_knee,3630,4260,5.805778705879501,0.9897581951184693,1.016034057451042,False
/home/duanyuhan/dyh/motion/MotionRe/base_mobileposer/data/raw/DIP_IMU/s_07/05.pkl,s_07,primary,spine,3630,4260,5.805778705879501,0.9897581951184693,0.7661514407094923,False
/home/duanyuhan/dyh/motion/MotionRe/base_mobileposer/data/raw/DIP_IMU/s_07/05.pkl,s_07,primary,hip_knee,3630,4290,6.451827698926447,0.7761251519987334,0.9096999603262816,False
/home/duanyuhan/dyh/motion/MotionRe/base_mobileposer/data/raw/DIP_IMU/s_07/05.pkl,s_07,primary,spine,3630,4290,6.451827698926447,0.7761251519987334,0.8335409653291567,False
/home/duanyuhan/dyh/motion/MotionRe/base_mobileposer/data/raw/DIP_IMU/s_07/05.pkl,s_07,primary,hip_knee,3630,4320,4.907763368283224,0.15264244715543943,0.7255865852658883,False
/home/duanyuhan/dyh/motion/MotionRe/base_mobileposer/data/raw/DIP_IMU/s_07/05.pkl,s_07,primary,spine,3630,4320,4.907763368283224,0.15264244715543943,0.5975667303570839,False
/home/duanyuhan/dyh/motion/MotionRe/base_mobileposer/data/raw/DIP_IMU/s_07/05.pkl,s_07,primary,hip_knee,3630,4350,5.433974587995594,0.05179165652772999,0.8726280047452246,False
/home/duanyuhan/dyh/motion/MotionRe/base_mobileposer/data/raw/DIP_IMU/s_07/05.pkl,s_07,primary,spine,3630,4350,5.433974587995594,0.05179165652772999,0.6518921251060026,False
/home/duanyuhan/dyh/motion/MotionRe/base_mobileposer/data/raw/DIP_IMU/s_07/05.pkl,s_07,primary,hip_knee,3630,4380,5.2493222134368756,0.1636624832684431,0.9135726804687,False
/home/duanyuhan/dyh/motion/MotionRe/base_mobileposer/data/raw/DIP_IMU/s_07/05.pkl,s_07,primary,spine,3630,4380,5.2493222134368756,0.1636624832684431,1.044486392597608,False
/home/duanyuhan/dyh/motion/MotionRe/base_mobileposer/data/raw/DIP_IMU/s_07/05.pkl,s_07,primary,hip_knee,3630,4410,7.7341417873015414,0.11901800229367761,0.7820127185615742,False
/home/duanyuhan/dyh/motion/MotionRe/base_mobileposer/data/raw/DIP_IMU/s_07/05.pkl,s_07,primary,spine,3630,4410,7.7341417873015414,0.11901800229367761,2.89992553214222,False
/home/duanyuhan/dyh/motion/MotionRe/base_mobileposer/data/raw/DIP_IMU/s_07/05.pkl,s_07,primary,hip_knee,3810,4260,9.842799682142251,0.847800616685294,0.4281540335592904,False
/home/duanyuhan/dyh/motion/MotionRe/base_mobileposer/data/raw/DIP_IMU/s_07/05.pkl,s_07,primary,spine,3810,4260,9.842799682142251,0.847800616685294,1.4100242363796134,False
/home/duanyuhan/dyh/motion/MotionRe/base_mobileposer/data/raw/DIP_IMU/s_07/05.pkl,s_07,primary,hip_knee,3810,4320,9.677166160827806,0.34616357232006867,0.21614977165408109,False
/home/duanyuhan/dyh/motion/MotionRe/base_mobileposer/data/raw/DIP_IMU/s_07/05.pkl,s_07,primary,spine,3810,4320,9.677166160827806,0.34616357232006867,1.4894244697973604,False
/home/duanyuhan/dyh/motion/MotionRe/base_mobileposer/data/raw/DIP_IMU/s_07/05.pkl,s_07,primary,hip_knee,3810,4380,9.723779638877625,0.39265313376002386,0.3440070678849843,False
/home/duanyuhan/dyh/motion/MotionRe/base_mobileposer/data/raw/DIP_IMU/s_07/05.pkl,s_07,primary,spine,3810,4380,9.723779638877625,0.39265313376002386,1.6887120287296364,False
/home/duanyuhan/dyh/motion/MotionRe/base_mobileposer/data/raw/DIP_IMU/s_07/05.pkl,s_07,primary,hip_knee,3810,4410,8.478161397155958,0.3617211263805884,0.5231869381064482,False
/home/duanyuhan/dyh/motion/MotionRe/base_mobileposer/data/raw/DIP_IMU/s_07/05.pkl,s_07,primary,spine,3810,4410,8.478161397155958,0.3617211263805884,3.385646295686256,False
/home/duanyuhan/dyh/motion/MotionRe/base_mobileposer/data/raw/DIP_IMU/s_07/05.pkl,s_07,sensitivity_looser,hip_knee,810,1890,15.218421722365026,1.9884257076190799,3.1389589877242665,False
/home/duanyuhan/dyh/motion/MotionRe/base_mobileposer/data/raw/DIP_IMU/s_07/05.pkl,s_07,sensitivity_looser,spine,810,1890,15.218421722365026,1.9884257076190799,1.8257286766044407,False
/home/duanyuhan/dyh/motion/MotionRe/base_mobileposer/data/raw/DIP_IMU/s_07/05.pkl,s_07,sensitivity_looser,hip_knee,810,1920,12.515131611527575,1.689856460064614,3.05342715041512,False
/home/duanyuhan/dyh/motion/MotionRe/base_mobileposer/data/raw/DIP_IMU/s_07/05.pkl,s_07,sensitivity_looser,spine,810,1920,12.515131611527575,1.689856460064614,2.0006579188891966,False
/home/duanyuhan/dyh/motion/MotionRe/base_mobileposer/data/raw/DIP_IMU/s_07/05.pkl,s_07,sensitivity_looser,hip_knee,810,2250,16.23473393784376,1.7414501000276397,4.131182626603155,False
/home/duanyuhan/dyh/motion/MotionRe/base_mobileposer/data/raw/DIP_IMU/s_07/05.pkl,s_07,sensitivity_looser,spine,810,2250,16.23473393784376,1.7414501000276397,2.770679804595034,False
/home/duanyuhan/dyh/motion/MotionRe/base_mobileposer/data/raw/DIP_IMU/s_07/05.pkl,s_07,sensitivity_looser,hip_knee,810,3540,15.308232821070346,1.691409226585257,2.984547791954525,False
/home/duanyuhan/dyh/motion/MotionRe/base_mobileposer/data/raw/DIP_IMU/s_07/05.pkl,s_07,sensitivity_looser,spine,810,3540,15.308232821070346,1.691409226585257,2.588966069541723,False
/home/duanyuhan/dyh/motion/MotionRe/base_mobileposer/data/raw/DIP_IMU/s_07/05.pkl,s_07,sensitivity_looser,hip_knee,810,3570,15.44061191696471,1.673063655933608,2.791704116605477,False
/home/duanyuhan/dyh/motion/MotionRe/base_mobileposer/data/raw/DIP_IMU/s_07/05.pkl,s_07,sensitivity_looser,spine,810,3570,15.44061191696471,1.673063655933608,2.358783974618562,False
/home/duanyuhan/dyh/motion/MotionRe/base_mobileposer/data/raw/DIP_IMU/s_07/05.pkl,s_07,sensitivity_looser,hip_knee,810,3600,15.608817181809695,1.7660718044927726,2.8712912680746325,False
/home/duanyuhan/dyh/motion/MotionRe/base_mobileposer/data/raw/DIP_IMU/s_07/05.pkl,s_07,sensitivity_looser,spine,810,3600,15.608817181809695,1.7660718044927726,2.161988168392088,False
/home/duanyuhan/dyh/motion/MotionRe/base_mobileposer/data/raw/DIP_IMU/s_07/05.pkl,s_07,sensitivity_looser,hip_knee,810,3630,16.54128491163268,1.7458280553005578,2.930763344036668,False
/home/duanyuhan/dyh/motion/MotionRe/base_mobileposer/data/raw/DIP_IMU/s_07/05.pkl,s_07,sensitivity_looser,spine,810,3630,16.54128491163268,1.7458280553005578,2.1549642859705194,False
/home/duanyuhan/dyh/motion/MotionRe/base_mobileposer/data/raw/DIP_IMU/s_07/05.pkl,s_07,sensitivity_looser,hip_knee,810,3720,17.644302355602978,1.2760662566483651,5.0484718602775125,False
/home/duanyuhan/dyh/motion/MotionRe/base_mobileposer/data/raw/DIP_IMU/s_07/05.pkl,s_07,sensitivity_looser,spine,810,3720,17.644302355602978,1.2760662566483651,4.154958544776277,False
/home/duanyuhan/dyh/motion/MotionRe/base_mobileposer/data/raw/DIP_IMU/s_07/05.pkl,s_07,sensitivity_looser,hip_knee,810,3750,17.383723764227696,1.2140687791658589,4.923848578708124,False
/home/duanyuhan/dyh/motion/MotionRe/base_mobileposer/data/raw/DIP_IMU/s_07/05.pkl,s_07,sensitivity_looser,spine,810,3750,17.383723764227696,1.2140687791658589,4.231433818251799,False
/home/duanyuhan/dyh/motion/MotionRe/base_mobileposer/data/raw/DIP_IMU/s_07/05.pkl,s_07,sensitivity_looser,hip_knee,810,3810,17.669368625180688,1.5251152995463864,2.6560758102675854,False
/home/duanyuhan/dyh/motion/MotionRe/base_mobileposer/data/raw/DIP_IMU/s_07/05.pkl,s_07,sensitivity_looser,spine,810,3810,17.669368625180688,1.5251152995463864,3.2164411263461083,False
/home/duanyuhan/dyh/motion/MotionRe/base_mobileposer/data/raw/DIP_IMU/s_07/05.pkl,s_07,sensitivity_looser,hip_knee,810,3990,18.432659705330593,1.9950536791706162,2.895575022517616,False
/home/duanyuhan/dyh/motion/MotionRe/base_mobileposer/data/raw/DIP_IMU/s_07/05.pkl,s_07,sensitivity_looser,spine,810,3990,18.432659705330593,1.9950536791706162,2.952421126504264,False
/home/duanyuhan/dyh/motion/MotionRe/base_mobileposer/data/raw/DIP_IMU/s_07/05.pkl,s_07,sensitivity_looser,hip_knee,810,4050,19.61819418009275,1.9080744224157844,3.3798361728468245,False
/home/duanyuhan/dyh/motion/MotionRe/base_mobileposer/data/raw/DIP_IMU/s_07/05.pkl,s_07,sensitivity_looser,spine,810,4050,19.61819418009275,1.9080744224157844,3.700364663303285,False
/home/duanyuhan/dyh/motion/MotionRe/base_mobileposer/data/raw/DIP_IMU/s_07/05.pkl,s_07,sensitivity_looser,hip_knee,810,4080,19.688816935504242,1.167274980563613,3.6061333632595436,False
/home/duanyuhan/dyh/motion/MotionRe/base_mobileposer/data/raw/DIP_IMU/s_07/05.pkl,s_07,sensitivity_looser,spine,810,4080,19.688816935504242,1.167274980563613,3.811638968366674,False
/home/duanyuhan/dyh/motion/MotionRe/base_mobileposer/data/raw/DIP_IMU/s_07/05.pkl,s_07,sensitivity_looser,hip_knee,810,4230,18.57252105964834,1.8711327737682357,2.431033154443033,False
/home/duanyuhan/dyh/motion/MotionRe/base_mobileposer/data/raw/DIP_IMU/s_07/05.pkl,s_07,sensitivity_looser,spine,810,4230,18.57252105964834,1.8711327737682357,2.5767667071565494,False
/home/duanyuhan/dyh/motion/MotionRe/base_mobileposer/data/raw/DIP_IMU/s_07/05.pkl,s_07,sensitivity_looser,hip_knee,840,1860,12.274802409846204,1.9939739182869547,4.840625231072303,False
/home/duanyuhan/dyh/motion/MotionRe/base_mobileposer/data/raw/DIP_IMU/s_07/05.pkl,s_07,sensitivity_looser,spine,840,1860,12.274802409846204,1.9939739182869547,3.4447575174143292,False
/home/duanyuhan/dyh/motion/MotionRe/base_mobileposer/data/raw/DIP_IMU/s_07/05.pkl,s_07,sensitivity_looser,hip_knee,840,1890,12.319092305299232,1.9804733090994813,4.890984944632875,False
/home/duanyuhan/dyh/motion/MotionRe/base_mobileposer/data/raw/DIP_IMU/s_07/05.pkl,s_07,sensitivity_looser,spine,840,1890,12.319092305299232,1.9804733090994813,3.1633365875973927,False
/home/duanyuhan/dyh/motion/MotionRe/base_mobileposer/data/raw/DIP_IMU/s_07/05.pkl,s_07,sensitivity_looser,hip_knee,870,1890,7.896566567225859,0.8231525938213624,1.9712341416776729,False
/home/duanyuhan/dyh/motion/MotionRe/base_mobileposer/data/raw/DIP_IMU/s_07/05.pkl,s_07,sensitivity_looser,spine,870,1890,7.896566567225859,0.8231525938213624,1.1832426350207792,False
/home/duanyuhan/dyh/motion/MotionRe/base_mobileposer/data/raw/DIP_IMU/s_07/05.pkl,s_07,sensitivity_looser,hip_knee,870,2250,18.78807835575927,1.0587875652112004,1.7814313932640427,False
/home/duanyuhan/dyh/motion/MotionRe/base_mobileposer/data/raw/DIP_IMU/s_07/05.pkl,s_07,sensitivity_looser,spine,870,2250,18.78807835575927,1.0587875652112004,1.9917814147843966,False
/home/duanyuhan/dyh/motion/MotionRe/base_mobileposer/data/raw/DIP_IMU/s_07/05.pkl,s_07,sensitivity_looser,hip_knee,900,1890,7.317986539436407,1.0652453939226694,1.9179815691375905,False
/home/duanyuhan/dyh/motion/MotionRe/base_mobileposer/data/raw/DIP_IMU/s_07/05.pkl,s_07,sensitivity_looser,spine,900,1890,7.317986539436407,1.0652453939226694,0.49195858842411555,False
/home/duanyuhan/dyh/motion/MotionRe/base_mobileposer/data/raw/DIP_IMU/s_07/05.pkl,s_07,sensitivity_looser,hip_knee,900,2250,19.09688346588592,1.05992220319949,1.51226932967512,False
/home/duanyuhan/dyh/motion/MotionRe/base_mobileposer/data/raw/DIP_IMU/s_07/05.pkl,s_07,sensitivity_looser,spine,900,2250,19.09688346588592,1.05992220319949,1.6122219815248133,False
/home/duanyuhan/dyh/motion/MotionRe/base_mobileposer/data/raw/DIP_IMU/s_07/05.pkl,s_07,sensitivity_looser,hip_knee,930,1860,8.314319188831599,1.9568073656567107,1.9559000553495256,False
/home/duanyuhan/dyh/motion/MotionRe/base_mobileposer/data/raw/DIP_IMU/s_07/05.pkl,s_07,sensitivity_looser,spine,930,1860,8.314319188831599,1.9568073656567107,0.7311391733668074,False
/home/duanyuhan/dyh/motion/MotionRe/base_mobileposer/data/raw/DIP_IMU/s_07/05.pkl,s_07,sensitivity_looser,hip_knee,930,1890,8.460374049195126,1.1246079632031725,1.8023435841442175,False
/home/duanyuhan/dyh/motion/MotionRe/base_mobileposer/data/raw/DIP_IMU/s_07/05.pkl,s_07,sensitivity_looser,spine,930,1890,8.460374049195126,1.1246079632031725,0.26552777224301966,False
/home/duanyuhan/dyh/motion/MotionRe/base_mobileposer/data/raw/DIP_IMU/s_07/05.pkl,s_07,sensitivity_looser,hip_knee,960,1890,7.742557798080405,1.086722364615376,1.7852320880602275,False
/home/duanyuhan/dyh/motion/MotionRe/base_mobileposer/data/raw/DIP_IMU/s_07/05.pkl,s_07,sensitivity_looser,spine,960,1890,7.742557798080405,1.086722364615376,0.3224253173185304,False
/home/duanyuhan/dyh/motion/MotionRe/base_mobileposer/data/raw/DIP_IMU/s_07/05.pkl,s_07,sensitivity_looser,hip_knee,960,2250,19.50410809646894,0.7524295299764107,1.2382894750062068,False
/home/duanyuhan/dyh/motion/MotionRe/base_mobileposer/data/raw/DIP_IMU/s_07/05.pkl,s_07,sensitivity_looser,spine,960,2250,19.50410809646894,0.7524295299764107,1.45935204962401,False
/home/duanyuhan/dyh/motion/MotionRe/base_mobileposer/data/raw/DIP_IMU/s_07/05.pkl,s_07,sensitivity_looser,hip_knee,990,1860,7.8935314975000255,1.5568030478658512,1.8704167882692895,False
/home/duanyuhan/dyh/motion/MotionRe/base_mobileposer/data/raw/DIP_IMU/s_07/05.pkl,s_07,sensitivity_looser,spine,990,1860,7.8935314975000255,1.5568030478658512,0.7031877938962342,False
/home/duanyuhan/dyh/motion/MotionRe/base_mobileposer/data/raw/DIP_IMU/s_07/05.pkl,s_07,sensitivity_looser,hip_knee,990,1890,7.502972615831617,1.5542560152390437,1.7159249032243897,False
/home/duanyuhan/dyh/motion/MotionRe/base_mobileposer/data/raw/DIP_IMU/s_07/05.pkl,s_07,sensitivity_looser,spine,990,1890,7.502972615831617,1.5542560152390437,0.31534759983643396,False
/home/duanyuhan/dyh/motion/MotionRe/base_mobileposer/data/raw/DIP_IMU/s_07/05.pkl,s_07,sensitivity_looser,hip_knee,1020,1860,11.169847617024269,1.5127218792067476,1.843285036038311,False
/home/duanyuhan/dyh/motion/MotionRe/base_mobileposer/data/raw/DIP_IMU/s_07/05.pkl,s_07,sensitivity_looser,spine,1020,1860,11.169847617024269,1.5127218792067476,0.810344865665102,False
/home/duanyuhan/dyh/motion/MotionRe/base_mobileposer/data/raw/DIP_IMU/s_07/05.pkl,s_07,sensitivity_looser,hip_knee,1020,1890,11.481015817058259,1.2861445721394424,1.6863267297118334,False
/home/duanyuhan/dyh/motion/MotionRe/base_mobileposer/data/raw/DIP_IMU/s_07/05.pkl,s_07,sensitivity_looser,spine,1020,1890,11.481015817058259,1.2861445721394424,0.5388119729324705,False
/home/duanyuhan/dyh/motion/MotionRe/base_mobileposer/data/raw/DIP_IMU/s_07/05.pkl,s_07,sensitivity_looser,hip_knee,1050,1890,10.57015330008019,1.6309051145722602,1.8033783040771318,False
/home/duanyuhan/dyh/motion/MotionRe/base_mobileposer/data/raw/DIP_IMU/s_07/05.pkl,s_07,sensitivity_looser,spine,1050,1890,10.57015330008019,1.6309051145722602,0.6987437556790143,False
/home/duanyuhan/dyh/motion/MotionRe/base_mobileposer/data/raw/DIP_IMU/s_07/05.pkl,s_07,sensitivity_looser,hip_knee,1080,1860,13.792165127766266,0.5563312650886109,1.8215296326924098,False
/home/duanyuhan/dyh/motion/MotionRe/base_mobileposer/data/raw/DIP_IMU/s_07/05.pkl,s_07,sensitivity_looser,spine,1080,1860,13.792165127766266,0.5563312650886109,1.08118701370435,False
/home/duanyuhan/dyh/motion/MotionRe/base_mobileposer/data/raw/DIP_IMU/s_07/05.pkl,s_07,sensitivity_looser,hip_knee,1080,1890,11.747950488490071,1.9003523540342866,1.6837441122365164,False
/home/duanyuhan/dyh/motion/MotionRe/base_mobileposer/data/raw/DIP_IMU/s_07/05.pkl,s_07,sensitivity_looser,spine,1080,1890,11.747950488490071,1.9003523540342866,0.8219296799584087,False
/home/duanyuhan/dyh/motion/MotionRe/base_mobileposer/data/raw/DIP_IMU/s_07/05.pkl,s_07,sensitivity_looser,hip_knee,1080,2250,16.31386902100611,1.8585256557033336,0.9127614873838477,False
/home/duanyuhan/dyh/motion/MotionRe/base_mobileposer/data/raw/DIP_IMU/s_07/05.pkl,s_07,sensitivity_looser,spine,1080,2250,16.31386902100611,1.8585256557033336,1.5720717791699534,False
/home/duanyuhan/dyh/motion/MotionRe/base_mobileposer/data/raw/DIP_IMU/s_07/05.pkl,s_07,sensitivity_looser,hip_knee,1110,5760,15.549420277113475,1.4441954843859686,5.305163008289742,False
/home/duanyuhan/dyh/motion/MotionRe/base_mobileposer/data/raw/DIP_IMU/s_07/05.pkl,s_07,sensitivity_looser,spine,1110,5760,15.549420277113475,1.4441954843859686,1.569057739872726,False
/home/duanyuhan/dyh/motion/MotionRe/base_mobileposer/data/raw/DIP_IMU/s_07/05.pkl,s_07,sensitivity_looser,hip_knee,1110,5790,12.370258801601095,0.9549220777679543,5.263544888901874,False
/home/duanyuhan/dyh/motion/MotionRe/base_mobileposer/data/raw/DIP_IMU/s_07/05.pkl,s_07,sensitivity_looser,spine,1110,5790,12.370258801601095,0.9549220777679543,0.9166542482634252,False
/home/duanyuhan/dyh/motion/MotionRe/base_mobileposer/data/raw/DIP_IMU/s_07/05.pkl,s_07,sensitivity_looser,hip_knee,1110,5820,17.372995761238617,1.4807221717308396,5.410846273750647,False
/home/duanyuhan/dyh/motion/MotionRe/base_mobileposer/data/raw/DIP_IMU/s_07/05.pkl,s_07,sensitivity_looser,spine,1110,5820,17.372995761238617,1.4807221717308396,0.9941204114384384,False
/home/duanyuhan/dyh/motion/MotionRe/base_mobileposer/data/raw/DIP_IMU/s_07/05.pkl,s_07,sensitivity_looser,hip_knee,1110,5850,18.40643545235396,1.3456197139433013,5.471054342351909,False
/home/duanyuhan/dyh/motion/MotionRe/base_mobileposer/data/raw/DIP_IMU/s_07/05.pkl,s_07,sensitivity_looser,spine,1110,5850,18.40643545235396,1.3456197139433013,0.9537323385394213,False
/home/duanyuhan/dyh/motion/MotionRe/base_mobileposer/data/raw/DIP_IMU/s_07/05.pkl,s_07,sensitivity_looser,hip_knee,1140,4230,19.29000153093614,0.8267532039789397,2.168190553794164,False
/home/duanyuhan/dyh/motion/MotionRe/base_mobileposer/data/raw/DIP_IMU/s_07/05.pkl,s_07,sensitivity_looser,spine,1140,4230,19.29000153093614,0.8267532039789397,0.43956171743393363,False
/home/duanyuhan/dyh/motion/MotionRe/base_mobileposer/data/raw/DIP_IMU/s_07/05.pkl,s_07,sensitivity_looser,hip_knee,1140,4260,19.295585824916586,1.0644204976372704,2.0133572725141713,False
/home/duanyuhan/dyh/motion/MotionRe/base_mobileposer/data/raw/DIP_IMU/s_07/05.pkl,s_07,sensitivity_looser,spine,1140,4260,19.295585824916586,1.0644204976372704,0.5921147506929194,False
/home/duanyuhan/dyh/motion/MotionRe/base_mobileposer/data/raw/DIP_IMU/s_07/05.pkl,s_07,sensitivity_looser,hip_knee,1140,4410,18.894420782773313,0.12714127033252384,1.9321271487727703,False
/home/duanyuhan/dyh/motion/MotionRe/base_mobileposer/data/raw/DIP_IMU/s_07/05.pkl,s_07,sensitivity_looser,spine,1140,4410,18.894420782773313,0.12714127033252384,2.7076693788825232,False
/home/duanyuhan/dyh/motion/MotionRe/base_mobileposer/data/raw/DIP_IMU/s_07/05.pkl,s_07,sensitivity_looser,hip_knee,1140,4440,15.45047940270934,1.8450264703477919,4.413989851143406,False
/home/duanyuhan/dyh/motion/MotionRe/base_mobileposer/data/raw/DIP_IMU/s_07/05.pkl,s_07,sensitivity_looser,spine,1140,4440,15.45047940270934,1.8450264703477919,6.686167774783107,False
/home/duanyuhan/dyh/motion/MotionRe/base_mobileposer/data/raw/DIP_IMU/s_07/05.pkl,s_07,sensitivity_looser,hip_knee,1140,5760,15.26077111563474,1.3981825416673308,5.325461285451775,False
/home/duanyuhan/dyh/motion/MotionRe/base_mobileposer/data/raw/DIP_IMU/s_07/05.pkl,s_07,sensitivity_looser,spine,1140,5760,15.26077111563474,1.3981825416673308,1.0723934960870292,False
/home/duanyuhan/dyh/motion/MotionRe/base_mobileposer/data/raw/DIP_IMU/s_07/05.pkl,s_07,sensitivity_looser,hip_knee,1140,5790,12.823112201147522,0.2975513942404783,5.285751420424109,False
/home/duanyuhan/dyh/motion/MotionRe/base_mobileposer/data/raw/DIP_IMU/s_07/05.pkl,s_07,sensitivity_looser,spine,1140,5790,12.823112201147522,0.2975513942404783,0.4582566478555839,False
/home/duanyuhan/dyh/motion/MotionRe/base_mobileposer/data/raw/DIP_IMU/s_07/05.pkl,s_07,sensitivity_looser,hip_knee,1140,5820,17.14908827643124,0.3823858720837031,5.429783501010196,False
/home/duanyuhan/dyh/motion/MotionRe/base_mobileposer/data/raw/DIP_IMU/s_07/05.pkl,s_07,sensitivity_looser,spine,1140,5820,17.14908827643124,0.3823858720837031,0.5518100718359303,False
/home/duanyuhan/dyh/motion/MotionRe/base_mobileposer/data/raw/DIP_IMU/s_07/05.pkl,s_07,sensitivity_looser,hip_knee,1140,5850,18.176200472425933,0.20529969898454706,5.491768664219878,False
/home/duanyuhan/dyh/motion/MotionRe/base_mobileposer/data/raw/DIP_IMU/s_07/05.pkl,s_07,sensitivity_looser,spine,1140,5850,18.176200472425933,0.20529969898454706,0.4979241125549381,False
/home/duanyuhan/dyh/motion/MotionRe/base_mobileposer/data/raw/DIP_IMU/s_07/05.pkl,s_07,sensitivity_looser,hip_knee,1170,4230,19.225660786177034,0.8620427927582602,2.330923448458946,False
/home/duanyuhan/dyh/motion/MotionRe/base_mobileposer/data/raw/DIP_IMU/s_07/05.pkl,s_07,sensitivity_looser,spine,1170,4230,19.225660786177034,0.8620427927582602,0.6144632297247316,False
/home/duanyuhan/dyh/motion/MotionRe/base_mobileposer/data/raw/DIP_IMU/s_07/05.pkl,s_07,sensitivity_looser,hip_knee,1170,4260,19.026488567537566,0.9631179614837918,2.1758442815938754,False
/home/duanyuhan/dyh/motion/MotionRe/base_mobileposer/data/raw/DIP_IMU/s_07/05.pkl,s_07,sensitivity_looser,spine,1170,4260,19.026488567537566,0.9631179614837918,0.6305153143717964,False
/home/duanyuhan/dyh/motion/MotionRe/base_mobileposer/data/raw/DIP_IMU/s_07/05.pkl,s_07,sensitivity_looser,hip_knee,1170,4410,18.309731771103845,0.23979655818931717,2.096498193692584,False
/home/duanyuhan/dyh/motion/MotionRe/base_mobileposer/data/raw/DIP_IMU/s_07/05.pkl,s_07,sensitivity_looser,spine,1170,4410,18.309731771103845,0.23979655818931717,2.6615213151881085,False
/home/duanyuhan/dyh/motion/MotionRe/base_mobileposer/data/raw/DIP_IMU/s_07/05.pkl,s_07,sensitivity_looser,hip_knee,1170,5760,15.016966517930982,1.2983752760326808,5.449498418744708,False
/home/duanyuhan/dyh/motion/MotionRe/base_mobileposer/data/raw/DIP_IMU/s_07/05.pkl,s_07,sensitivity_looser,spine,1170,5760,15.016966517930982,1.2983752760326808,1.0552868157440247,False
/home/duanyuhan/dyh/motion/MotionRe/base_mobileposer/data/raw/DIP_IMU/s_07/05.pkl,s_07,sensitivity_looser,hip_knee,1170,5790,12.054082670684299,0.23321966563236082,5.413814461129935,False
/home/duanyuhan/dyh/motion/MotionRe/base_mobileposer/data/raw/DIP_IMU/s_07/05.pkl,s_07,sensitivity_looser,spine,1170,5790,12.054082670684299,0.23321966563236082,0.39910820558057564,False
/home/duanyuhan/dyh/motion/MotionRe/base_mobileposer/data/raw/DIP_IMU/s_07/05.pkl,s_07,sensitivity_looser,hip_knee,1170,5820,17.00570271986574,0.533228522854156,5.561058259677584,False
/home/duanyuhan/dyh/motion/MotionRe/base_mobileposer/data/raw/DIP_IMU/s_07/05.pkl,s_07,sensitivity_looser,spine,1170,5820,17.00570271986574,0.533228522854156,0.3801646202890297,False
/home/duanyuhan/dyh/motion/MotionRe/base_mobileposer/data/raw/DIP_IMU/s_07/05.pkl,s_07,sensitivity_looser,hip_knee,1170,5850,18.016122538976866,0.36102661371607064,5.624494807639461,False
/home/duanyuhan/dyh/motion/MotionRe/base_mobileposer/data/raw/DIP_IMU/s_07/05.pkl,s_07,sensitivity_looser,spine,1170,5850,18.016122538976866,0.36102661371607064,0.39562661776901215,False
/home/duanyuhan/dyh/motion/MotionRe/base_mobileposer/data/raw/DIP_IMU/s_07/05.pkl,s_07,sensitivity_looser,hip_knee,1200,4230,18.69807689105833,0.7677559648848599,2.19198834275396,False
/home/duanyuhan/dyh/motion/MotionRe/base_mobileposer/data/raw/DIP_IMU/s_07/05.pkl,s_07,sensitivity_looser,spine,1200,4230,18.69807689105833,0.7677559648848599,0.6624267872461974,False
/home/duanyuhan/dyh/motion/MotionRe/base_mobileposer/data/raw/DIP_IMU/s_07/05.pkl,s_07,sensitivity_looser,hip_knee,1200,4260,18.377305476785605,0.9723895742166304,2.0337556174366997,False
/home/duanyuhan/dyh/motion/MotionRe/base_mobileposer/data/raw/DIP_IMU/s_07/05.pkl,s_07,sensitivity_looser,spine,1200,4260,18.377305476785605,0.9723895742166304,0.6345173060352162,False
/home/duanyuhan/dyh/motion/MotionRe/base_mobileposer/data/raw/DIP_IMU/s_07/05.pkl,s_07,sensitivity_looser,hip_knee,1200,4380,19.697921588639588,0.40323224663197355,1.9454135425772532,False
/home/duanyuhan/dyh/motion/MotionRe/base_mobileposer/data/raw/DIP_IMU/s_07/05.pkl,s_07,sensitivity_looser,spine,1200,4380,19.697921588639588,0.40323224663197355,0.9251398307267968,False
/home/duanyuhan/dyh/motion/MotionRe/base_mobileposer/data/raw/DIP_IMU/s_07/05.pkl,s_07,sensitivity_looser,hip_knee,1200,4410,18.089120808708795,0.18400823190422888,1.963549178791833,False
/home/duanyuhan/dyh/motion/MotionRe/base_mobileposer/data/raw/DIP_IMU/s_07/05.pkl,s_07,sensitivity_looser,spine,1200,4410,18.089120808708795,0.18400823190422888,2.7836659767793073,False
/home/duanyuhan/dyh/motion/MotionRe/base_mobileposer/data/raw/DIP_IMU/s_07/05.pkl,s_07,sensitivity_looser,hip_knee,1200,5760,15.199010425536834,1.321528922587565,5.364835346512964,False
/home/duanyuhan/dyh/motion/MotionRe/base_mobileposer/data/raw/DIP_IMU/s_07/05.pkl,s_07,sensitivity_looser,spine,1200,5760,15.199010425536834,1.321528922587565,1.1616476286104314,False
/home/duanyuhan/dyh/motion/MotionRe/base_mobileposer/data/raw/DIP_IMU/s_07/05.pkl,s_07,sensitivity_looser,hip_knee,1200,5790,12.224242153479397,0.2847264390905858,5.332621885988301,False
/home/duanyuhan/dyh/motion/MotionRe/base_mobileposer/data/raw/DIP_IMU/s_07/05.pkl,s_07,sensitivity_looser,spine,1200,5790,12.224242153479397,0.2847264390905858,0.5605272704544276,False
/home/duanyuhan/dyh/motion/MotionRe/base_mobileposer/data/raw/DIP_IMU/s_07/05.pkl,s_07,sensitivity_looser,hip_knee,1200,5820,17.158746168010918,0.4143130992179075,5.47674836029641,False
/home/duanyuhan/dyh/motion/MotionRe/base_mobileposer/data/raw/DIP_IMU/s_07/05.pkl,s_07,sensitivity_looser,spine,1200,5820,17.158746168010918,0.4143130992179075,0.36918040092533383,False
/home/duanyuhan/dyh/motion/MotionRe/base_mobileposer/data/raw/DIP_IMU/s_07/05.pkl,s_07,sensitivity_looser,hip_knee,1200,5850,18.179234735268466,0.268836273654636,5.53888205844558,False
/home/duanyuhan/dyh/motion/MotionRe/base_mobileposer/data/raw/DIP_IMU/s_07/05.pkl,s_07,sensitivity_looser,spine,1200,5850,18.179234735268466,0.268836273654636,0.476782339702692,False
/home/duanyuhan/dyh/motion/MotionRe/base_mobileposer/data/raw/DIP_IMU/s_07/05.pkl,s_07,sensitivity_looser,hip_knee,1230,4230,18.62370322888976,0.8037723678913719,1.9644055386331198,False
/home/duanyuhan/dyh/motion/MotionRe/base_mobileposer/data/raw/DIP_IMU/s_07/05.pkl,s_07,sensitivity_looser,spine,1230,4230,18.62370322888976,0.8037723678913719,0.6085885922073849,False
/home/duanyuhan/dyh/motion/MotionRe/base_mobileposer/data/raw/DIP_IMU/s_07/05.pkl,s_07,sensitivity_looser,hip_knee,1230,4260,18.419823518941236,1.0392173915216307,1.8014013552607802,False
/home/duanyuhan/dyh/motion/MotionRe/base_mobileposer/data/raw/DIP_IMU/s_07/05.pkl,s_07,sensitivity_looser,spine,1230,4260,18.419823518941236,1.0392173915216307,0.7723555738969692,False
/home/duanyuhan/dyh/motion/MotionRe/base_mobileposer/data/raw/DIP_IMU/s_07/05.pkl,s_07,sensitivity_looser,hip_knee,1230,4380,19.819962837268754,0.268383961156877,1.704310722893028,False
/home/duanyuhan/dyh/motion/MotionRe/base_mobileposer/data/raw/DIP_IMU/s_07/05.pkl,s_07,sensitivity_looser,spine,1230,4380,19.819962837268754,0.268383961156877,0.956076520955365,False
/home/duanyuhan/dyh/motion/MotionRe/base_mobileposer/data/raw/DIP_IMU/s_07/05.pkl,s_07,sensitivity_looser,hip_knee,1230,4410,18.200356837988966,0.09742442573969315,1.7292368133145515,False
/home/duanyuhan/dyh/motion/MotionRe/base_mobileposer/data/raw/DIP_IMU/s_07/05.pkl,s_07,sensitivity_looser,spine,1230,4410,18.200356837988966,0.09742442573969315,2.853976505897877,False
/home/duanyuhan/dyh/motion/MotionRe/base_mobileposer/data/raw/DIP_IMU/s_07/05.pkl,s_07,sensitivity_looser,hip_knee,1230,4440,15.508202929593454,1.960107352529209,4.410156618394449,False
/home/duanyuhan/dyh/motion/MotionRe/base_mobileposer/data/raw/DIP_IMU/s_07/05.pkl,s_07,sensitivity_looser,spine,1230,4440,15.508202929593454,1.960107352529209,6.719518525556019,False
/home/duanyuhan/dyh/motion/MotionRe/base_mobileposer/data/raw/DIP_IMU/s_07/05.pkl,s_07,sensitivity_looser,hip_knee,1230,5760,15.214342468737835,1.3855609868823482,5.230352160049753,False
/home/duanyuhan/dyh/motion/MotionRe/base_mobileposer/data/raw/DIP_IMU/s_07/05.pkl,s_07,sensitivity_looser,spine,1230,5760,15.214342468737835,1.3855609868823482,1.2061109622224448,False
/home/duanyuhan/dyh/motion/MotionRe/base_mobileposer/data/raw/DIP_IMU/s_07/05.pkl,s_07,sensitivity_looser,hip_knee,1230,5790,12.276692148706813,0.32476212963187145,5.198276213318968,False
/home/duanyuhan/dyh/motion/MotionRe/base_mobileposer/data/raw/DIP_IMU/s_07/05.pkl,s_07,sensitivity_looser,spine,1230,5790,12.276692148706813,0.32476212963187145,0.5971674221300005,False
/home/duanyuhan/dyh/motion/MotionRe/base_mobileposer/data/raw/DIP_IMU/s_07/05.pkl,s_07,sensitivity_looser,hip_knee,1230,5820,17.16996341838469,0.30180629750384524,5.336446113751774,False
/home/duanyuhan/dyh/motion/MotionRe/base_mobileposer/data/raw/DIP_IMU/s_07/05.pkl,s_07,sensitivity_looser,spine,1230,5820,17.16996341838469,0.30180629750384524,0.4145431553916894,False
/home/duanyuhan/dyh/motion/MotionRe/base_mobileposer/data/raw/DIP_IMU/s_07/05.pkl,s_07,sensitivity_looser,hip_knee,1230,5850,18.195827269670907,0.12748424855253335,5.3965302425647845,False
/home/duanyuhan/dyh/motion/MotionRe/base_mobileposer/data/raw/DIP_IMU/s_07/05.pkl,s_07,sensitivity_looser,spine,1230,5850,18.195827269670907,0.12748424855253335,0.5145925199364552,False
/home/duanyuhan/dyh/motion/MotionRe/base_mobileposer/data/raw/DIP_IMU/s_07/05.pkl,s_07,sensitivity_looser,hip_knee,1260,4230,18.570801563389185,0.7963066070621698,1.9251265138105065,False
/home/duanyuhan/dyh/motion/MotionRe/base_mobileposer/data/raw/DIP_IMU/s_07/05.pkl,s_07,sensitivity_looser,spine,1260,4230,18.570801563389185,0.7963066070621698,0.5689415533487515,False
/home/duanyuhan/dyh/motion/MotionRe/base_mobileposer/data/raw/DIP_IMU/s_07/05.pkl,s_07,sensitivity_looser,hip_knee,1260,4260,18.383204453973722,0.994542486870317,1.7622872322391716,False
/home/duanyuhan/dyh/motion/MotionRe/base_mobileposer/data/raw/DIP_IMU/s_07/05.pkl,s_07,sensitivity_looser,spine,1260,4260,18.383204453973722,0.994542486870317,0.7258550532300565,False
/home/duanyuhan/dyh/motion/MotionRe/base_mobileposer/data/raw/DIP_IMU/s_07/05.pkl,s_07,sensitivity_looser,hip_knee,1260,4380,19.87621119955812,0.2799771377804324,1.6531732777334616,False
/home/duanyuhan/dyh/motion/MotionRe/base_mobileposer/data/raw/DIP_IMU/s_07/05.pkl,s_07,sensitivity_looser,spine,1260,4380,19.87621119955812,0.2799771377804324,0.9428689808258858,False
/home/duanyuhan/dyh/motion/MotionRe/base_mobileposer/data/raw/DIP_IMU/s_07/05.pkl,s_07,sensitivity_looser,hip_knee,1260,4410,18.399315286721244,0.10015802802650343,1.6969363391526944,False
/home/duanyuhan/dyh/motion/MotionRe/base_mobileposer/data/raw/DIP_IMU/s_07/05.pkl,s_07,sensitivity_looser,spine,1260,4410,18.399315286721244,0.10015802802650343,2.837694478133681,False
/home/duanyuhan/dyh/motion/MotionRe/base_mobileposer/data/raw/DIP_IMU/s_07/05.pkl,s_07,sensitivity_looser,hip_knee,1260,4440,15.739961470262692,1.9857207967342145,4.441581132423417,False
/home/duanyuhan/dyh/motion/MotionRe/base_mobileposer/data/raw/DIP_IMU/s_07/05.pkl,s_07,sensitivity_looser,spine,1260,4440,15.739961470262692,1.9857207967342145,6.748235328140094,False
/home/duanyuhan/dyh/motion/MotionRe/base_mobileposer/data/raw/DIP_IMU/s_07/05.pkl,s_07,sensitivity_looser,hip_knee,1260,5760,15.347067961645553,1.3446282854210971,5.203875365663649,False
/home/duanyuhan/dyh/motion/MotionRe/base_mobileposer/data/raw/DIP_IMU/s_07/05.pkl,s_07,sensitivity_looser,spine,1260,5760,15.347067961645553,1.3446282854210971,1.065575382510674,False
/home/duanyuhan/dyh/motion/MotionRe/base_mobileposer/data/raw/DIP_IMU/s_07/05.pkl,s_07,sensitivity_looser,hip_knee,1260,5790,12.495460645396129,0.3190279444183373,5.173677646040322,False
/home/duanyuhan/dyh/motion/MotionRe/base_mobileposer/data/raw/DIP_IMU/s_07/05.pkl,s_07,sensitivity_looser,spine,1260,5790,12.495460645396129,0.3190279444183373,0.47456784339823904,False
/home/duanyuhan/dyh/motion/MotionRe/base_mobileposer/data/raw/DIP_IMU/s_07/05.pkl,s_07,sensitivity_looser,hip_knee,1260,5820,17.353222152199507,0.30707405845711244,5.309941505063181,False
/home/duanyuhan/dyh/motion/MotionRe/base_mobileposer/data/raw/DIP_IMU/s_07/05.pkl,s_07,sensitivity_looser,spine,1260,5820,17.353222152199507,0.30707405845711244,0.31903451872395655,False
/home/duanyuhan/dyh/motion/MotionRe/base_mobileposer/data/raw/DIP_IMU/s_07/05.pkl,s_07,sensitivity_looser,hip_knee,1260,5850,18.376009295267565,0.1363888676331845,5.369807674845423,False
/home/duanyuhan/dyh/motion/MotionRe/base_mobileposer/data/raw/DIP_IMU/s_07/05.pkl,s_07,sensitivity_looser,spine,1260,5850,18.376009295267565,0.1363888676331845,0.3945289393004128,False
/home/duanyuhan/dyh/motion/MotionRe/base_mobileposer/data/raw/DIP_IMU/s_07/05.pkl,s_07,sensitivity_looser,hip_knee,1290,4230,18.48215262795931,0.7559451938709755,1.9380284088012494,False
/home/duanyuhan/dyh/motion/MotionRe/base_mobileposer/data/raw/DIP_IMU/s_07/05.pkl,s_07,sensitivity_looser,spine,1290,4230,18.48215262795931,0.7559451938709755,0.5779653406174056,False
/home/duanyuhan/dyh/motion/MotionRe/base_mobileposer/data/raw/DIP_IMU/s_07/05.pkl,s_07,sensitivity_looser,hip_knee,1290,4260,18.299705256616456,1.0093281433285841,1.7706860027097588,False
/home/duanyuhan/dyh/motion/MotionRe/base_mobileposer/data/raw/DIP_IMU/s_07/05.pkl,s_07,sensitivity_looser,spine,1290,4260,18.299705256616456,1.0093281433285841,0.699554685056219,False
/home/duanyuhan/dyh/motion/MotionRe/base_mobileposer/data/raw/DIP_IMU/s_07/05.pkl,s_07,sensitivity_looser,hip_knee,1290,4380,19.833658174700254,0.3285267444000731,1.622933483149415,False
/home/duanyuhan/dyh/motion/MotionRe/base_mobileposer/data/raw/DIP_IMU/s_07/05.pkl,s_07,sensitivity_looser,spine,1290,4380,19.833658174700254,0.3285267444000731,0.9258165789303693,False
/home/duanyuhan/dyh/motion/MotionRe/base_mobileposer/data/raw/DIP_IMU/s_07/05.pkl,s_07,sensitivity_looser,hip_knee,1290,4410,18.44751441633141,0.10779428019898372,1.6748933205252805,False
/home/duanyuhan/dyh/motion/MotionRe/base_mobileposer/data/raw/DIP_IMU/s_07/05.pkl,s_07,sensitivity_looser,spine,1290,4410,18.44751441633141,0.10779428019898372,2.805754757723141,False
/home/duanyuhan/dyh/motion/MotionRe/base_mobileposer/data/raw/DIP_IMU/s_07/05.pkl,s_07,sensitivity_looser,hip_knee,1290,5760,15.350271734950864,1.354592794998397,5.211709086672812,False
/home/duanyuhan/dyh/motion/MotionRe/base_mobileposer/data/raw/DIP_IMU/s_07/05.pkl,s_07,sensitivity_looser,spine,1290,5760,15.350271734950864,1.354592794998397,1.0181037594889766,False
/home/duanyuhan/dyh/motion/MotionRe/base_mobileposer/data/raw/DIP_IMU/s_07/05.pkl,s_07,sensitivity_looser,hip_knee,1290,5790,12.566017203889695,0.3023336407792633,5.184239253474774,False
/home/duanyuhan/dyh/motion/MotionRe/base_mobileposer/data/raw/DIP_IMU/s_07/05.pkl,s_07,sensitivity_looser,spine,1290,5790,12.566017203889695,0.3023336407792633,0.4218317713440622,False
/home/duanyuhan/dyh/motion/MotionRe/base_mobileposer/data/raw/DIP_IMU/s_07/05.pkl,s_07,sensitivity_looser,hip_knee,1290,5820,17.39630996199407,0.3512798078679242,5.31755037607709,False
/home/duanyuhan/dyh/motion/MotionRe/base_mobileposer/data/raw/DIP_IMU/s_07/05.pkl,s_07,sensitivity_looser,spine,1290,5820,17.39630996199407,0.3512798078679242,0.30240989503287113,False
/home/duanyuhan/dyh/motion/MotionRe/base_mobileposer/data/raw/DIP_IMU/s_07/05.pkl,s_07,sensitivity_looser,hip_knee,1290,5850,18.415954173171837,0.19206627594481923,5.3766768582709,False
/home/duanyuhan/dyh/motion/MotionRe/base_mobileposer/data/raw/DIP_IMU/s_07/05.pkl,s_07,sensitivity_looser,spine,1290,5850,18.415954173171837,0.19206627594481923,0.34994374160510033,False
/home/duanyuhan/dyh/motion/MotionRe/base_mobileposer/data/raw/DIP_IMU/s_07/05.pkl,s_07,sensitivity_looser,hip_knee,1320,4230,18.3907075950909,0.7712600472828236,1.9894908920725247,False
/home/duanyuhan/dyh/motion/MotionRe/base_mobileposer/data/raw/DIP_IMU/s_07/05.pkl,s_07,sensitivity_looser,spine,1320,4230,18.3907075950909,0.7712600472828236,0.5796520057246334,False
/home/duanyuhan/dyh/motion/MotionRe/base_mobileposer/data/raw/DIP_IMU/s_07/05.pkl,s_07,sensitivity_looser,hip_knee,1320,4260,18.14502761770058,1.0301165089495585,1.8413223096186595,False
/home/duanyuhan/dyh/motion/MotionRe/base_mobileposer/data/raw/DIP_IMU/s_07/05.pkl,s_07,sensitivity_looser,spine,1320,4260,18.14502761770058,1.0301165089495585,0.7350912791041173,False
/home/duanyuhan/dyh/motion/MotionRe/base_mobileposer/data/raw/DIP_IMU/s_07/05.pkl,s_07,sensitivity_looser,hip_knee,1320,4290,19.958041173043103,0.8159957194447363,1.714569614947404,False
/home/duanyuhan/dyh/motion/MotionRe/base_mobileposer/data/raw/DIP_IMU/s_07/05.pkl,s_07,sensitivity_looser,spine,1320,4290,19.958041173043103,0.8159957194447363,0.8308724864069057,False
/home/duanyuhan/dyh/motion/MotionRe/base_mobileposer/data/raw/DIP_IMU/s_07/05.pkl,s_07,sensitivity_looser,hip_knee,1320,4380,19.49635005921736,0.287646070822284,1.6825406157371572,False
/home/duanyuhan/dyh/motion/MotionRe/base_mobileposer/data/raw/DIP_IMU/s_07/05.pkl,s_07,sensitivity_looser,spine,1320,4380,19.49635005921736,0.287646070822284,0.9725960200181388,False
/home/duanyuhan/dyh/motion/MotionRe/base_mobileposer/data/raw/DIP_IMU/s_07/05.pkl,s_07,sensitivity_looser,hip_knee,1320,4410,18.11983353140606,0.1069580326053692,1.7381421728030026,False
/home/duanyuhan/dyh/motion/MotionRe/base_mobileposer/data/raw/DIP_IMU/s_07/05.pkl,s_07,sensitivity_looser,spine,1320,4410,18.11983353140606,0.1069580326053692,2.8619498351565973,False
/home/duanyuhan/dyh/motion/MotionRe/base_mobileposer/data/raw/DIP_IMU/s_07/05.pkl,s_07,sensitivity_looser,hip_knee,1320,5760,15.029535974636966,1.3741074000647409,5.213749649043717,False
/home/duanyuhan/dyh/motion/MotionRe/base_mobileposer/data/raw/DIP_IMU/s_07/05.pkl,s_07,sensitivity_looser,spine,1320,5760,15.029535974636966,1.3741074000647409,1.0345510028069356,False
/home/duanyuhan/dyh/motion/MotionRe/base_mobileposer/data/raw/DIP_IMU/s_07/05.pkl,s_07,sensitivity_looser,hip_knee,1320,5790,12.294059350871954,0.3441584544960391,5.19062490072771,False
/home/duanyuhan/dyh/motion/MotionRe/base_mobileposer/data/raw/DIP_IMU/s_07/05.pkl,s_07,sensitivity_looser,spine,1320,5790,12.294059350871954,0.3441584544960391,0.45505990095654353,False
/home/duanyuhan/dyh/motion/MotionRe/base_mobileposer/data/raw/DIP_IMU/s_07/05.pkl,s_07,sensitivity_looser,hip_knee,1320,5820,17.114124122603332,0.2987605708232061,5.323418524616621,False
/home/duanyuhan/dyh/motion/MotionRe/base_mobileposer/data/raw/DIP_IMU/s_07/05.pkl,s_07,sensitivity_looser,spine,1320,5820,17.114124122603332,0.2987605708232061,0.3140713064085371,False
/home/duanyuhan/dyh/motion/MotionRe/base_mobileposer/data/raw/DIP_IMU/s_07/05.pkl,s_07,sensitivity_looser,hip_knee,1320,5850,18.12756021949321,0.14731971839225014,5.381902147435063,False
/home/duanyuhan/dyh/motion/MotionRe/base_mobileposer/data/raw/DIP_IMU/s_07/05.pkl,s_07,sensitivity_looser,spine,1320,5850,18.12756021949321,0.14731971839225014,0.34591751193125164,False
/home/duanyuhan/dyh/motion/MotionRe/base_mobileposer/data/raw/DIP_IMU/s_07/05.pkl,s_07,sensitivity_looser,hip_knee,1350,4230,18.33109610681291,0.8044803164436825,1.9823412032474905,False
/home/duanyuhan/dyh/motion/MotionRe/base_mobileposer/data/raw/DIP_IMU/s_07/05.pkl,s_07,sensitivity_looser,spine,1350,4230,18.33109610681291,0.8044803164436825,0.4186180881838551,False
/home/duanyuhan/dyh/motion/MotionRe/base_mobileposer/data/raw/DIP_IMU/s_07/05.pkl,s_07,sensitivity_looser,hip_knee,1350,4260,17.925808515630646,1.0656202870662663,1.8400430827380052,False
/home/duanyuhan/dyh/motion/MotionRe/base_mobileposer/data/raw/DIP_IMU/s_07/05.pkl,s_07,sensitivity_looser,spine,1350,4260,17.925808515630646,1.0656202870662663,0.6857654664622922,False
/home/duanyuhan/dyh/motion/MotionRe/base_mobileposer/data/raw/DIP_IMU/s_07/05.pkl,s_07,sensitivity_looser,hip_knee,1350,4290,19.547547032705694,0.8652711723403249,1.712165476867994,False
/home/duanyuhan/dyh/motion/MotionRe/base_mobileposer/data/raw/DIP_IMU/s_07/05.pkl,s_07,sensitivity_looser,spine,1350,4290,19.547547032705694,0.8652711723403249,0.8335128277764333,False
/home/duanyuhan/dyh/motion/MotionRe/base_mobileposer/data/raw/DIP_IMU/s_07/05.pkl,s_07,sensitivity_looser,hip_knee,1350,4380,19.142921772312075,0.1853653995610719,1.6653741618099571,False
/home/duanyuhan/dyh/motion/MotionRe/base_mobileposer/data/raw/DIP_IMU/s_07/05.pkl,s_07,sensitivity_looser,spine,1350,4380,19.142921772312075,0.1853653995610719,0.9947370037962058,False
/home/duanyuhan/dyh/motion/MotionRe/base_mobileposer/data/raw/DIP_IMU/s_07/05.pkl,s_07,sensitivity_looser,hip_knee,1350,4410,18.162019684537853,0.3792542430150694,1.7355560775524157,False
/home/duanyuhan/dyh/motion/MotionRe/base_mobileposer/data/raw/DIP_IMU/s_07/05.pkl,s_07,sensitivity_looser,spine,1350,4410,18.162019684537853,0.3792542430150694,2.8951362474109383,False
/home/duanyuhan/dyh/motion/MotionRe/base_mobileposer/data/raw/DIP_IMU/s_07/05.pkl,s_07,sensitivity_looser,hip_knee,1350,5760,14.945466578516257,1.412306169026289,5.205904238670965,False
/home/duanyuhan/dyh/motion/MotionRe/base_mobileposer/data/raw/DIP_IMU/s_07/05.pkl,s_07,sensitivity_looser,spine,1350,5760,14.945466578516257,1.412306169026289,1.1505791349080006,False
/home/duanyuhan/dyh/motion/MotionRe/base_mobileposer/data/raw/DIP_IMU/s_07/05.pkl,s_07,sensitivity_looser,hip_knee,1350,5790,12.203973439633932,0.6991835658609904,5.180901326059919,False
/home/duanyuhan/dyh/motion/MotionRe/base_mobileposer/data/raw/DIP_IMU/s_07/05.pkl,s_07,sensitivity_looser,spine,1350,5790,12.203973439633932,0.6991835658609904,0.6850854477757172,False
/home/duanyuhan/dyh/motion/MotionRe/base_mobileposer/data/raw/DIP_IMU/s_07/05.pkl,s_07,sensitivity_looser,hip_knee,1350,5820,16.956588502816228,0.14115672576156219,5.309841687520947,False
/home/duanyuhan/dyh/motion/MotionRe/base_mobileposer/data/raw/DIP_IMU/s_07/05.pkl,s_07,sensitivity_looser,spine,1350,5820,16.956588502816228,0.14115672576156219,0.6249475380001531,False
/home/duanyuhan/dyh/motion/MotionRe/base_mobileposer/data/raw/DIP_IMU/s_07/05.pkl,s_07,sensitivity_looser,hip_knee,1350,5850,17.98303649005122,0.2584254376699389,5.367440992733903,False
/home/duanyuhan/dyh/motion/MotionRe/base_mobileposer/data/raw/DIP_IMU/s_07/05.pkl,s_07,sensitivity_looser,spine,1350,5850,17.98303649005122,0.2584254376699389,0.6344318497461501,False
/home/duanyuhan/dyh/motion/MotionRe/base_mobileposer/data/raw/DIP_IMU/s_07/05.pkl,s_07,sensitivity_looser,hip_knee,1380,3870,19.143231227255253,1.3066127520172184,0.7875891977459084,False
/home/duanyuhan/dyh/motion/MotionRe/base_mobileposer/data/raw/DIP_IMU/s_07/05.pkl,s_07,sensitivity_looser,spine,1380,3870,19.143231227255253,1.3066127520172184,0.8617941504231915,False
/home/duanyuhan/dyh/motion/MotionRe/base_mobileposer/data/raw/DIP_IMU/s_07/05.pkl,s_07,sensitivity_looser,hip_knee,1380,3900,18.429145780045577,1.141397009553819,1.0076773658910811,False
/home/duanyuhan/dyh/motion/MotionRe/base_mobileposer/data/raw/DIP_IMU/s_07/05.pkl,s_07,sensitivity_looser,spine,1380,3900,18.429145780045577,1.141397009553819,0.9381320924743418,False
/home/duanyuhan/dyh/motion/MotionRe/base_mobileposer/data/raw/DIP_IMU/s_07/05.pkl,s_07,sensitivity_looser,hip_knee,1380,3930,18.293747691613646,1.2712136700998153,0.9845226677918899,False
/home/duanyuhan/dyh/motion/MotionRe/base_mobileposer/data/raw/DIP_IMU/s_07/05.pkl,s_07,sensitivity_looser,spine,1380,3930,18.293747691613646,1.2712136700998153,1.1332247592446156,False
/home/duanyuhan/dyh/motion/MotionRe/base_mobileposer/data/raw/DIP_IMU/s_07/05.pkl,s_07,sensitivity_looser,hip_knee,1410,1800,9.332725369347965,1.272745901638313,1.1554146214493088,False
/home/duanyuhan/dyh/motion/MotionRe/base_mobileposer/data/raw/DIP_IMU/s_07/05.pkl,s_07,sensitivity_looser,spine,1410,1800,9.332725369347965,1.272745901638313,1.0450977250478255,False
/home/duanyuhan/dyh/motion/MotionRe/base_mobileposer/data/raw/DIP_IMU/s_07/05.pkl,s_07,sensitivity_looser,hip_knee,1410,3870,17.550271756888954,1.813561063933223,1.0261298542657042,False
/home/duanyuhan/dyh/motion/MotionRe/base_mobileposer/data/raw/DIP_IMU/s_07/05.pkl,s_07,sensitivity_looser,spine,1410,3870,17.550271756888954,1.813561063933223,2.6013253856317378,False
/home/duanyuhan/dyh/motion/MotionRe/base_mobileposer/data/raw/DIP_IMU/s_07/05.pkl,s_07,sensitivity_looser,hip_knee,1410,3900,18.44755209877198,0.9467017891642009,1.2100892964652825,False
/home/duanyuhan/dyh/motion/MotionRe/base_mobileposer/data/raw/DIP_IMU/s_07/05.pkl,s_07,sensitivity_looser,spine,1410,3900,18.44755209877198,0.9467017891642009,2.5243132443841083,False
/home/duanyuhan/dyh/motion/MotionRe/base_mobileposer/data/raw/DIP_IMU/s_07/05.pkl,s_07,sensitivity_looser,hip_knee,1440,1800,10.420944824190483,1.344190629197778,0.9700548059148554,False
/home/duanyuhan/dyh/motion/MotionRe/base_mobileposer/data/raw/DIP_IMU/s_07/05.pkl,s_07,sensitivity_looser,spine,1440,1800,10.420944824190483,1.344190629197778,0.5962964181512868,False
/home/duanyuhan/dyh/motion/MotionRe/base_mobileposer/data/raw/DIP_IMU/s_07/05.pkl,s_07,sensitivity_looser,hip_knee,1470,1800,14.638179620587508,0.9097839256201523,0.8278657168611703,False
/home/duanyuhan/dyh/motion/MotionRe/base_mobileposer/data/raw/DIP_IMU/s_07/05.pkl,s_07,sensitivity_looser,spine,1470,1800,14.638179620587508,0.9097839256201523,0.9522352529130144,False
/home/duanyuhan/dyh/motion/MotionRe/base_mobileposer/data/raw/DIP_IMU/s_07/05.pkl,s_07,sensitivity_looser,hip_knee,1800,3870,15.845005002523774,1.615428950041125,1.6412069680719448,False
/home/duanyuhan/dyh/motion/MotionRe/base_mobileposer/data/raw/DIP_IMU/s_07/05.pkl,s_07,sensitivity_looser,spine,1800,3870,15.845005002523774,1.615428950041125,3.5198299837398053,False
/home/duanyuhan/dyh/motion/MotionRe/base_mobileposer/data/raw/DIP_IMU/s_07/05.pkl,s_07,sensitivity_looser,hip_knee,1800,3900,17.228214952601625,1.0350107101953852,1.726449003841789,False
/home/duanyuhan/dyh/motion/MotionRe/base_mobileposer/data/raw/DIP_IMU/s_07/05.pkl,s_07,sensitivity_looser,spine,1800,3900,17.228214952601625,1.0350107101953852,3.462934232450422,False
/home/duanyuhan/dyh/motion/MotionRe/base_mobileposer/data/raw/DIP_IMU/s_07/05.pkl,s_07,sensitivity_looser,hip_knee,1800,3930,19.495097987366577,1.0527453740465542,1.6903208946003865,False
/home/duanyuhan/dyh/motion/MotionRe/base_mobileposer/data/raw/DIP_IMU/s_07/05.pkl,s_07,sensitivity_looser,spine,1800,3930,19.495097987366577,1.0527453740465542,3.6767206296681514,False
/home/duanyuhan/dyh/motion/MotionRe/base_mobileposer/data/raw/DIP_IMU/s_07/05.pkl,s_07,sensitivity_looser,hip_knee,1860,2250,17.64258172955306,1.9039972562785177,1.5873138568440346,False
/home/duanyuhan/dyh/motion/MotionRe/base_mobileposer/data/raw/DIP_IMU/s_07/05.pkl,s_07,sensitivity_looser,spine,1860,2250,17.64258172955306,1.9039972562785177,1.526160841276112,False
/home/duanyuhan/dyh/motion/MotionRe/base_mobileposer/data/raw/DIP_IMU/s_07/05.pkl,s_07,sensitivity_looser,hip_knee,1890,2250,18.72670101452254,0.7639757876157116,1.5278291030725457,False
/home/duanyuhan/dyh/motion/MotionRe/base_mobileposer/data/raw/DIP_IMU/s_07/05.pkl,s_07,sensitivity_looser,spine,1890,2250,18.72670101452254,0.7639757876157116,1.3984134230369978,False
/home/duanyuhan/dyh/motion/MotionRe/base_mobileposer/data/raw/DIP_IMU/s_07/05.pkl,s_07,sensitivity_looser,hip_knee,1920,2250,6.786299170356205,1.0059786393294572,1.3878136947811135,False
/home/duanyuhan/dyh/motion/MotionRe/base_mobileposer/data/raw/DIP_IMU/s_07/05.pkl,s_07,sensitivity_looser,spine,1920,2250,6.786299170356205,1.0059786393294572,1.2601848651324021,False
/home/duanyuhan/dyh/motion/MotionRe/base_mobileposer/data/raw/DIP_IMU/s_07/05.pkl,s_07,sensitivity_looser,hip_knee,1920,2310,19.742926605139456,1.8070248757332679,1.9138201220320823,False
/home/duanyuhan/dyh/motion/MotionRe/base_mobileposer/data/raw/DIP_IMU/s_07/05.pkl,s_07,sensitivity_looser,spine,1920,2310,19.742926605139456,1.8070248757332679,2.6128030992055673,False
/home/duanyuhan/dyh/motion/MotionRe/base_mobileposer/data/raw/DIP_IMU/s_07/05.pkl,s_07,sensitivity_looser,hip_knee,1920,2400,15.945838812636454,0.7013756757731114,1.8025735909128997,False
/home/duanyuhan/dyh/motion/MotionRe/base_mobileposer/data/raw/DIP_IMU/s_07/05.pkl,s_07,sensitivity_looser,spine,1920,2400,15.945838812636454,0.7013756757731114,1.981248094026134,False
/home/duanyuhan/dyh/motion/MotionRe/base_mobileposer/data/raw/DIP_IMU/s_07/05.pkl,s_07,sensitivity_looser,hip_knee,1920,2430,17.17840119706926,0.544639157661138,1.5898032570209655,False
/home/duanyuhan/dyh/motion/MotionRe/base_mobileposer/data/raw/DIP_IMU/s_07/05.pkl,s_07,sensitivity_looser,spine,1920,2430,17.17840119706926,0.544639157661138,1.9877073491773853,False
/home/duanyuhan/dyh/motion/MotionRe/base_mobileposer/data/raw/DIP_IMU/s_07/05.pkl,s_07,sensitivity_looser,hip_knee,1920,2460,14.867158712631838,1.32461986041116,1.5796166510260534,False
/home/duanyuhan/dyh/motion/MotionRe/base_mobileposer/data/raw/DIP_IMU/s_07/05.pkl,s_07,sensitivity_looser,spine,1920,2460,14.867158712631838,1.32461986041116,2.076262129727738,False
/home/duanyuhan/dyh/motion/MotionRe/base_mobileposer/data/raw/DIP_IMU/s_07/05.pkl,s_07,sensitivity_looser,hip_knee,1920,3720,19.630545809335093,1.5552174416752542,2.809800499983434,False
/home/duanyuhan/dyh/motion/MotionRe/base_mobileposer/data/raw/DIP_IMU/s_07/05.pkl,s_07,sensitivity_looser,spine,1920,3720,19.630545809335093,1.5552174416752542,4.55439159350832,False
/home/duanyuhan/dyh/motion/MotionRe/base_mobileposer/data/raw/DIP_IMU/s_07/05.pkl,s_07,sensitivity_looser,hip_knee,1920,4080,19.926411401168394,0.8662753169913968,1.239293977874386,False
/home/duanyuhan/dyh/motion/MotionRe/base_mobileposer/data/raw/DIP_IMU/s_07/05.pkl,s_07,sensitivity_looser,spine,1920,4080,19.926411401168394,0.8662753169913968,3.581324886381085,False
/home/duanyuhan/dyh/motion/MotionRe/base_mobileposer/data/raw/DIP_IMU/s_07/05.pkl,s_07,sensitivity_looser,hip_knee,1950,2250,16.11059026632296,1.3482449896056201,0.42471093517918745,False
/home/duanyuhan/dyh/motion/MotionRe/base_mobileposer/data/raw/DIP_IMU/s_07/05.pkl,s_07,sensitivity_looser,spine,1950,2250,16.11059026632296,1.3482449896056201,0.2680867467357007,False
/home/duanyuhan/dyh/motion/MotionRe/base_mobileposer/data/raw/DIP_IMU/s_07/05.pkl,s_07,sensitivity_looser,hip_knee,1950,2310,13.492767345437702,0.5174510491158547,0.8521216377153837,False
/home/duanyuhan/dyh/motion/MotionRe/base_mobileposer/data/raw/DIP_IMU/s_07/05.pkl,s_07,sensitivity_looser,spine,1950,2310,13.492767345437702,0.5174510491158547,1.7115131300276538,False
/home/duanyuhan/dyh/motion/MotionRe/base_mobileposer/data/raw/DIP_IMU/s_07/05.pkl,s_07,sensitivity_looser,hip_knee,1950,2340,19.1303906328294,1.1558957705279604,1.1917833491272507,False
/home/duanyuhan/dyh/motion/MotionRe/base_mobileposer/data/raw/DIP_IMU/s_07/05.pkl,s_07,sensitivity_looser,spine,1950,2340,19.1303906328294,1.1558957705279604,2.1634980254119314,False
/home/duanyuhan/dyh/motion/MotionRe/base_mobileposer/data/raw/DIP_IMU/s_07/05.pkl,s_07,sensitivity_looser,hip_knee,1950,2400,8.476387962234572,1.4829899112071867,1.0598388386285602,False
/home/duanyuhan/dyh/motion/MotionRe/base_mobileposer/data/raw/DIP_IMU/s_07/05.pkl,s_07,sensitivity_looser,spine,1950,2400,8.476387962234572,1.4829899112071867,1.1672769906444878,False
/home/duanyuhan/dyh/motion/MotionRe/base_mobileposer/data/raw/DIP_IMU/s_07/05.pkl,s_07,sensitivity_looser,hip_knee,1950,2430,13.794283470057694,1.4089826908896994,0.9836412405228085,False
/home/duanyuhan/dyh/motion/MotionRe/base_mobileposer/data/raw/DIP_IMU/s_07/05.pkl,s_07,sensitivity_looser,spine,1950,2430,13.794283470057694,1.4089826908896994,1.1320509128286418,False
/home/duanyuhan/dyh/motion/MotionRe/base_mobileposer/data/raw/DIP_IMU/s_07/05.pkl,s_07,sensitivity_looser,hip_knee,1950,2460,9.096439091567959,1.2984699570666371,0.9578719835747234,False
/home/duanyuhan/dyh/motion/MotionRe/base_mobileposer/data/raw/DIP_IMU/s_07/05.pkl,s_07,sensitivity_looser,spine,1950,2460,9.096439091567959,1.2984699570666371,1.1232825344839288,False
/home/duanyuhan/dyh/motion/MotionRe/base_mobileposer/data/raw/DIP_IMU/s_07/05.pkl,s_07,sensitivity_looser,hip_knee,1950,2490,6.357389240064121,1.093487150767887,0.9147507052260923,False
/home/duanyuhan/dyh/motion/MotionRe/base_mobileposer/data/raw/DIP_IMU/s_07/05.pkl,s_07,sensitivity_looser,spine,1950,2490,6.357389240064121,1.093487150767887,0.8069667081326064,False
/home/duanyuhan/dyh/motion/MotionRe/base_mobileposer/data/raw/DIP_IMU/s_07/05.pkl,s_07,sensitivity_looser,hip_knee,1980,2280,2.3275165963997058,1.9064349397517661,0.7401301087125065,False
/home/duanyuhan/dyh/motion/MotionRe/base_mobileposer/data/raw/DIP_IMU/s_07/05.pkl,s_07,sensitivity_looser,spine,1980,2280,2.3275165963997058,1.9064349397517661,0.46231815501764556,False
/home/duanyuhan/dyh/motion/MotionRe/base_mobileposer/data/raw/DIP_IMU/s_07/05.pkl,s_07,sensitivity_looser,hip_knee,1980,2310,13.383802652491891,0.6369209384638242,0.7847695922806874,False
/home/duanyuhan/dyh/motion/MotionRe/base_mobileposer/data/raw/DIP_IMU/s_07/05.pkl,s_07,sensitivity_looser,spine,1980,2310,13.383802652491891,0.6369209384638242,1.7156760430090798,False
/home/duanyuhan/dyh/motion/MotionRe/base_mobileposer/data/raw/DIP_IMU/s_07/05.pkl,s_07,sensitivity_looser,hip_knee,1980,2340,18.996516397517105,1.0150819907848678,1.0982125109103227,False
/home/duanyuhan/dyh/motion/MotionRe/base_mobileposer/data/raw/DIP_IMU/s_07/05.pkl,s_07,sensitivity_looser,spine,1980,2340,18.996516397517105,1.0150819907848678,2.166006533502149,False
/home/duanyuhan/dyh/motion/MotionRe/base_mobileposer/data/raw/DIP_IMU/s_07/05.pkl,s_07,sensitivity_looser,hip_knee,1980,2400,8.641803874532592,1.2666963832936569,1.068138618567873,False
/home/duanyuhan/dyh/motion/MotionRe/base_mobileposer/data/raw/DIP_IMU/s_07/05.pkl,s_07,sensitivity_looser,spine,1980,2400,8.641803874532592,1.2666963832936569,1.1782783551611653,False
/home/duanyuhan/dyh/motion/MotionRe/base_mobileposer/data/raw/DIP_IMU/s_07/05.pkl,s_07,sensitivity_looser,hip_knee,1980,2430,13.85784057931628,1.248133116897425,1.0937138542207714,False
/home/duanyuhan/dyh/motion/MotionRe/base_mobileposer/data/raw/DIP_IMU/s_07/05.pkl,s_07,sensitivity_looser,spine,1980,2430,13.85784057931628,1.248133116897425,1.1497862784147082,False
/home/duanyuhan/dyh/motion/MotionRe/base_mobileposer/data/raw/DIP_IMU/s_07/05.pkl,s_07,sensitivity_looser,hip_knee,1980,2460,9.15086828404665,1.2213770212941306,1.0758185616240454,False
/home/duanyuhan/dyh/motion/MotionRe/base_mobileposer/data/raw/DIP_IMU/s_07/05.pkl,s_07,sensitivity_looser,spine,1980,2460,9.15086828404665,1.2213770212941306,1.1339655950396341,False
/home/duanyuhan/dyh/motion/MotionRe/base_mobileposer/data/raw/DIP_IMU/s_07/05.pkl,s_07,sensitivity_looser,hip_knee,1980,2490,7.019342141495835,1.0694241116801364,1.0999839982459743,False
/home/duanyuhan/dyh/motion/MotionRe/base_mobileposer/data/raw/DIP_IMU/s_07/05.pkl,s_07,sensitivity_looser,spine,1980,2490,7.019342141495835,1.0694241116801364,0.820178441239488,False
/home/duanyuhan/dyh/motion/MotionRe/base_mobileposer/data/raw/DIP_IMU/s_07/05.pkl,s_07,sensitivity_looser,hip_knee,2010,2310,13.535067194536014,1.0695333525502395,0.7700397318592771,False
/home/duanyuhan/dyh/motion/MotionRe/base_mobileposer/data/raw/DIP_IMU/s_07/05.pkl,s_07,sensitivity_looser,spine,2010,2310,13.535067194536014,1.0695333525502395,1.9397378493147377,False
/home/duanyuhan/dyh/motion/MotionRe/base_mobileposer/data/raw/DIP_IMU/s_07/05.pkl,s_07,sensitivity_looser,hip_knee,2010,2340,18.993019175034338,0.6703938998299933,1.0825889769009853,False
/home/duanyuhan/dyh/motion/MotionRe/base_mobileposer/data/raw/DIP_IMU/s_07/05.pkl,s_07,sensitivity_looser,spine,2010,2340,18.993019175034338,0.6703938998299933,2.384919518708893,False
/home/duanyuhan/dyh/motion/MotionRe/base_mobileposer/data/raw/DIP_IMU/s_07/05.pkl,s_07,sensitivity_looser,hip_knee,2010,2400,9.324430012357102,1.1024809880271815,0.9952585246465687,False
/home/duanyuhan/dyh/motion/MotionRe/base_mobileposer/data/raw/DIP_IMU/s_07/05.pkl,s_07,sensitivity_looser,spine,2010,2400,9.324430012357102,1.1024809880271815,1.4124082272029925,False
/home/duanyuhan/dyh/motion/MotionRe/base_mobileposer/data/raw/DIP_IMU/s_07/05.pkl,s_07,sensitivity_looser,hip_knee,2010,2430,13.78886886497899,0.43179805444319574,1.0150652480268991,False
/home/duanyuhan/dyh/motion/MotionRe/base_mobileposer/data/raw/DIP_IMU/s_07/05.pkl,s_07,sensitivity_looser,spine,2010,2430,13.78886886497899,0.43179805444319574,1.383064122386381,False
/home/duanyuhan/dyh/motion/MotionRe/base_mobileposer/data/raw/DIP_IMU/s_07/05.pkl,s_07,sensitivity_looser,hip_knee,2010,2460,8.485272918507023,0.42998403292494325,1.0094653733117123,False
/home/duanyuhan/dyh/motion/MotionRe/base_mobileposer/data/raw/DIP_IMU/s_07/05.pkl,s_07,sensitivity_looser,spine,2010,2460,8.485272918507023,0.42998403292494325,1.3583086752347722,False
/home/duanyuhan/dyh/motion/MotionRe/base_mobileposer/data/raw/DIP_IMU/s_07/05.pkl,s_07,sensitivity_looser,hip_knee,2040,2400,15.04773678137137,1.0830994395141975,1.0857011184564194,False
/home/duanyuhan/dyh/motion/MotionRe/base_mobileposer/data/raw/DIP_IMU/s_07/05.pkl,s_07,sensitivity_looser,spine,2040,2400,15.04773678137137,1.0830994395141975,1.353103695018481,False
/home/duanyuhan/dyh/motion/MotionRe/base_mobileposer/data/raw/DIP_IMU/s_07/05.pkl,s_07,sensitivity_looser,hip_knee,2040,2460,16.16421231829038,1.5833524353840598,1.0820401139054707,False
/home/duanyuhan/dyh/motion/MotionRe/base_mobileposer/data/raw/DIP_IMU/s_07/05.pkl,s_07,sensitivity_looser,spine,2040,2460,16.16421231829038,1.5833524353840598,1.3017876428925028,False
/home/duanyuhan/dyh/motion/MotionRe/base_mobileposer/data/raw/DIP_IMU/s_07/05.pkl,s_07,sensitivity_looser,hip_knee,2040,2490,12.793969484882783,1.1825498188587997,1.0902396503144902,False
/home/duanyuhan/dyh/motion/MotionRe/base_mobileposer/data/raw/DIP_IMU/s_07/05.pkl,s_07,sensitivity_looser,spine,2040,2490,12.793969484882783,1.1825498188587997,1.0399655499324154,False
/home/duanyuhan/dyh/motion/MotionRe/base_mobileposer/data/raw/DIP_IMU/s_07/05.pkl,s_07,sensitivity_looser,hip_knee,2070,2400,15.660606488774011,1.0459410871616217,1.1877450251754276,False
/home/duanyuhan/dyh/motion/MotionRe/base_mobileposer/data/raw/DIP_IMU/s_07/05.pkl,s_07,sensitivity_looser,spine,2070,2400,15.660606488774011,1.0459410871616217,1.336572584166784,False
/home/duanyuhan/dyh/motion/MotionRe/base_mobileposer/data/raw/DIP_IMU/s_07/05.pkl,s_07,sensitivity_looser,hip_knee,2070,2460,16.337868646576172,0.7650629630149711,1.1662123954442931,False
/home/duanyuhan/dyh/motion/MotionRe/base_mobileposer/data/raw/DIP_IMU/s_07/05.pkl,s_07,sensitivity_looser,spine,2070,2460,16.337868646576172,0.7650629630149711,1.2711563608681635,False
/home/duanyuhan/dyh/motion/MotionRe/base_mobileposer/data/raw/DIP_IMU/s_07/05.pkl,s_07,sensitivity_looser,hip_knee,2070,2490,13.265285314180131,1.545985609801544,1.166474683760257,False
/home/duanyuhan/dyh/motion/MotionRe/base_mobileposer/data/raw/DIP_IMU/s_07/05.pkl,s_07,sensitivity_looser,spine,2070,2490,13.265285314180131,1.545985609801544,1.0019745591580622,False
/home/duanyuhan/dyh/motion/MotionRe/base_mobileposer/data/raw/DIP_IMU/s_07/05.pkl,s_07,sensitivity_looser,hip_knee,2100,2400,16.915801290526083,1.0416664989380418,1.1363763675122998,False
/home/duanyuhan/dyh/motion/MotionRe/base_mobileposer/data/raw/DIP_IMU/s_07/05.pkl,s_07,sensitivity_looser,spine,2100,2400,16.915801290526083,1.0416664989380418,1.3579010436571861,False
/home/duanyuhan/dyh/motion/MotionRe/base_mobileposer/data/raw/DIP_IMU/s_07/05.pkl,s_07,sensitivity_looser,hip_knee,2100,2460,17.48719197736316,1.141576768500091,1.1104592773636235,False
/home/duanyuhan/dyh/motion/MotionRe/base_mobileposer/data/raw/DIP_IMU/s_07/05.pkl,s_07,sensitivity_looser,spine,2100,2460,17.48719197736316,1.141576768500091,1.2983185293234702,False
/home/duanyuhan/dyh/motion/MotionRe/base_mobileposer/data/raw/DIP_IMU/s_07/05.pkl,s_07,sensitivity_looser,hip_knee,2100,2490,12.793895347031313,1.6477947878754964,1.109948586410864,False
/home/duanyuhan/dyh/motion/MotionRe/base_mobileposer/data/raw/DIP_IMU/s_07/05.pkl,s_07,sensitivity_looser,spine,2100,2490,12.793895347031313,1.6477947878754964,1.0210797994917071,False
/home/duanyuhan/dyh/motion/MotionRe/base_mobileposer/data/raw/DIP_IMU/s_07/05.pkl,s_07,sensitivity_looser,hip_knee,2160,2460,8.695526154320062,1.0582995542382037,0.8537533252572581,False
/home/duanyuhan/dyh/motion/MotionRe/base_mobileposer/data/raw/DIP_IMU/s_07/05.pkl,s_07,sensitivity_looser,spine,2160,2460,8.695526154320062,1.0582995542382037,1.5786835321037804,False
/home/duanyuhan/dyh/motion/MotionRe/base_mobileposer/data/raw/DIP_IMU/s_07/05.pkl,s_07,sensitivity_looser,hip_knee,2160,2490,6.051697582996551,1.77622095040589,0.8138029174712703,False
/home/duanyuhan/dyh/motion/MotionRe/base_mobileposer/data/raw/DIP_IMU/s_07/05.pkl,s_07,sensitivity_looser,spine,2160,2490,6.051697582996551,1.77622095040589,1.2812823396546555,False
/home/duanyuhan/dyh/motion/MotionRe/base_mobileposer/data/raw/DIP_IMU/s_07/05.pkl,s_07,sensitivity_looser,hip_knee,2190,2490,3.4416427035522075,1.6604860824786274,0.79491794811319,False
/home/duanyuhan/dyh/motion/MotionRe/base_mobileposer/data/raw/DIP_IMU/s_07/05.pkl,s_07,sensitivity_looser,spine,2190,2490,3.4416427035522075,1.6604860824786274,1.3968466149933008,False
/home/duanyuhan/dyh/motion/MotionRe/base_mobileposer/data/raw/DIP_IMU/s_07/05.pkl,s_07,sensitivity_looser,hip_knee,2220,2610,13.333544715432149,1.9540728002471088,0.8771169468893393,False
/home/duanyuhan/dyh/motion/MotionRe/base_mobileposer/data/raw/DIP_IMU/s_07/05.pkl,s_07,sensitivity_looser,spine,2220,2610,13.333544715432149,1.9540728002471088,4.768117768072566,False
/home/duanyuhan/dyh/motion/MotionRe/base_mobileposer/data/raw/DIP_IMU/s_07/05.pkl,s_07,sensitivity_looser,hip_knee,2220,2640,13.089834537816015,1.8283830901926221,1.247774955937969,False
/home/duanyuhan/dyh/motion/MotionRe/base_mobileposer/data/raw/DIP_IMU/s_07/05.pkl,s_07,sensitivity_looser,spine,2220,2640,13.089834537816015,1.8283830901926221,5.010396289152765,False
/home/duanyuhan/dyh/motion/MotionRe/base_mobileposer/data/raw/DIP_IMU/s_07/05.pkl,s_07,sensitivity_looser,hip_knee,2220,2670,13.750323285088877,1.8090803010885312,1.1610512120370085,False
/home/duanyuhan/dyh/motion/MotionRe/base_mobileposer/data/raw/DIP_IMU/s_07/05.pkl,s_07,sensitivity_looser,spine,2220,2670,13.750323285088877,1.8090803010885312,4.749753920374351,False
/home/duanyuhan/dyh/motion/MotionRe/base_mobileposer/data/raw/DIP_IMU/s_07/05.pkl,s_07,sensitivity_looser,hip_knee,2220,2700,14.53085377464596,1.7313568499050087,1.1246846167655844,False
/home/duanyuhan/dyh/motion/MotionRe/base_mobileposer/data/raw/DIP_IMU/s_07/05.pkl,s_07,sensitivity_looser,spine,2220,2700,14.53085377464596,1.7313568499050087,4.4434842104358845,False
/home/duanyuhan/dyh/motion/MotionRe/base_mobileposer/data/raw/DIP_IMU/s_07/05.pkl,s_07,sensitivity_looser,hip_knee,2220,2730,17.62012679074576,1.750883137685268,1.0141218698351162,False
/home/duanyuhan/dyh/motion/MotionRe/base_mobileposer/data/raw/DIP_IMU/s_07/05.pkl,s_07,sensitivity_looser,spine,2220,2730,17.62012679074576,1.750883137685268,4.935150397955179,False
/home/duanyuhan/dyh/motion/MotionRe/base_mobileposer/data/raw/DIP_IMU/s_07/05.pkl,s_07,sensitivity_looser,hip_knee,2220,2760,14.978622194947983,1.791730624467153,1.0243502469678292,False
/home/duanyuhan/dyh/motion/MotionRe/base_mobileposer/data/raw/DIP_IMU/s_07/05.pkl,s_07,sensitivity_looser,spine,2220,2760,14.978622194947983,1.791730624467153,4.496680271709771,False
/home/duanyuhan/dyh/motion/MotionRe/base_mobileposer/data/raw/DIP_IMU/s_07/05.pkl,s_07,sensitivity_looser,hip_knee,2220,3720,19.95175775133511,1.7386220511235693,1.8026418953709136,False
/home/duanyuhan/dyh/motion/MotionRe/base_mobileposer/data/raw/DIP_IMU/s_07/05.pkl,s_07,sensitivity_looser,spine,2220,3720,19.95175775133511,1.7386220511235693,5.403459521610583,False
/home/duanyuhan/dyh/motion/MotionRe/base_mobileposer/data/raw/DIP_IMU/s_07/05.pkl,s_07,sensitivity_looser,hip_knee,2640,3360,19.55067375743031,1.9861176734976154,2.501906359644646,False
/home/duanyuhan/dyh/motion/MotionRe/base_mobileposer/data/raw/DIP_IMU/s_07/05.pkl,s_07,sensitivity_looser,spine,2640,3360,19.55067375743031,1.9861176734976154,3.6547261121558345,False
/home/duanyuhan/dyh/motion/MotionRe/base_mobileposer/data/raw/DIP_IMU/s_07/05.pkl,s_07,sensitivity_looser,hip_knee,2820,3330,19.99786195726821,1.8677916216410388,0.9652953789794585,False
/home/duanyuhan/dyh/motion/MotionRe/base_mobileposer/data/raw/DIP_IMU/s_07/05.pkl,s_07,sensitivity_looser,spine,2820,3330,19.99786195726821,1.8677916216410388,1.5395817509434366,False
/home/duanyuhan/dyh/motion/MotionRe/base_mobileposer/data/raw/DIP_IMU/s_07/05.pkl,s_07,sensitivity_looser,hip_knee,2910,3240,15.459759371134934,0.5670923727224966,0.3654209155975011,False
/home/duanyuhan/dyh/motion/MotionRe/base_mobileposer/data/raw/DIP_IMU/s_07/05.pkl,s_07,sensitivity_looser,spine,2910,3240,15.459759371134934,0.5670923727224966,1.0485576343919658,False
/home/duanyuhan/dyh/motion/MotionRe/base_mobileposer/data/raw/DIP_IMU/s_07/05.pkl,s_07,sensitivity_looser,hip_knee,2910,3270,11.80839740666169,0.4938384926309885,1.040105067731279,False
/home/duanyuhan/dyh/motion/MotionRe/base_mobileposer/data/raw/DIP_IMU/s_07/05.pkl,s_07,sensitivity_looser,spine,2910,3270,11.80839740666169,0.4938384926309885,1.2354328466611826,False
/home/duanyuhan/dyh/motion/MotionRe/base_mobileposer/data/raw/DIP_IMU/s_07/05.pkl,s_07,sensitivity_looser,hip_knee,2910,3300,13.533706246249288,0.23351311949815548,1.4406823492766125,False
/home/duanyuhan/dyh/motion/MotionRe/base_mobileposer/data/raw/DIP_IMU/s_07/05.pkl,s_07,sensitivity_looser,spine,2910,3300,13.533706246249288,0.23351311949815548,1.2232888707492868,False
/home/duanyuhan/dyh/motion/MotionRe/base_mobileposer/data/raw/DIP_IMU/s_07/05.pkl,s_07,sensitivity_looser,hip_knee,2910,3330,13.762993111487786,1.8299371396892097,0.22923194552280204,False
/home/duanyuhan/dyh/motion/MotionRe/base_mobileposer/data/raw/DIP_IMU/s_07/05.pkl,s_07,sensitivity_looser,spine,2910,3330,13.762993111487786,1.8299371396892097,0.9183642867161012,False
/home/duanyuhan/dyh/motion/MotionRe/base_mobileposer/data/raw/DIP_IMU/s_07/05.pkl,s_07,sensitivity_looser,hip_knee,2940,3270,9.849941967647323,0.3879701126052792,0.5934179334455402,False
/home/duanyuhan/dyh/motion/MotionRe/base_mobileposer/data/raw/DIP_IMU/s_07/05.pkl,s_07,sensitivity_looser,spine,2940,3270,9.849941967647323,0.3879701126052792,0.995252535617576,False
/home/duanyuhan/dyh/motion/MotionRe/base_mobileposer/data/raw/DIP_IMU/s_07/05.pkl,s_07,sensitivity_looser,hip_knee,2940,3300,11.217574047831448,0.30563433590001204,0.9836585202032965,False
/home/duanyuhan/dyh/motion/MotionRe/base_mobileposer/data/raw/DIP_IMU/s_07/05.pkl,s_07,sensitivity_looser,spine,2940,3300,11.217574047831448,0.30563433590001204,0.8833784137897687,False
/home/duanyuhan/dyh/motion/MotionRe/base_mobileposer/data/raw/DIP_IMU/s_07/05.pkl,s_07,sensitivity_looser,hip_knee,2940,3330,17.28835237336819,1.7004639096220442,0.5562781056001108,False
/home/duanyuhan/dyh/motion/MotionRe/base_mobileposer/data/raw/DIP_IMU/s_07/05.pkl,s_07,sensitivity_looser,spine,2940,3330,17.28835237336819,1.7004639096220442,1.2873697155052672,False
/home/duanyuhan/dyh/motion/MotionRe/base_mobileposer/data/raw/DIP_IMU/s_07/05.pkl,s_07,sensitivity_looser,hip_knee,2970,3270,9.552039370704644,1.2070306900275771,0.7028607329938739,False
/home/duanyuhan/dyh/motion/MotionRe/base_mobileposer/data/raw/DIP_IMU/s_07/05.pkl,s_07,sensitivity_looser,spine,2970,3270,9.552039370704644,1.2070306900275771,1.576612159312094,False
/home/duanyuhan/dyh/motion/MotionRe/base_mobileposer/data/raw/DIP_IMU/s_07/05.pkl,s_07,sensitivity_looser,hip_knee,2970,3300,13.089182249827699,1.1629781270239137,1.077663945391748,False
/home/duanyuhan/dyh/motion/MotionRe/base_mobileposer/data/raw/DIP_IMU/s_07/05.pkl,s_07,sensitivity_looser,spine,2970,3300,13.089182249827699,1.1629781270239137,1.6202724962734127,False
/home/duanyuhan/dyh/motion/MotionRe/base_mobileposer/data/raw/DIP_IMU/s_07/05.pkl,s_07,sensitivity_looser,hip_knee,2970,3330,12.614501695644062,1.5023231351865394,0.4676254431561707,False
/home/duanyuhan/dyh/motion/MotionRe/base_mobileposer/data/raw/DIP_IMU/s_07/05.pkl,s_07,sensitivity_looser,spine,2970,3330,12.614501695644062,1.5023231351865394,0.5697991633909137,False
/home/duanyuhan/dyh/motion/MotionRe/base_mobileposer/data/raw/DIP_IMU/s_07/05.pkl,s_07,sensitivity_looser,hip_knee,3240,3900,19.01964005418012,0.7758129611373863,0.6384230803336931,False
/home/duanyuhan/dyh/motion/MotionRe/base_mobileposer/data/raw/DIP_IMU/s_07/05.pkl,s_07,sensitivity_looser,spine,3240,3900,19.01964005418012,0.7758129611373863,2.6096912964409764,False
/home/duanyuhan/dyh/motion/MotionRe/base_mobileposer/data/raw/DIP_IMU/s_07/05.pkl,s_07,sensitivity_looser,hip_knee,3270,3900,19.956034635385276,0.7116584664082792,1.8908042968500394,False
/home/duanyuhan/dyh/motion/MotionRe/base_mobileposer/data/raw/DIP_IMU/s_07/05.pkl,s_07,sensitivity_looser,spine,3270,3900,19.956034635385276,0.7116584664082792,3.9004791058659607,False
/home/duanyuhan/dyh/motion/MotionRe/base_mobileposer/data/raw/DIP_IMU/s_07/05.pkl,s_07,sensitivity_looser,hip_knee,3300,3870,18.951299410578727,1.8816180274097556,2.308493249324353,False
/home/duanyuhan/dyh/motion/MotionRe/base_mobileposer/data/raw/DIP_IMU/s_07/05.pkl,s_07,sensitivity_looser,spine,3300,3870,18.951299410578727,1.8816180274097556,4.020669722537163,False
/home/duanyuhan/dyh/motion/MotionRe/base_mobileposer/data/raw/DIP_IMU/s_07/05.pkl,s_07,sensitivity_looser,hip_knee,3330,3900,18.199951803587567,1.983993118011856,0.8530958454342918,False
/home/duanyuhan/dyh/motion/MotionRe/base_mobileposer/data/raw/DIP_IMU/s_07/05.pkl,s_07,sensitivity_looser,spine,3330,3900,18.199951803587567,1.983993118011856,2.257906226694544,False
/home/duanyuhan/dyh/motion/MotionRe/base_mobileposer/data/raw/DIP_IMU/s_07/05.pkl,s_07,sensitivity_looser,hip_knee,3360,3690,16.479527306003163,1.9923257092441886,1.1418371526918158,False
/home/duanyuhan/dyh/motion/MotionRe/base_mobileposer/data/raw/DIP_IMU/s_07/05.pkl,s_07,sensitivity_looser,spine,3360,3690,16.479527306003163,1.9923257092441886,2.115913662216183,False
/home/duanyuhan/dyh/motion/MotionRe/base_mobileposer/data/raw/DIP_IMU/s_07/05.pkl,s_07,sensitivity_looser,hip_knee,3360,3810,15.46851411280967,1.9760339671642986,0.7285723542213232,False
/home/duanyuhan/dyh/motion/MotionRe/base_mobileposer/data/raw/DIP_IMU/s_07/05.pkl,s_07,sensitivity_looser,spine,3360,3810,15.46851411280967,1.9760339671642986,1.6766849614588164,False
/home/duanyuhan/dyh/motion/MotionRe/base_mobileposer/data/raw/DIP_IMU/s_07/05.pkl,s_07,sensitivity_looser,hip_knee,3360,3840,16.22266920958798,1.8047972014842997,0.6725726195410806,False
/home/duanyuhan/dyh/motion/MotionRe/base_mobileposer/data/raw/DIP_IMU/s_07/05.pkl,s_07,sensitivity_looser,spine,3360,3840,16.22266920958798,1.8047972014842997,2.0091346396620433,False
/home/duanyuhan/dyh/motion/MotionRe/base_mobileposer/data/raw/DIP_IMU/s_07/05.pkl,s_07,sensitivity_looser,hip_knee,3360,3990,17.34606890692343,1.7095014284600145,0.855414961918095,False
/home/duanyuhan/dyh/motion/MotionRe/base_mobileposer/data/raw/DIP_IMU/s_07/05.pkl,s_07,sensitivity_looser,spine,3360,3990,17.34606890692343,1.7095014284600145,1.417640740449755,False
/home/duanyuhan/dyh/motion/MotionRe/base_mobileposer/data/raw/DIP_IMU/s_07/05.pkl,s_07,sensitivity_looser,hip_knee,3360,4230,18.78089620493502,1.9970471381889165,0.7808559050519628,False
/home/duanyuhan/dyh/motion/MotionRe/base_mobileposer/data/raw/DIP_IMU/s_07/05.pkl,s_07,sensitivity_looser,spine,3360,4230,18.78089620493502,1.9970471381889165,0.7042217126270738,False
/home/duanyuhan/dyh/motion/MotionRe/base_mobileposer/data/raw/DIP_IMU/s_07/05.pkl,s_07,sensitivity_looser,hip_knee,3360,4260,19.95524587458506,1.3969530338565956,0.6368241493326224,False
/home/duanyuhan/dyh/motion/MotionRe/base_mobileposer/data/raw/DIP_IMU/s_07/05.pkl,s_07,sensitivity_looser,spine,3360,4260,19.95524587458506,1.3969530338565956,0.9734013754999741,False
/home/duanyuhan/dyh/motion/MotionRe/base_mobileposer/data/raw/DIP_IMU/s_07/05.pkl,s_07,sensitivity_looser,hip_knee,3360,4320,19.069528238263754,1.7562716434478376,0.5616574584172757,False
/home/duanyuhan/dyh/motion/MotionRe/base_mobileposer/data/raw/DIP_IMU/s_07/05.pkl,s_07,sensitivity_looser,spine,3360,4320,19.069528238263754,1.7562716434478376,0.6971422317216224,False
/home/duanyuhan/dyh/motion/MotionRe/base_mobileposer/data/raw/DIP_IMU/s_07/05.pkl,s_07,sensitivity_looser,hip_knee,3360,4350,19.318004986144835,1.8997001332496581,0.6172649691281776,False
/home/duanyuhan/dyh/motion/MotionRe/base_mobileposer/data/raw/DIP_IMU/s_07/05.pkl,s_07,sensitivity_looser,spine,3360,4350,19.318004986144835,1.8997001332496581,0.8107753680738886,False
/home/duanyuhan/dyh/motion/MotionRe/base_mobileposer/data/raw/DIP_IMU/s_07/05.pkl,s_07,sensitivity_looser,hip_knee,3360,4380,19.935185768252,1.8682749376203465,0.6435788878807426,False
/home/duanyuhan/dyh/motion/MotionRe/base_mobileposer/data/raw/DIP_IMU/s_07/05.pkl,s_07,sensitivity_looser,spine,3360,4380,19.935185768252,1.8682749376203465,1.0257048995418863,False
/home/duanyuhan/dyh/motion/MotionRe/base_mobileposer/data/raw/DIP_IMU/s_07/05.pkl,s_07,sensitivity_looser,hip_knee,3540,3840,10.58294094547203,1.2840074508455073,0.8647417778047619,False
/home/duanyuhan/dyh/motion/MotionRe/base_mobileposer/data/raw/DIP_IMU/s_07/05.pkl,s_07,sensitivity_looser,spine,3540,3840,10.58294094547203,1.2840074508455073,1.569692556766521,False
/home/duanyuhan/dyh/motion/MotionRe/base_mobileposer/data/raw/DIP_IMU/s_07/05.pkl,s_07,sensitivity_looser,hip_knee,3540,3990,16.440845629237586,0.32828895230433014,0.6299437965776786,False
/home/duanyuhan/dyh/motion/MotionRe/base_mobileposer/data/raw/DIP_IMU/s_07/05.pkl,s_07,sensitivity_looser,spine,3540,3990,16.440845629237586,0.32828895230433014,1.0818460859429984,False
/home/duanyuhan/dyh/motion/MotionRe/base_mobileposer/data/raw/DIP_IMU/s_07/05.pkl,s_07,sensitivity_looser,hip_knee,3540,4020,19.558908815095048,1.589855388568259,0.6729344407073984,False
/home/duanyuhan/dyh/motion/MotionRe/base_mobileposer/data/raw/DIP_IMU/s_07/05.pkl,s_07,sensitivity_looser,spine,3540,4020,19.558908815095048,1.589855388568259,1.4328669260728402,False
/home/duanyuhan/dyh/motion/MotionRe/base_mobileposer/data/raw/DIP_IMU/s_07/05.pkl,s_07,sensitivity_looser,hip_knee,3540,4050,16.768368458644613,1.2734258271830248,0.8378142151596994,False
/home/duanyuhan/dyh/motion/MotionRe/base_mobileposer/data/raw/DIP_IMU/s_07/05.pkl,s_07,sensitivity_looser,spine,3540,4050,16.768368458644613,1.2734258271830248,3.0294942430524068,False
/home/duanyuhan/dyh/motion/MotionRe/base_mobileposer/data/raw/DIP_IMU/s_07/05.pkl,s_07,sensitivity_looser,hip_knee,3540,4080,19.875393789812072,0.7549805580435625,1.0791875691329518,False
/home/duanyuhan/dyh/motion/MotionRe/base_mobileposer/data/raw/DIP_IMU/s_07/05.pkl,s_07,sensitivity_looser,spine,3540,4080,19.875393789812072,0.7549805580435625,3.4665742885556834,False
/home/duanyuhan/dyh/motion/MotionRe/base_mobileposer/data/raw/DIP_IMU/s_07/05.pkl,s_07,sensitivity_looser,hip_knee,3540,4230,8.06667098579643,0.9113224524783168,1.3881307293545102,False
/home/duanyuhan/dyh/motion/MotionRe/base_mobileposer/data/raw/DIP_IMU/s_07/05.pkl,s_07,sensitivity_looser,spine,3540,4230,8.06667098579643,0.9113224524783168,0.5057723854306807,False
/home/duanyuhan/dyh/motion/MotionRe/base_mobileposer/data/raw/DIP_IMU/s_07/05.pkl,s_07,sensitivity_looser,hip_knee,3540,4260,6.38480228510719,0.9578562956738345,1.1893425476649466,False
/home/duanyuhan/dyh/motion/MotionRe/base_mobileposer/data/raw/DIP_IMU/s_07/05.pkl,s_07,sensitivity_looser,spine,3540,4260,6.38480228510719,0.9578562956738345,0.8983989082327978,False
/home/duanyuhan/dyh/motion/MotionRe/base_mobileposer/data/raw/DIP_IMU/s_07/05.pkl,s_07,sensitivity_looser,hip_knee,3540,4290,9.078742578976893,0.7660005223398231,1.0976280337343078,False
/home/duanyuhan/dyh/motion/MotionRe/base_mobileposer/data/raw/DIP_IMU/s_07/05.pkl,s_07,sensitivity_looser,spine,3540,4290,9.078742578976893,0.7660005223398231,0.8704338808740383,False
/home/duanyuhan/dyh/motion/MotionRe/base_mobileposer/data/raw/DIP_IMU/s_07/05.pkl,s_07,sensitivity_looser,hip_knee,3540,4320,8.953943624756322,0.20193026614754,0.9230288568285717,False
/home/duanyuhan/dyh/motion/MotionRe/base_mobileposer/data/raw/DIP_IMU/s_07/05.pkl,s_07,sensitivity_looser,spine,3540,4320,8.953943624756322,0.20193026614754,0.8236060426041197,False
/home/duanyuhan/dyh/motion/MotionRe/base_mobileposer/data/raw/DIP_IMU/s_07/05.pkl,s_07,sensitivity_looser,hip_knee,3540,4350,9.54197532518576,0.12852168581242956,1.0743233632641815,False
/home/duanyuhan/dyh/motion/MotionRe/base_mobileposer/data/raw/DIP_IMU/s_07/05.pkl,s_07,sensitivity_looser,spine,3540,4350,9.54197532518576,0.12852168581242956,0.7857724857062504,False
/home/duanyuhan/dyh/motion/MotionRe/base_mobileposer/data/raw/DIP_IMU/s_07/05.pkl,s_07,sensitivity_looser,hip_knee,3540,4380,8.6876049093863,0.22597413448732975,1.1120661508195069,False
/home/duanyuhan/dyh/motion/MotionRe/base_mobileposer/data/raw/DIP_IMU/s_07/05.pkl,s_07,sensitivity_looser,spine,3540,4380,8.6876049093863,0.22597413448732975,1.077069389068826,False
/home/duanyuhan/dyh/motion/MotionRe/base_mobileposer/data/raw/DIP_IMU/s_07/05.pkl,s_07,sensitivity_looser,hip_knee,3540,4410,10.114383732089388,0.21997610050510313,0.9517873864610413,False
/home/duanyuhan/dyh/motion/MotionRe/base_mobileposer/data/raw/DIP_IMU/s_07/05.pkl,s_07,sensitivity_looser,spine,3540,4410,10.114383732089388,0.21997610050510313,2.9625583893364507,False
/home/duanyuhan/dyh/motion/MotionRe/base_mobileposer/data/raw/DIP_IMU/s_07/05.pkl,s_07,sensitivity_looser,hip_knee,3540,4440,15.465948965146968,1.8426927503982928,3.845155787441087,False
/home/duanyuhan/dyh/motion/MotionRe/base_mobileposer/data/raw/DIP_IMU/s_07/05.pkl,s_07,sensitivity_looser,spine,3540,4440,15.465948965146968,1.8426927503982928,7.02448560027242,False
/home/duanyuhan/dyh/motion/MotionRe/base_mobileposer/data/raw/DIP_IMU/s_07/05.pkl,s_07,sensitivity_looser,hip_knee,3570,3990,16.742629141881437,0.33290615464900986,0.4680568632979949,False
/home/duanyuhan/dyh/motion/MotionRe/base_mobileposer/data/raw/DIP_IMU/s_07/05.pkl,s_07,sensitivity_looser,spine,3570,3990,16.742629141881437,0.33290615464900986,1.1551362330217427,False
/home/duanyuhan/dyh/motion/MotionRe/base_mobileposer/data/raw/DIP_IMU/s_07/05.pkl,s_07,sensitivity_looser,hip_knee,3570,4050,16.668887890022962,1.1638901209166925,0.9573799197567961,False
/home/duanyuhan/dyh/motion/MotionRe/base_mobileposer/data/raw/DIP_IMU/s_07/05.pkl,s_07,sensitivity_looser,spine,3570,4050,16.668887890022962,1.1638901209166925,2.8974460186466104,False
/home/duanyuhan/dyh/motion/MotionRe/base_mobileposer/data/raw/DIP_IMU/s_07/05.pkl,s_07,sensitivity_looser,hip_knee,3570,4080,19.551556426224145,0.7326612918273605,1.1915327308881403,False
/home/duanyuhan/dyh/motion/MotionRe/base_mobileposer/data/raw/DIP_IMU/s_07/05.pkl,s_07,sensitivity_looser,spine,3570,4080,19.551556426224145,0.7326612918273605,3.305717842829432,False
/home/duanyuhan/dyh/motion/MotionRe/base_mobileposer/data/raw/DIP_IMU/s_07/05.pkl,s_07,sensitivity_looser,hip_knee,3570,4230,8.334713550207566,0.6882148807273426,1.039403110087186,False
/home/duanyuhan/dyh/motion/MotionRe/base_mobileposer/data/raw/DIP_IMU/s_07/05.pkl,s_07,sensitivity_looser,spine,3570,4230,8.334713550207566,0.6882148807273426,0.44544673717418465,False
/home/duanyuhan/dyh/motion/MotionRe/base_mobileposer/data/raw/DIP_IMU/s_07/05.pkl,s_07,sensitivity_looser,hip_knee,3570,4260,5.7345363346550196,1.0220406475663493,0.840605066183456,False
/home/duanyuhan/dyh/motion/MotionRe/base_mobileposer/data/raw/DIP_IMU/s_07/05.pkl,s_07,sensitivity_looser,spine,3570,4260,5.7345363346550196,1.0220406475663493,0.6712033645941311,False
/home/duanyuhan/dyh/motion/MotionRe/base_mobileposer/data/raw/DIP_IMU/s_07/05.pkl,s_07,sensitivity_looser,hip_knee,3570,4290,7.148514512371605,0.8140348618062385,0.753026057389663,False
/home/duanyuhan/dyh/motion/MotionRe/base_mobileposer/data/raw/DIP_IMU/s_07/05.pkl,s_07,sensitivity_looser,spine,3570,4290,7.148514512371605,0.8140348618062385,0.7700298591401543,False
/home/duanyuhan/dyh/motion/MotionRe/base_mobileposer/data/raw/DIP_IMU/s_07/05.pkl,s_07,sensitivity_looser,hip_knee,3570,4320,6.768130894549806,0.20574738330124764,0.5773440478024038,False
/home/duanyuhan/dyh/motion/MotionRe/base_mobileposer/data/raw/DIP_IMU/s_07/05.pkl,s_07,sensitivity_looser,spine,3570,4320,6.768130894549806,0.20574738330124764,0.5995199802286247,False
/home/duanyuhan/dyh/motion/MotionRe/base_mobileposer/data/raw/DIP_IMU/s_07/05.pkl,s_07,sensitivity_looser,hip_knee,3570,4350,7.350447290219353,0.15808220412841703,0.7291624684288315,False
/home/duanyuhan/dyh/motion/MotionRe/base_mobileposer/data/raw/DIP_IMU/s_07/05.pkl,s_07,sensitivity_looser,spine,3570,4350,7.350447290219353,0.15808220412841703,0.6056236131163363,False
/home/duanyuhan/dyh/motion/MotionRe/base_mobileposer/data/raw/DIP_IMU/s_07/05.pkl,s_07,sensitivity_looser,hip_knee,3570,4380,6.752763414503141,0.2642567632956717,0.7717649993990705,False
/home/duanyuhan/dyh/motion/MotionRe/base_mobileposer/data/raw/DIP_IMU/s_07/05.pkl,s_07,sensitivity_looser,spine,3570,4380,6.752763414503141,0.2642567632956717,0.9920609233052997,False
/home/duanyuhan/dyh/motion/MotionRe/base_mobileposer/data/raw/DIP_IMU/s_07/05.pkl,s_07,sensitivity_looser,hip_knee,3570,4410,8.665857767781207,0.1097239766916568,0.6109177142304245,False
/home/duanyuhan/dyh/motion/MotionRe/base_mobileposer/data/raw/DIP_IMU/s_07/05.pkl,s_07,sensitivity_looser,spine,3570,4410,8.665857767781207,0.1097239766916568,2.860269507098497,False
/home/duanyuhan/dyh/motion/MotionRe/base_mobileposer/data/raw/DIP_IMU/s_07/05.pkl,s_07,sensitivity_looser,hip_knee,3570,4440,16.433206049271945,1.964269838197813,3.7889947549339955,False
/home/duanyuhan/dyh/motion/MotionRe/base_mobileposer/data/raw/DIP_IMU/s_07/05.pkl,s_07,sensitivity_looser,spine,3570,4440,16.433206049271945,1.964269838197813,6.913141229849866,False
/home/duanyuhan/dyh/motion/MotionRe/base_mobileposer/data/raw/DIP_IMU/s_07/05.pkl,s_07,sensitivity_looser,hip_knee,3600,3990,16.870040632186505,0.24727999357842384,0.42366324369755726,False
/home/duanyuhan/dyh/motion/MotionRe/base_mobileposer/data/raw/DIP_IMU/s_07/05.pkl,s_07,sensitivity_looser,spine,3600,3990,16.870040632186505,0.24727999357842384,1.2202603516167267,False
/home/duanyuhan/dyh/motion/MotionRe/base_mobileposer/data/raw/DIP_IMU/s_07/05.pkl,s_07,sensitivity_looser,hip_knee,3600,4050,16.906177927377158,1.1717057474610928,0.8396610602770882,False
/home/duanyuhan/dyh/motion/MotionRe/base_mobileposer/data/raw/DIP_IMU/s_07/05.pkl,s_07,sensitivity_looser,spine,3600,4050,16.906177927377158,1.1717057474610928,2.743889262984487,False
/home/duanyuhan/dyh/motion/MotionRe/base_mobileposer/data/raw/DIP_IMU/s_07/05.pkl,s_07,sensitivity_looser,hip_knee,3600,4080,19.798253093583497,0.8096933791769902,1.0863530605356846,False
/home/duanyuhan/dyh/motion/MotionRe/base_mobileposer/data/raw/DIP_IMU/s_07/05.pkl,s_07,sensitivity_looser,spine,3600,4080,19.798253093583497,0.8096933791769902,3.1630902190360737,False
/home/duanyuhan/dyh/motion/MotionRe/base_mobileposer/data/raw/DIP_IMU/s_07/05.pkl,s_07,sensitivity_looser,hip_knee,3600,4230,8.448802023342935,0.7680746862107942,1.1339016277501397,False
/home/duanyuhan/dyh/motion/MotionRe/base_mobileposer/data/raw/DIP_IMU/s_07/05.pkl,s_07,sensitivity_looser,spine,3600,4230,8.448802023342935,0.7680746862107942,0.5559148432469081,False
/home/duanyuhan/dyh/motion/MotionRe/base_mobileposer/data/raw/DIP_IMU/s_07/05.pkl,s_07,sensitivity_looser,hip_knee,3600,4260,5.865244794381117,1.011989045541599,0.933380226412404,False
/home/duanyuhan/dyh/motion/MotionRe/base_mobileposer/data/raw/DIP_IMU/s_07/05.pkl,s_07,sensitivity_looser,spine,3600,4260,5.865244794381117,1.011989045541599,0.6997630708791003,False
/home/duanyuhan/dyh/motion/MotionRe/base_mobileposer/data/raw/DIP_IMU/s_07/05.pkl,s_07,sensitivity_looser,hip_knee,3600,4290,6.758235044439793,0.8000421170213193,0.8296119692546042,False
/home/duanyuhan/dyh/motion/MotionRe/base_mobileposer/data/raw/DIP_IMU/s_07/05.pkl,s_07,sensitivity_looser,spine,3600,4290,6.758235044439793,0.8000421170213193,0.6572251498194355,False
/home/duanyuhan/dyh/motion/MotionRe/base_mobileposer/data/raw/DIP_IMU/s_07/05.pkl,s_07,sensitivity_looser,hip_knee,3600,4320,6.2872131585493545,0.17803943191903107,0.6454082124062281,False
/home/duanyuhan/dyh/motion/MotionRe/base_mobileposer/data/raw/DIP_IMU/s_07/05.pkl,s_07,sensitivity_looser,spine,3600,4320,6.2872131585493545,0.17803943191903107,0.5578111960686561,False
/home/duanyuhan/dyh/motion/MotionRe/base_mobileposer/data/raw/DIP_IMU/s_07/05.pkl,s_07,sensitivity_looser,hip_knee,3600,4350,6.841301033957315,0.08844138362822714,0.8002477809017302,False
/home/duanyuhan/dyh/motion/MotionRe/base_mobileposer/data/raw/DIP_IMU/s_07/05.pkl,s_07,sensitivity_looser,spine,3600,4350,6.841301033957315,0.08844138362822714,0.5675202388179913,False
/home/duanyuhan/dyh/motion/MotionRe/base_mobileposer/data/raw/DIP_IMU/s_07/05.pkl,s_07,sensitivity_looser,hip_knee,3600,4380,6.4268502323670225,0.21922384483495977,0.8448816452518116,False
/home/duanyuhan/dyh/motion/MotionRe/base_mobileposer/data/raw/DIP_IMU/s_07/05.pkl,s_07,sensitivity_looser,spine,3600,4380,6.4268502323670225,0.21922384483495977,0.9792845275571335,False
/home/duanyuhan/dyh/motion/MotionRe/base_mobileposer/data/raw/DIP_IMU/s_07/05.pkl,s_07,sensitivity_looser,hip_knee,3600,4410,8.579512450822094,0.11493587297189568,0.7145382430707761,False
/home/duanyuhan/dyh/motion/MotionRe/base_mobileposer/data/raw/DIP_IMU/s_07/05.pkl,s_07,sensitivity_looser,spine,3600,4410,8.579512450822094,0.11493587297189568,2.7643167619562736,False
/home/duanyuhan/dyh/motion/MotionRe/base_mobileposer/data/raw/DIP_IMU/s_07/05.pkl,s_07,sensitivity_looser,hip_knee,3600,4440,17.00971695145919,1.9887048439690451,3.7947316265369877,False
/home/duanyuhan/dyh/motion/MotionRe/base_mobileposer/data/raw/DIP_IMU/s_07/05.pkl,s_07,sensitivity_looser,spine,3600,4440,17.00971695145919,1.9887048439690451,6.801075092626288,False
/home/duanyuhan/dyh/motion/MotionRe/base_mobileposer/data/raw/DIP_IMU/s_07/05.pkl,s_07,sensitivity_looser,hip_knee,3630,3990,16.375770966566645,0.2567386200808826,0.4584463684988217,False
/home/duanyuhan/dyh/motion/MotionRe/base_mobileposer/data/raw/DIP_IMU/s_07/05.pkl,s_07,sensitivity_looser,spine,3630,3990,16.375770966566645,0.2567386200808826,1.2739894716893028,False
/home/duanyuhan/dyh/motion/MotionRe/base_mobileposer/data/raw/DIP_IMU/s_07/05.pkl,s_07,sensitivity_looser,hip_knee,3630,4020,19.49560144452606,1.6883191990357984,0.484852905860154,False
/home/duanyuhan/dyh/motion/MotionRe/base_mobileposer/data/raw/DIP_IMU/s_07/05.pkl,s_07,sensitivity_looser,spine,3630,4020,19.49560144452606,1.6883191990357984,1.4559858730974555,False
/home/duanyuhan/dyh/motion/MotionRe/base_mobileposer/data/raw/DIP_IMU/s_07/05.pkl,s_07,sensitivity_looser,hip_knee,3630,4050,16.989741764219836,1.1711923497516368,0.7881476360284089,False
/home/duanyuhan/dyh/motion/MotionRe/base_mobileposer/data/raw/DIP_IMU/s_07/05.pkl,s_07,sensitivity_looser,spine,3630,4050,16.989741764219836,1.1711923497516368,2.741424272321329,False
/home/duanyuhan/dyh/motion/MotionRe/base_mobileposer/data/raw/DIP_IMU/s_07/05.pkl,s_07,sensitivity_looser,hip_knee,3630,4230,8.435117740372878,0.7679621062993747,1.21464374005444,False
/home/duanyuhan/dyh/motion/MotionRe/base_mobileposer/data/raw/DIP_IMU/s_07/05.pkl,s_07,sensitivity_looser,spine,3630,4230,8.435117740372878,0.7679621062993747,0.5912136176234924,False
/home/duanyuhan/dyh/motion/MotionRe/base_mobileposer/data/raw/DIP_IMU/s_07/05.pkl,s_07,sensitivity_looser,hip_knee,3630,4260,5.805778705879501,0.9897581951184693,1.016034057451042,False
/home/duanyuhan/dyh/motion/MotionRe/base_mobileposer/data/raw/DIP_IMU/s_07/05.pkl,s_07,sensitivity_looser,spine,3630,4260,5.805778705879501,0.9897581951184693,0.7661514407094923,False
/home/duanyuhan/dyh/motion/MotionRe/base_mobileposer/data/raw/DIP_IMU/s_07/05.pkl,s_07,sensitivity_looser,hip_knee,3630,4290,6.451827698926447,0.7761251519987334,0.9096999603262816,False
/home/duanyuhan/dyh/motion/MotionRe/base_mobileposer/data/raw/DIP_IMU/s_07/05.pkl,s_07,sensitivity_looser,spine,3630,4290,6.451827698926447,0.7761251519987334,0.8335409653291567,False
/home/duanyuhan/dyh/motion/MotionRe/base_mobileposer/data/raw/DIP_IMU/s_07/05.pkl,s_07,sensitivity_looser,hip_knee,3630,4320,4.907763368283224,0.15264244715543943,0.7255865852658883,False
/home/duanyuhan/dyh/motion/MotionRe/base_mobileposer/data/raw/DIP_IMU/s_07/05.pkl,s_07,sensitivity_looser,spine,3630,4320,4.907763368283224,0.15264244715543943,0.5975667303570839,False
/home/duanyuhan/dyh/motion/MotionRe/base_mobileposer/data/raw/DIP_IMU/s_07/05.pkl,s_07,sensitivity_looser,hip_knee,3630,4350,5.433974587995594,0.05179165652772999,0.8726280047452246,False
/home/duanyuhan/dyh/motion/MotionRe/base_mobileposer/data/raw/DIP_IMU/s_07/05.pkl,s_07,sensitivity_looser,spine,3630,4350,5.433974587995594,0.05179165652772999,0.6518921251060026,False
/home/duanyuhan/dyh/motion/MotionRe/base_mobileposer/data/raw/DIP_IMU/s_07/05.pkl,s_07,sensitivity_looser,hip_knee,3630,4380,5.2493222134368756,0.1636624832684431,0.9135726804687,False
/home/duanyuhan/dyh/motion/MotionRe/base_mobileposer/data/raw/DIP_IMU/s_07/05.pkl,s_07,sensitivity_looser,spine,3630,4380,5.2493222134368756,0.1636624832684431,1.044486392597608,False
/home/duanyuhan/dyh/motion/MotionRe/base_mobileposer/data/raw/DIP_IMU/s_07/05.pkl,s_07,sensitivity_looser,hip_knee,3630,4410,7.7341417873015414,0.11901800229367761,0.7820127185615742,False
/home/duanyuhan/dyh/motion/MotionRe/base_mobileposer/data/raw/DIP_IMU/s_07/05.pkl,s_07,sensitivity_looser,spine,3630,4410,7.7341417873015414,0.11901800229367761,2.89992553214222,False
/home/duanyuhan/dyh/motion/MotionRe/base_mobileposer/data/raw/DIP_IMU/s_07/05.pkl,s_07,sensitivity_looser,hip_knee,3630,4440,17.451513382213207,1.9112452512442029,3.8267934636622005,False
/home/duanyuhan/dyh/motion/MotionRe/base_mobileposer/data/raw/DIP_IMU/s_07/05.pkl,s_07,sensitivity_looser,spine,3630,4440,17.451513382213207,1.9112452512442029,6.873161472653138,False
/home/duanyuhan/dyh/motion/MotionRe/base_mobileposer/data/raw/DIP_IMU/s_07/05.pkl,s_07,sensitivity_looser,hip_knee,3690,3990,16.953298814720053,0.9007502224384033,0.4428884342842953,False
/home/duanyuhan/dyh/motion/MotionRe/base_mobileposer/data/raw/DIP_IMU/s_07/05.pkl,s_07,sensitivity_looser,spine,3690,3990,16.953298814720053,0.9007502224384033,1.9314585038929126,False
/home/duanyuhan/dyh/motion/MotionRe/base_mobileposer/data/raw/DIP_IMU/s_07/05.pkl,s_07,sensitivity_looser,hip_knee,3690,4050,14.147578840988915,1.757536086235267,0.5471117861081918,False
/home/duanyuhan/dyh/motion/MotionRe/base_mobileposer/data/raw/DIP_IMU/s_07/05.pkl,s_07,sensitivity_looser,spine,3690,4050,14.147578840988915,1.757536086235267,0.9030180102787332,False
/home/duanyuhan/dyh/motion/MotionRe/base_mobileposer/data/raw/DIP_IMU/s_07/05.pkl,s_07,sensitivity_looser,hip_knee,3690,4080,15.832315465181077,1.6868421110806773,0.7982477194123794,False
/home/duanyuhan/dyh/motion/MotionRe/base_mobileposer/data/raw/DIP_IMU/s_07/05.pkl,s_07,sensitivity_looser,spine,3690,4080,15.832315465181077,1.6868421110806773,1.228589681689004,False
/home/duanyuhan/dyh/motion/MotionRe/base_mobileposer/data/raw/DIP_IMU/s_07/05.pkl,s_07,sensitivity_looser,hip_knee,3690,4230,15.195985476618276,0.9171448267643817,1.402634733035676,False
/home/duanyuhan/dyh/motion/MotionRe/base_mobileposer/data/raw/DIP_IMU/s_07/05.pkl,s_07,sensitivity_looser,spine,3690,4230,15.195985476618276,0.9171448267643817,2.398216417615191,False
/home/duanyuhan/dyh/motion/MotionRe/base_mobileposer/data/raw/DIP_IMU/s_07/05.pkl,s_07,sensitivity_looser,hip_knee,3690,4260,14.23749670743181,1.5544413173473075,1.2139786684895237,False
/home/duanyuhan/dyh/motion/MotionRe/base_mobileposer/data/raw/DIP_IMU/s_07/05.pkl,s_07,sensitivity_looser,spine,3690,4260,14.23749670743181,1.5544413173473075,2.271093673010995,False
/home/duanyuhan/dyh/motion/MotionRe/base_mobileposer/data/raw/DIP_IMU/s_07/05.pkl,s_07,sensitivity_looser,hip_knee,3690,4290,9.8032642915221,1.415904175225022,1.0776654510851809,False
/home/duanyuhan/dyh/motion/MotionRe/base_mobileposer/data/raw/DIP_IMU/s_07/05.pkl,s_07,sensitivity_looser,spine,3690,4290,9.8032642915221,1.415904175225022,2.1515093640333034,False
/home/duanyuhan/dyh/motion/MotionRe/base_mobileposer/data/raw/DIP_IMU/s_07/05.pkl,s_07,sensitivity_looser,hip_knee,3690,4320,13.593938398936416,1.114757235458666,0.9196253727705785,False
/home/duanyuhan/dyh/motion/MotionRe/base_mobileposer/data/raw/DIP_IMU/s_07/05.pkl,s_07,sensitivity_looser,spine,3690,4320,13.593938398936416,1.114757235458666,2.1027998647375137,False
/home/duanyuhan/dyh/motion/MotionRe/base_mobileposer/data/raw/DIP_IMU/s_07/05.pkl,s_07,sensitivity_looser,hip_knee,3690,4350,13.574520522120013,1.0829054967979652,1.056151950787624,False
/home/duanyuhan/dyh/motion/MotionRe/base_mobileposer/data/raw/DIP_IMU/s_07/05.pkl,s_07,sensitivity_looser,spine,3690,4350,13.574520522120013,1.0829054967979652,2.053653656555031,False
/home/duanyuhan/dyh/motion/MotionRe/base_mobileposer/data/raw/DIP_IMU/s_07/05.pkl,s_07,sensitivity_looser,hip_knee,3690,4380,13.663841729880039,1.076460655678007,1.0922436777488755,False
/home/duanyuhan/dyh/motion/MotionRe/base_mobileposer/data/raw/DIP_IMU/s_07/05.pkl,s_07,sensitivity_looser,spine,3690,4380,13.663841729880039,1.076460655678007,2.3495301530055905,False
/home/duanyuhan/dyh/motion/MotionRe/base_mobileposer/data/raw/DIP_IMU/s_07/05.pkl,s_07,sensitivity_looser,hip_knee,3690,4410,16.60806011259265,1.1511927807882578,1.0812214797678166,False
/home/duanyuhan/dyh/motion/MotionRe/base_mobileposer/data/raw/DIP_IMU/s_07/05.pkl,s_07,sensitivity_looser,spine,3690,4410,16.60806011259265,1.1511927807882578,3.235712376241597,False
/home/duanyuhan/dyh/motion/MotionRe/base_mobileposer/data/raw/DIP_IMU/s_07/05.pkl,s_07,sensitivity_looser,hip_knee,3720,4050,9.800540706913324,1.5613444817167976,1.957276411328998,False
/home/duanyuhan/dyh/motion/MotionRe/base_mobileposer/data/raw/DIP_IMU/s_07/05.pkl,s_07,sensitivity_looser,spine,3720,4050,9.800540706913324,1.5613444817167976,1.8383478085750926,False
/home/duanyuhan/dyh/motion/MotionRe/base_mobileposer/data/raw/DIP_IMU/s_07/05.pkl,s_07,sensitivity_looser,hip_knee,3720,4080,7.836075513319881,1.5496817908509197,1.6973856703512342,False
/home/duanyuhan/dyh/motion/MotionRe/base_mobileposer/data/raw/DIP_IMU/s_07/05.pkl,s_07,sensitivity_looser,spine,3720,4080,7.836075513319881,1.5496817908509197,1.3747001891225128,False
/home/duanyuhan/dyh/motion/MotionRe/base_mobileposer/data/raw/DIP_IMU/s_07/05.pkl,s_07,sensitivity_looser,hip_knee,3720,4230,19.511886406957267,1.7646236741385926,3.5860389033925784,False
/home/duanyuhan/dyh/motion/MotionRe/base_mobileposer/data/raw/DIP_IMU/s_07/05.pkl,s_07,sensitivity_looser,spine,3720,4230,19.511886406957267,1.7646236741385926,4.410442352095747,False
/home/duanyuhan/dyh/motion/MotionRe/base_mobileposer/data/raw/DIP_IMU/s_07/05.pkl,s_07,sensitivity_looser,hip_knee,3750,4050,8.708280966141391,1.019401747577107,1.8107319234447417,False
/home/duanyuhan/dyh/motion/MotionRe/base_mobileposer/data/raw/DIP_IMU/s_07/05.pkl,s_07,sensitivity_looser,spine,3750,4050,8.708280966141391,1.019401747577107,1.8745681512823626,False
/home/duanyuhan/dyh/motion/MotionRe/base_mobileposer/data/raw/DIP_IMU/s_07/05.pkl,s_07,sensitivity_looser,hip_knee,3750,4080,5.287907552244666,1.1960320695298874,1.5474542763413757,False
/home/duanyuhan/dyh/motion/MotionRe/base_mobileposer/data/raw/DIP_IMU/s_07/05.pkl,s_07,sensitivity_looser,spine,3750,4080,5.287907552244666,1.1960320695298874,1.3656773849803612,False
/home/duanyuhan/dyh/motion/MotionRe/base_mobileposer/data/raw/DIP_IMU/s_07/05.pkl,s_07,sensitivity_looser,hip_knee,3750,4230,17.825525713815615,1.6826239324634311,3.416325854836812,False
/home/duanyuhan/dyh/motion/MotionRe/base_mobileposer/data/raw/DIP_IMU/s_07/05.pkl,s_07,sensitivity_looser,spine,3750,4230,17.825525713815615,1.6826239324634311,4.452565160349432,False
/home/duanyuhan/dyh/motion/MotionRe/base_mobileposer/data/raw/DIP_IMU/s_07/05.pkl,s_07,sensitivity_looser,hip_knee,3780,4230,11.661991545375953,1.4551904356407765,1.8558545772243533,False
/home/duanyuhan/dyh/motion/MotionRe/base_mobileposer/data/raw/DIP_IMU/s_07/05.pkl,s_07,sensitivity_looser,spine,3780,4230,11.661991545375953,1.4551904356407765,2.2471447788963936,False
/home/duanyuhan/dyh/motion/MotionRe/base_mobileposer/data/raw/DIP_IMU/s_07/05.pkl,s_07,sensitivity_looser,hip_knee,3780,4290,11.029778224330881,1.9182931745014125,1.560907604912497,False
/home/duanyuhan/dyh/motion/MotionRe/base_mobileposer/data/raw/DIP_IMU/s_07/05.pkl,s_07,sensitivity_looser,spine,3780,4290,11.029778224330881,1.9182931745014125,2.3589240951579304,False
/home/duanyuhan/dyh/motion/MotionRe/base_mobileposer/data/raw/DIP_IMU/s_07/05.pkl,s_07,sensitivity_looser,hip_knee,3780,4320,9.773621243420221,1.6558829356551514,1.4283045297990986,False
/home/duanyuhan/dyh/motion/MotionRe/base_mobileposer/data/raw/DIP_IMU/s_07/05.pkl,s_07,sensitivity_looser,spine,3780,4320,9.773621243420221,1.6558829356551514,2.11944241047013,False
/home/duanyuhan/dyh/motion/MotionRe/base_mobileposer/data/raw/DIP_IMU/s_07/05.pkl,s_07,sensitivity_looser,hip_knee,3780,4350,10.371290366325084,1.6261149688421666,1.5734175421050796,False
/home/duanyuhan/dyh/motion/MotionRe/base_mobileposer/data/raw/DIP_IMU/s_07/05.pkl,s_07,sensitivity_looser,spine,3780,4350,10.371290366325084,1.6261149688421666,2.1202958833074295,False
/home/duanyuhan/dyh/motion/MotionRe/base_mobileposer/data/raw/DIP_IMU/s_07/05.pkl,s_07,sensitivity_looser,hip_knee,3780,4380,9.86567021367787,1.6150701709679327,1.6177455202178745,False
/home/duanyuhan/dyh/motion/MotionRe/base_mobileposer/data/raw/DIP_IMU/s_07/05.pkl,s_07,sensitivity_looser,spine,3780,4380,9.86567021367787,1.6150701709679327,2.36878430857753,False
/home/duanyuhan/dyh/motion/MotionRe/base_mobileposer/data/raw/DIP_IMU/s_07/05.pkl,s_07,sensitivity_looser,hip_knee,3780,4410,9.536159414263725,1.6870477858300923,1.6281822458320054,False
/home/duanyuhan/dyh/motion/MotionRe/base_mobileposer/data/raw/DIP_IMU/s_07/05.pkl,s_07,sensitivity_looser,spine,3780,4410,9.536159414263725,1.6870477858300923,3.535300384364939,False
/home/duanyuhan/dyh/motion/MotionRe/base_mobileposer/data/raw/DIP_IMU/s_07/05.pkl,s_07,sensitivity_looser,hip_knee,3780,4440,19.703763503968766,1.9408834641032777,4.225247735182975,False
/home/duanyuhan/dyh/motion/MotionRe/base_mobileposer/data/raw/DIP_IMU/s_07/05.pkl,s_07,sensitivity_looser,spine,3780,4440,19.703763503968766,1.9408834641032777,5.988222146620941,False
/home/duanyuhan/dyh/motion/MotionRe/base_mobileposer/data/raw/DIP_IMU/s_07/05.pkl,s_07,sensitivity_looser,hip_knee,3810,4230,11.188251331997066,0.8063106484527994,0.5964948836905526,False
/home/duanyuhan/dyh/motion/MotionRe/base_mobileposer/data/raw/DIP_IMU/s_07/05.pkl,s_07,sensitivity_looser,spine,3810,4230,11.188251331997066,0.8063106484527994,1.2107896326557952,False
/home/duanyuhan/dyh/motion/MotionRe/base_mobileposer/data/raw/DIP_IMU/s_07/05.pkl,s_07,sensitivity_looser,hip_knee,3810,4260,9.842799682142251,0.847800616685294,0.4281540335592904,False
/home/duanyuhan/dyh/motion/MotionRe/base_mobileposer/data/raw/DIP_IMU/s_07/05.pkl,s_07,sensitivity_looser,spine,3810,4260,9.842799682142251,0.847800616685294,1.4100242363796134,False
/home/duanyuhan/dyh/motion/MotionRe/base_mobileposer/data/raw/DIP_IMU/s_07/05.pkl,s_07,sensitivity_looser,hip_knee,3810,4290,12.706598644489077,0.6873063881208265,0.2936175806709952,False
/home/duanyuhan/dyh/motion/MotionRe/base_mobileposer/data/raw/DIP_IMU/s_07/05.pkl,s_07,sensitivity_looser,spine,3810,4290,12.706598644489077,0.6873063881208265,1.5279186731745404,False
/home/duanyuhan/dyh/motion/MotionRe/base_mobileposer/data/raw/DIP_IMU/s_07/05.pkl,s_07,sensitivity_looser,hip_knee,3810,4320,9.677166160827806,0.34616357232006867,0.21614977165408109,False
/home/duanyuhan/dyh/motion/MotionRe/base_mobileposer/data/raw/DIP_IMU/s_07/05.pkl,s_07,sensitivity_looser,spine,3810,4320,9.677166160827806,0.34616357232006867,1.4894244697973604,False
/home/duanyuhan/dyh/motion/MotionRe/base_mobileposer/data/raw/DIP_IMU/s_07/05.pkl,s_07,sensitivity_looser,hip_knee,3810,4350,10.071820162910884,0.35930468750443295,0.30549206767855736,False
/home/duanyuhan/dyh/motion/MotionRe/base_mobileposer/data/raw/DIP_IMU/s_07/05.pkl,s_07,sensitivity_looser,spine,3810,4350,10.071820162910884,0.35930468750443295,1.3559375475002906,False
/home/duanyuhan/dyh/motion/MotionRe/base_mobileposer/data/raw/DIP_IMU/s_07/05.pkl,s_07,sensitivity_looser,hip_knee,3810,4380,9.723779638877625,0.39265313376002386,0.3440070678849843,False
/home/duanyuhan/dyh/motion/MotionRe/base_mobileposer/data/raw/DIP_IMU/s_07/05.pkl,s_07,sensitivity_looser,spine,3810,4380,9.723779638877625,0.39265313376002386,1.6887120287296364,False
/home/duanyuhan/dyh/motion/MotionRe/base_mobileposer/data/raw/DIP_IMU/s_07/05.pkl,s_07,sensitivity_looser,hip_knee,3810,4410,8.478161397155958,0.3617211263805884,0.5231869381064482,False
/home/duanyuhan/dyh/motion/MotionRe/base_mobileposer/data/raw/DIP_IMU/s_07/05.pkl,s_07,sensitivity_looser,spine,3810,4410,8.478161397155958,0.3617211263805884,3.385646295686256,False
/home/duanyuhan/dyh/motion/MotionRe/base_mobileposer/data/raw/DIP_IMU/s_07/05.pkl,s_07,sensitivity_looser,hip_knee,3810,4440,18.467344291137515,1.8687204662684207,3.8100885639579816,False
/home/duanyuhan/dyh/motion/MotionRe/base_mobileposer/data/raw/DIP_IMU/s_07/05.pkl,s_07,sensitivity_looser,spine,3810,4440,18.467344291137515,1.8687204662684207,6.938971470596155,False
/home/duanyuhan/dyh/motion/MotionRe/base_mobileposer/data/raw/DIP_IMU/s_07/05.pkl,s_07,sensitivity_looser,hip_knee,3840,4230,10.47170385902423,1.2021480466049974,0.6329585287725599,False
/home/duanyuhan/dyh/motion/MotionRe/base_mobileposer/data/raw/DIP_IMU/s_07/05.pkl,s_07,sensitivity_looser,spine,3840,4230,10.47170385902423,1.2021480466049974,1.5123031351210525,False
/home/duanyuhan/dyh/motion/MotionRe/base_mobileposer/data/raw/DIP_IMU/s_07/05.pkl,s_07,sensitivity_looser,hip_knee,3840,4260,9.785323240595432,1.7663020694444402,0.44984805727344956,False
/home/duanyuhan/dyh/motion/MotionRe/base_mobileposer/data/raw/DIP_IMU/s_07/05.pkl,s_07,sensitivity_looser,spine,3840,4260,9.785323240595432,1.7663020694444402,1.3871621424511205,False
/home/duanyuhan/dyh/motion/MotionRe/base_mobileposer/data/raw/DIP_IMU/s_07/05.pkl,s_07,sensitivity_looser,hip_knee,3840,4290,12.634831388244264,1.5157540496262205,0.32988943078978256,False
/home/duanyuhan/dyh/motion/MotionRe/base_mobileposer/data/raw/DIP_IMU/s_07/05.pkl,s_07,sensitivity_looser,spine,3840,4290,12.634831388244264,1.5157540496262205,1.4394194951473527,False
/home/duanyuhan/dyh/motion/MotionRe/base_mobileposer/data/raw/DIP_IMU/s_07/05.pkl,s_07,sensitivity_looser,hip_knee,3840,4320,10.919380727375986,1.172541222412858,0.21008656161903957,False
/home/duanyuhan/dyh/motion/MotionRe/base_mobileposer/data/raw/DIP_IMU/s_07/05.pkl,s_07,sensitivity_looser,spine,3840,4320,10.919380727375986,1.172541222412858,1.6016121037641255,False
/home/duanyuhan/dyh/motion/MotionRe/base_mobileposer/data/raw/DIP_IMU/s_07/05.pkl,s_07,sensitivity_looser,hip_knee,3840,4350,11.370448044309251,1.1803595518543708,0.3302145872266775,False
/home/duanyuhan/dyh/motion/MotionRe/base_mobileposer/data/raw/DIP_IMU/s_07/05.pkl,s_07,sensitivity_looser,spine,3840,4350,11.370448044309251,1.1803595518543708,1.4113984726016324,False
/home/duanyuhan/dyh/motion/MotionRe/base_mobileposer/data/raw/DIP_IMU/s_07/05.pkl,s_07,sensitivity_looser,hip_knee,3840,4380,11.06794637172724,1.1306835647443572,0.3694130962554256,False
/home/duanyuhan/dyh/motion/MotionRe/base_mobileposer/data/raw/DIP_IMU/s_07/05.pkl,s_07,sensitivity_looser,spine,3840,4380,11.06794637172724,1.1306835647443572,1.7107241772476378,False
/home/duanyuhan/dyh/motion/MotionRe/base_mobileposer/data/raw/DIP_IMU/s_07/05.pkl,s_07,sensitivity_looser,hip_knee,3840,4410,10.498633546764859,1.1074619160866814,0.4819536075317368,False
/home/duanyuhan/dyh/motion/MotionRe/base_mobileposer/data/raw/DIP_IMU/s_07/05.pkl,s_07,sensitivity_looser,spine,3840,4410,10.498633546764859,1.1074619160866814,3.0317498471595434,False
/home/duanyuhan/dyh/motion/MotionRe/base_mobileposer/data/raw/DIP_IMU/s_07/05.pkl,s_07,sensitivity_looser,hip_knee,3840,4440,18.26507249445553,1.9403095063396718,3.774405871163421,False
/home/duanyuhan/dyh/motion/MotionRe/base_mobileposer/data/raw/DIP_IMU/s_07/05.pkl,s_07,sensitivity_looser,spine,3840,4440,18.26507249445553,1.9403095063396718,6.614589377018842,False
/home/duanyuhan/dyh/motion/MotionRe/base_mobileposer/data/raw/DIP_IMU/s_07/05.pkl,s_07,sensitivity_looser,hip_knee,3990,4290,13.275220406650186,0.6974455927901577,0.6992764161696573,False
/home/duanyuhan/dyh/motion/MotionRe/base_mobileposer/data/raw/DIP_IMU/s_07/05.pkl,s_07,sensitivity_looser,spine,3990,4290,13.275220406650186,0.6974455927901577,1.2905961336182756,False
/home/duanyuhan/dyh/motion/MotionRe/base_mobileposer/data/raw/DIP_IMU/s_07/05.pkl,s_07,sensitivity_looser,hip_knee,3990,4320,15.365789053521596,0.219562713429267,0.5612165177234009,False
/home/duanyuhan/dyh/motion/MotionRe/base_mobileposer/data/raw/DIP_IMU/s_07/05.pkl,s_07,sensitivity_looser,spine,3990,4320,15.365789053521596,0.219562713429267,1.2159020996172605,False
/home/duanyuhan/dyh/motion/MotionRe/base_mobileposer/data/raw/DIP_IMU/s_07/05.pkl,s_07,sensitivity_looser,hip_knee,3990,4350,15.896386458696169,0.25572566104644406,0.7071800913519968,False
/home/duanyuhan/dyh/motion/MotionRe/base_mobileposer/data/raw/DIP_IMU/s_07/05.pkl,s_07,sensitivity_looser,spine,3990,4350,15.896386458696169,0.25572566104644406,1.088485728212216,False
/home/duanyuhan/dyh/motion/MotionRe/base_mobileposer/data/raw/DIP_IMU/s_07/05.pkl,s_07,sensitivity_looser,hip_knee,3990,4380,15.561213460664446,0.23736388502737973,0.7529445506694344,False
/home/duanyuhan/dyh/motion/MotionRe/base_mobileposer/data/raw/DIP_IMU/s_07/05.pkl,s_07,sensitivity_looser,spine,3990,4380,15.561213460664446,0.23736388502737973,1.5179274043513589,False
/home/duanyuhan/dyh/motion/MotionRe/base_mobileposer/data/raw/DIP_IMU/s_07/05.pkl,s_07,sensitivity_looser,hip_knee,3990,4410,17.072076489311037,0.29168435564909884,0.7880807070247678,False
/home/duanyuhan/dyh/motion/MotionRe/base_mobileposer/data/raw/DIP_IMU/s_07/05.pkl,s_07,sensitivity_looser,spine,3990,4410,17.072076489311037,0.29168435564909884,3.241628567144732,False
/home/duanyuhan/dyh/motion/MotionRe/base_mobileposer/data/raw/DIP_IMU/s_07/05.pkl,s_07,sensitivity_looser,hip_knee,4020,4320,18.930526563507982,1.6530508371262207,0.6435134350439105,False
/home/duanyuhan/dyh/motion/MotionRe/base_mobileposer/data/raw/DIP_IMU/s_07/05.pkl,s_07,sensitivity_looser,spine,4020,4320,18.930526563507982,1.6530508371262207,1.4334215335986704,False
/home/duanyuhan/dyh/motion/MotionRe/base_mobileposer/data/raw/DIP_IMU/s_07/05.pkl,s_07,sensitivity_looser,hip_knee,4020,4350,19.519035188928616,1.665722891260086,0.7777798469199843,False
/home/duanyuhan/dyh/motion/MotionRe/base_mobileposer/data/raw/DIP_IMU/s_07/05.pkl,s_07,sensitivity_looser,spine,4020,4350,19.519035188928616,1.665722891260086,1.372546436021673,False
/home/duanyuhan/dyh/motion/MotionRe/base_mobileposer/data/raw/DIP_IMU/s_07/05.pkl,s_07,sensitivity_looser,hip_knee,4020,4380,19.089420714573958,1.705663196394729,0.8258276020222728,False
/home/duanyuhan/dyh/motion/MotionRe/base_mobileposer/data/raw/DIP_IMU/s_07/05.pkl,s_07,sensitivity_looser,spine,4020,4380,19.089420714573958,1.705663196394729,1.7642063823594498,False
/home/duanyuhan/dyh/motion/MotionRe/base_mobileposer/data/raw/DIP_IMU/s_07/05.pkl,s_07,sensitivity_looser,hip_knee,4020,4410,19.819149024130994,1.7482432471875236,0.8831369982976703,False
/home/duanyuhan/dyh/motion/MotionRe/base_mobileposer/data/raw/DIP_IMU/s_07/05.pkl,s_07,sensitivity_looser,spine,4020,4410,19.819149024130994,1.7482432471875236,3.4909060668720375,False
/home/duanyuhan/dyh/motion/MotionRe/base_mobileposer/data/raw/DIP_IMU/s_07/05.pkl,s_07,sensitivity_looser,hip_knee,4050,4350,14.940725934410024,1.1915584571640265,1.4455212705907103,False
/home/duanyuhan/dyh/motion/MotionRe/base_mobileposer/data/raw/DIP_IMU/s_07/05.pkl,s_07,sensitivity_looser,spine,4050,4350,14.940725934410024,1.1915584571640265,2.4051604287674753,False
/home/duanyuhan/dyh/motion/MotionRe/base_mobileposer/data/raw/DIP_IMU/s_07/05.pkl,s_07,sensitivity_looser,hip_knee,4050,4380,15.355267345408027,1.1548401466919138,1.4956446722186327,False
/home/duanyuhan/dyh/motion/MotionRe/base_mobileposer/data/raw/DIP_IMU/s_07/05.pkl,s_07,sensitivity_looser,spine,4050,4380,15.355267345408027,1.1548401466919138,2.531661912708779,False
/home/duanyuhan/dyh/motion/MotionRe/base_mobileposer/data/raw/DIP_IMU/s_07/05.pkl,s_07,sensitivity_looser,hip_knee,4050,4410,18.28578455968855,1.1259846560096995,1.4453187147034388,False
/home/duanyuhan/dyh/motion/MotionRe/base_mobileposer/data/raw/DIP_IMU/s_07/05.pkl,s_07,sensitivity_looser,spine,4050,4410,18.28578455968855,1.1259846560096995,2.9218283824751983,False
/home/duanyuhan/dyh/motion/MotionRe/base_mobileposer/data/raw/DIP_IMU/s_07/05.pkl,s_07,sensitivity_looser,hip_knee,4050,4440,18.42580889111573,1.9019928722142665,3.9666674497067134,False
/home/duanyuhan/dyh/motion/MotionRe/base_mobileposer/data/raw/DIP_IMU/s_07/05.pkl,s_07,sensitivity_looser,spine,4050,4440,18.42580889111573,1.9019928722142665,5.011012572479287,False
/home/duanyuhan/dyh/motion/MotionRe/base_mobileposer/data/raw/DIP_IMU/s_07/05.pkl,s_07,sensitivity_looser,hip_knee,4080,4380,18.534213949682762,0.8314474028084101,1.7060249753328087,False
/home/duanyuhan/dyh/motion/MotionRe/base_mobileposer/data/raw/DIP_IMU/s_07/05.pkl,s_07,sensitivity_looser,spine,4080,4380,18.534213949682762,0.8314474028084101,2.934686760199092,False
/home/duanyuhan/dyh/motion/MotionRe/base_mobileposer/data/raw/DIP_IMU/s_07/05.pkl,s_07,sensitivity_looser,hip_knee,4080,4440,18.526832802969682,1.953400237469875,4.103768745110997,False
/home/duanyuhan/dyh/motion/MotionRe/base_mobileposer/data/raw/DIP_IMU/s_07/05.pkl,s_07,sensitivity_looser,spine,4080,4440,18.526832802969682,1.953400237469875,5.013712231630051,False
/home/duanyuhan/dyh/motion/MotionRe/base_mobileposer/data/raw/DIP_IMU/s_07/05.pkl,s_07,sensitivity_looser,hip_knee,4440,5790,14.532699923818729,1.990891657793587,6.969201625441386,False
/home/duanyuhan/dyh/motion/MotionRe/base_mobileposer/data/raw/DIP_IMU/s_07/05.pkl,s_07,sensitivity_looser,spine,4440,5790,14.532699923818729,1.990891657793587,6.666957001242907,False
/home/duanyuhan/dyh/motion/MotionRe/base_mobileposer/data/raw/DIP_IMU/s_07/05.pkl,s_07,sensitivity_looser,hip_knee,4440,5850,15.567043376201083,1.9512553098558247,7.00532489255562,False
/home/duanyuhan/dyh/motion/MotionRe/base_mobileposer/data/raw/DIP_IMU/s_07/05.pkl,s_07,sensitivity_looser,spine,4440,5850,15.567043376201083,1.9512553098558247,6.8554872250112915,False
/home/duanyuhan/dyh/motion/MotionRe/base_mobileposer/data/raw/DIP_IMU/s_07/05.pkl,s_07,sensitivity_looser,hip_knee,5130,5490,18.92386946126642,1.4923084505889332,0.4166198080534337,False
/home/duanyuhan/dyh/motion/MotionRe/base_mobileposer/data/raw/DIP_IMU/s_07/05.pkl,s_07,sensitivity_looser,spine,5130,5490,18.92386946126642,1.4923084505889332,1.5173389648919307,False
/home/duanyuhan/dyh/motion/MotionRe/base_mobileposer/data/raw/DIP_IMU/s_07/05.pkl,s_07,sensitivity_looser,hip_knee,5130,5520,9.997710336735649,1.9851062065662195,0.7148363419846205,False
/home/duanyuhan/dyh/motion/MotionRe/base_mobileposer/data/raw/DIP_IMU/s_07/05.pkl,s_07,sensitivity_looser,spine,5130,5520,9.997710336735649,1.9851062065662195,1.5101987212427173,False
/home/duanyuhan/dyh/motion/MotionRe/base_mobileposer/data/raw/DIP_IMU/s_07/05.pkl,s_07,sensitivity_looser,hip_knee,5130,5580,16.13762455147567,1.4635238699466802,0.6382333105277804,False
/home/duanyuhan/dyh/motion/MotionRe/base_mobileposer/data/raw/DIP_IMU/s_07/05.pkl,s_07,sensitivity_looser,spine,5130,5580,16.13762455147567,1.4635238699466802,2.1484948099442724,False
/home/duanyuhan/dyh/motion/MotionRe/base_mobileposer/data/raw/DIP_IMU/s_08/01_a.pkl,s_08,primary,hip_knee,4530,5130,8.431080493652717,0.9144035775218803,0.21405617753461362,False
/home/duanyuhan/dyh/motion/MotionRe/base_mobileposer/data/raw/DIP_IMU/s_08/01_a.pkl,s_08,primary,spine,4530,5130,8.431080493652717,0.9144035775218803,0.9969739079829559,False
/home/duanyuhan/dyh/motion/MotionRe/base_mobileposer/data/raw/DIP_IMU/s_08/01_a.pkl,s_08,sensitivity_looser,hip_knee,150,5580,18.82974545059194,0.8557103724692969,2.22962701484092,False
/home/duanyuhan/dyh/motion/MotionRe/base_mobileposer/data/raw/DIP_IMU/s_08/01_a.pkl,s_08,sensitivity_looser,spine,150,5580,18.82974545059194,0.8557103724692969,1.5055091090147457,False
/home/duanyuhan/dyh/motion/MotionRe/base_mobileposer/data/raw/DIP_IMU/s_08/01_a.pkl,s_08,sensitivity_looser,hip_knee,150,5610,17.55888229966157,1.156051342692339,2.6095812452996423,False
/home/duanyuhan/dyh/motion/MotionRe/base_mobileposer/data/raw/DIP_IMU/s_08/01_a.pkl,s_08,sensitivity_looser,spine,150,5610,17.55888229966157,1.156051342692339,1.3763101202599373,False
/home/duanyuhan/dyh/motion/MotionRe/base_mobileposer/data/raw/DIP_IMU/s_08/01_a.pkl,s_08,sensitivity_looser,hip_knee,150,5640,17.55021892940439,0.6066311732557895,2.541735438942546,False
/home/duanyuhan/dyh/motion/MotionRe/base_mobileposer/data/raw/DIP_IMU/s_08/01_a.pkl,s_08,sensitivity_looser,spine,150,5640,17.55021892940439,0.6066311732557895,1.37507381445387,False
/home/duanyuhan/dyh/motion/MotionRe/base_mobileposer/data/raw/DIP_IMU/s_08/01_a.pkl,s_08,sensitivity_looser,hip_knee,360,1230,17.52019695218701,1.800274831170093,2.664593793540301,False
/home/duanyuhan/dyh/motion/MotionRe/base_mobileposer/data/raw/DIP_IMU/s_08/01_a.pkl,s_08,sensitivity_looser,spine,360,1230,17.52019695218701,1.800274831170093,2.3799557032266545,False
/home/duanyuhan/dyh/motion/MotionRe/base_mobileposer/data/raw/DIP_IMU/s_08/01_a.pkl,s_08,sensitivity_looser,hip_knee,720,1080,12.828089020393405,1.6822137721109787,1.0054721642237405,False
/home/duanyuhan/dyh/motion/MotionRe/base_mobileposer/data/raw/DIP_IMU/s_08/01_a.pkl,s_08,sensitivity_looser,spine,720,1080,12.828089020393405,1.6822137721109787,0.6088161930743625,False
/home/duanyuhan/dyh/motion/MotionRe/base_mobileposer/data/raw/DIP_IMU/s_08/01_a.pkl,s_08,sensitivity_looser,hip_knee,1470,2520,12.68564853620822,1.4344121347006413,1.2775803166601376,False
/home/duanyuhan/dyh/motion/MotionRe/base_mobileposer/data/raw/DIP_IMU/s_08/01_a.pkl,s_08,sensitivity_looser,spine,1470,2520,12.68564853620822,1.4344121347006413,0.5538097589275884,False
/home/duanyuhan/dyh/motion/MotionRe/base_mobileposer/data/raw/DIP_IMU/s_08/01_a.pkl,s_08,sensitivity_looser,hip_knee,1470,2640,19.00979988884324,1.603304927645817,1.0828155486209736,False
/home/duanyuhan/dyh/motion/MotionRe/base_mobileposer/data/raw/DIP_IMU/s_08/01_a.pkl,s_08,sensitivity_looser,spine,1470,2640,19.00979988884324,1.603304927645817,0.8694576969226097,False
/home/duanyuhan/dyh/motion/MotionRe/base_mobileposer/data/raw/DIP_IMU/s_08/01_a.pkl,s_08,sensitivity_looser,hip_knee,1500,1890,13.75410281285711,1.3017858697717402,0.6177869217767099,False
/home/duanyuhan/dyh/motion/MotionRe/base_mobileposer/data/raw/DIP_IMU/s_08/01_a.pkl,s_08,sensitivity_looser,spine,1500,1890,13.75410281285711,1.3017858697717402,0.9526485696873245,False
/home/duanyuhan/dyh/motion/MotionRe/base_mobileposer/data/raw/DIP_IMU/s_08/01_a.pkl,s_08,sensitivity_looser,hip_knee,1500,2010,14.322120268823003,1.2156327326419278,0.8540136625514265,False
/home/duanyuhan/dyh/motion/MotionRe/base_mobileposer/data/raw/DIP_IMU/s_08/01_a.pkl,s_08,sensitivity_looser,spine,1500,2010,14.322120268823003,1.2156327326419278,1.3875974411181289,False
/home/duanyuhan/dyh/motion/MotionRe/base_mobileposer/data/raw/DIP_IMU/s_08/01_a.pkl,s_08,sensitivity_looser,hip_knee,1590,1980,14.040194407109263,1.909818146741929,0.44027008791843236,False
/home/duanyuhan/dyh/motion/MotionRe/base_mobileposer/data/raw/DIP_IMU/s_08/01_a.pkl,s_08,sensitivity_looser,spine,1590,1980,14.040194407109263,1.909818146741929,1.120428920952936,False
/home/duanyuhan/dyh/motion/MotionRe/base_mobileposer/data/raw/DIP_IMU/s_08/01_a.pkl,s_08,sensitivity_looser,hip_knee,1620,2280,7.3074929243500275,1.8430641303740876,0.674167035063938,False
/home/duanyuhan/dyh/motion/MotionRe/base_mobileposer/data/raw/DIP_IMU/s_08/01_a.pkl,s_08,sensitivity_looser,spine,1620,2280,7.3074929243500275,1.8430641303740876,1.0387277820370053,False
/home/duanyuhan/dyh/motion/MotionRe/base_mobileposer/data/raw/DIP_IMU/s_08/01_a.pkl,s_08,sensitivity_looser,hip_knee,1680,2220,8.995170452534815,1.605214850175643,0.2563602085877059,False
/home/duanyuhan/dyh/motion/MotionRe/base_mobileposer/data/raw/DIP_IMU/s_08/01_a.pkl,s_08,sensitivity_looser,spine,1680,2220,8.995170452534815,1.605214850175643,1.8387039420422688,False
/home/duanyuhan/dyh/motion/MotionRe/base_mobileposer/data/raw/DIP_IMU/s_08/01_a.pkl,s_08,sensitivity_looser,hip_knee,1710,2250,9.074980772780929,1.6736552896710635,0.20769103386986854,False
/home/duanyuhan/dyh/motion/MotionRe/base_mobileposer/data/raw/DIP_IMU/s_08/01_a.pkl,s_08,sensitivity_looser,spine,1710,2250,9.074980772780929,1.6736552896710635,0.8861253147203051,False
/home/duanyuhan/dyh/motion/MotionRe/base_mobileposer/data/raw/DIP_IMU/s_08/01_a.pkl,s_08,sensitivity_looser,hip_knee,1740,2280,8.230516754407565,1.867764061496706,0.8723982498913497,False
/home/duanyuhan/dyh/motion/MotionRe/base_mobileposer/data/raw/DIP_IMU/s_08/01_a.pkl,s_08,sensitivity_looser,spine,1740,2280,8.230516754407565,1.867764061496706,1.4196699389046916,False
/home/duanyuhan/dyh/motion/MotionRe/base_mobileposer/data/raw/DIP_IMU/s_08/01_a.pkl,s_08,sensitivity_looser,hip_knee,1740,2400,9.693760378516195,1.9310611657659016,0.7349589599394856,False
/home/duanyuhan/dyh/motion/MotionRe/base_mobileposer/data/raw/DIP_IMU/s_08/01_a.pkl,s_08,sensitivity_looser,spine,1740,2400,9.693760378516195,1.9310611657659016,0.8383237745805389,False
/home/duanyuhan/dyh/motion/MotionRe/base_mobileposer/data/raw/DIP_IMU/s_08/01_a.pkl,s_08,sensitivity_looser,hip_knee,1890,2280,11.215056984535932,1.871362890682663,0.8376650992532084,False
/home/duanyuhan/dyh/motion/MotionRe/base_mobileposer/data/raw/DIP_IMU/s_08/01_a.pkl,s_08,sensitivity_looser,spine,1890,2280,11.215056984535932,1.871362890682663,0.38652483351540684,False
/home/duanyuhan/dyh/motion/MotionRe/base_mobileposer/data/raw/DIP_IMU/s_08/01_a.pkl,s_08,sensitivity_looser,hip_knee,2790,3330,12.33646181934504,1.5062618900954432,0.5239783167165581,False
/home/duanyuhan/dyh/motion/MotionRe/base_mobileposer/data/raw/DIP_IMU/s_08/01_a.pkl,s_08,sensitivity_looser,spine,2790,3330,12.33646181934504,1.5062618900954432,1.1571086175723693,False
/home/duanyuhan/dyh/motion/MotionRe/base_mobileposer/data/raw/DIP_IMU/s_08/01_a.pkl,s_08,sensitivity_looser,hip_knee,2790,3480,11.557941132569443,1.1761664004817267,0.39560586649118273,False
/home/duanyuhan/dyh/motion/MotionRe/base_mobileposer/data/raw/DIP_IMU/s_08/01_a.pkl,s_08,sensitivity_looser,spine,2790,3480,11.557941132569443,1.1761664004817267,1.042354029558651,False
/home/duanyuhan/dyh/motion/MotionRe/base_mobileposer/data/raw/DIP_IMU/s_08/01_a.pkl,s_08,sensitivity_looser,hip_knee,2790,3750,12.83930309804655,1.2528866535220287,0.6036701837263468,False
/home/duanyuhan/dyh/motion/MotionRe/base_mobileposer/data/raw/DIP_IMU/s_08/01_a.pkl,s_08,sensitivity_looser,spine,2790,3750,12.83930309804655,1.2528866535220287,1.11514950052915,False
/home/duanyuhan/dyh/motion/MotionRe/base_mobileposer/data/raw/DIP_IMU/s_08/01_a.pkl,s_08,sensitivity_looser,hip_knee,3030,3450,7.213993907320949,1.2393954333263746,0.3587792352706632,False
/home/duanyuhan/dyh/motion/MotionRe/base_mobileposer/data/raw/DIP_IMU/s_08/01_a.pkl,s_08,sensitivity_looser,spine,3030,3450,7.213993907320949,1.2393954333263746,1.2886275758241328,False
/home/duanyuhan/dyh/motion/MotionRe/base_mobileposer/data/raw/DIP_IMU/s_08/01_a.pkl,s_08,sensitivity_looser,hip_knee,3180,5310,14.117321707446202,1.51502053781923,1.133326034695398,False
/home/duanyuhan/dyh/motion/MotionRe/base_mobileposer/data/raw/DIP_IMU/s_08/01_a.pkl,s_08,sensitivity_looser,spine,3180,5310,14.117321707446202,1.51502053781923,3.628434785289753,False
/home/duanyuhan/dyh/motion/MotionRe/base_mobileposer/data/raw/DIP_IMU/s_08/01_a.pkl,s_08,sensitivity_looser,hip_knee,3330,3750,12.018020946632186,1.9469309713877225,0.7429296573377253,False
/home/duanyuhan/dyh/motion/MotionRe/base_mobileposer/data/raw/DIP_IMU/s_08/01_a.pkl,s_08,sensitivity_looser,spine,3330,3750,12.018020946632186,1.9469309713877225,0.803766001371561,False
/home/duanyuhan/dyh/motion/MotionRe/base_mobileposer/data/raw/DIP_IMU/s_08/01_a.pkl,s_08,sensitivity_looser,hip_knee,3870,4590,18.583122373863738,1.3217313429337465,0.8693223434710647,False
/home/duanyuhan/dyh/motion/MotionRe/base_mobileposer/data/raw/DIP_IMU/s_08/01_a.pkl,s_08,sensitivity_looser,spine,3870,4590,18.583122373863738,1.3217313429337465,3.3796929632225203,False
/home/duanyuhan/dyh/motion/MotionRe/base_mobileposer/data/raw/DIP_IMU/s_08/01_a.pkl,s_08,sensitivity_looser,hip_knee,4170,4560,13.850528943228877,1.331703276454864,0.7954650879613592,False
/home/duanyuhan/dyh/motion/MotionRe/base_mobileposer/data/raw/DIP_IMU/s_08/01_a.pkl,s_08,sensitivity_looser,spine,4170,4560,13.850528943228877,1.331703276454864,2.2827289169601293,False
/home/duanyuhan/dyh/motion/MotionRe/base_mobileposer/data/raw/DIP_IMU/s_08/01_a.pkl,s_08,sensitivity_looser,hip_knee,4170,4680,12.183227082993639,1.7392159833401846,1.001477657876829,False
/home/duanyuhan/dyh/motion/MotionRe/base_mobileposer/data/raw/DIP_IMU/s_08/01_a.pkl,s_08,sensitivity_looser,spine,4170,4680,12.183227082993639,1.7392159833401846,3.5372461003681757,False
/home/duanyuhan/dyh/motion/MotionRe/base_mobileposer/data/raw/DIP_IMU/s_08/01_a.pkl,s_08,sensitivity_looser,hip_knee,4170,4920,15.798767117670918,1.635301851559243,1.209957878255481,False
/home/duanyuhan/dyh/motion/MotionRe/base_mobileposer/data/raw/DIP_IMU/s_08/01_a.pkl,s_08,sensitivity_looser,spine,4170,4920,15.798767117670918,1.635301851559243,2.3413411684193086,False
/home/duanyuhan/dyh/motion/MotionRe/base_mobileposer/data/raw/DIP_IMU/s_08/01_a.pkl,s_08,sensitivity_looser,hip_knee,4170,5310,13.973365536714606,1.7355359530274839,1.1498445349904118,False
/home/duanyuhan/dyh/motion/MotionRe/base_mobileposer/data/raw/DIP_IMU/s_08/01_a.pkl,s_08,sensitivity_looser,spine,4170,5310,13.973365536714606,1.7355359530274839,2.8549846182660255,False
/home/duanyuhan/dyh/motion/MotionRe/base_mobileposer/data/raw/DIP_IMU/s_08/01_a.pkl,s_08,sensitivity_looser,hip_knee,4230,5130,17.27261336369797,1.7205956077162505,1.1761849339842299,False
/home/duanyuhan/dyh/motion/MotionRe/base_mobileposer/data/raw/DIP_IMU/s_08/01_a.pkl,s_08,sensitivity_looser,spine,4230,5130,17.27261336369797,1.7205956077162505,0.9703520159561018,False
/home/duanyuhan/dyh/motion/MotionRe/base_mobileposer/data/raw/DIP_IMU/s_08/01_a.pkl,s_08,sensitivity_looser,hip_knee,4230,5280,8.519748111719457,1.8318686196091782,1.1215807892024112,False
/home/duanyuhan/dyh/motion/MotionRe/base_mobileposer/data/raw/DIP_IMU/s_08/01_a.pkl,s_08,sensitivity_looser,spine,4230,5280,8.519748111719457,1.8318686196091782,1.3315865793932904,False
/home/duanyuhan/dyh/motion/MotionRe/base_mobileposer/data/raw/DIP_IMU/s_08/01_a.pkl,s_08,sensitivity_looser,hip_knee,4260,4650,12.969441913832327,1.8372632873783938,1.189923484020535,False
/home/duanyuhan/dyh/motion/MotionRe/base_mobileposer/data/raw/DIP_IMU/s_08/01_a.pkl,s_08,sensitivity_looser,spine,4260,4650,12.969441913832327,1.8372632873783938,1.05841381694878,False
/home/duanyuhan/dyh/motion/MotionRe/base_mobileposer/data/raw/DIP_IMU/s_08/01_a.pkl,s_08,sensitivity_looser,hip_knee,4290,4920,16.251634177731848,1.9002966589671957,1.137309505184851,False
/home/duanyuhan/dyh/motion/MotionRe/base_mobileposer/data/raw/DIP_IMU/s_08/01_a.pkl,s_08,sensitivity_looser,spine,4290,4920,16.251634177731848,1.9002966589671957,2.030613797517556,False
/home/duanyuhan/dyh/motion/MotionRe/base_mobileposer/data/raw/DIP_IMU/s_08/01_a.pkl,s_08,sensitivity_looser,hip_knee,4320,4710,4.531043068152439,1.749928980435685,0.4202010274719335,False
/home/duanyuhan/dyh/motion/MotionRe/base_mobileposer/data/raw/DIP_IMU/s_08/01_a.pkl,s_08,sensitivity_looser,spine,4320,4710,4.531043068152439,1.749928980435685,1.6566983179656851,False
/home/duanyuhan/dyh/motion/MotionRe/base_mobileposer/data/raw/DIP_IMU/s_08/01_a.pkl,s_08,sensitivity_looser,hip_knee,4320,5220,16.652070172324535,1.4212181091671567,0.7334293606766485,False
/home/duanyuhan/dyh/motion/MotionRe/base_mobileposer/data/raw/DIP_IMU/s_08/01_a.pkl,s_08,sensitivity_looser,spine,4320,5220,16.652070172324535,1.4212181091671567,1.0726536060232108,False
/home/duanyuhan/dyh/motion/MotionRe/base_mobileposer/data/raw/DIP_IMU/s_08/01_a.pkl,s_08,sensitivity_looser,hip_knee,4320,5340,17.33294438711552,1.7526284963408192,0.77810039834233,False
/home/duanyuhan/dyh/motion/MotionRe/base_mobileposer/data/raw/DIP_IMU/s_08/01_a.pkl,s_08,sensitivity_looser,spine,4320,5340,17.33294438711552,1.7526284963408192,1.5101140198776557,False
/home/duanyuhan/dyh/motion/MotionRe/base_mobileposer/data/raw/DIP_IMU/s_08/01_a.pkl,s_08,sensitivity_looser,hip_knee,4350,4740,12.524931261793085,1.440688634397556,0.3978220331600773,False
/home/duanyuhan/dyh/motion/MotionRe/base_mobileposer/data/raw/DIP_IMU/s_08/01_a.pkl,s_08,sensitivity_looser,spine,4350,4740,12.524931261793085,1.440688634397556,1.0361511566454005,False
/home/duanyuhan/dyh/motion/MotionRe/base_mobileposer/data/raw/DIP_IMU/s_08/01_a.pkl,s_08,sensitivity_looser,hip_knee,4350,4860,14.396661793780375,1.1773338679704564,0.5631119804745761,False
/home/duanyuhan/dyh/motion/MotionRe/base_mobileposer/data/raw/DIP_IMU/s_08/01_a.pkl,s_08,sensitivity_looser,spine,4350,4860,14.396661793780375,1.1773338679704564,1.027036898175152,False
/home/duanyuhan/dyh/motion/MotionRe/base_mobileposer/data/raw/DIP_IMU/s_08/01_a.pkl,s_08,sensitivity_looser,hip_knee,4410,4920,16.094241816450253,1.4551972367025765,0.43765825731184677,False
/home/duanyuhan/dyh/motion/MotionRe/base_mobileposer/data/raw/DIP_IMU/s_08/01_a.pkl,s_08,sensitivity_looser,spine,4410,4920,16.094241816450253,1.4551972367025765,1.6208350031755234,False
/home/duanyuhan/dyh/motion/MotionRe/base_mobileposer/data/raw/DIP_IMU/s_08/01_a.pkl,s_08,sensitivity_looser,hip_knee,4410,5310,16.546306576560934,1.7032796959957994,0.39249136550754865,False
/home/duanyuhan/dyh/motion/MotionRe/base_mobileposer/data/raw/DIP_IMU/s_08/01_a.pkl,s_08,sensitivity_looser,spine,4410,5310,16.546306576560934,1.7032796959957994,2.076069943190074,False
/home/duanyuhan/dyh/motion/MotionRe/base_mobileposer/data/raw/DIP_IMU/s_08/01_a.pkl,s_08,sensitivity_looser,hip_knee,4440,5070,14.008232100915222,1.8553218541336272,0.39920264443886805,False
/home/duanyuhan/dyh/motion/MotionRe/base_mobileposer/data/raw/DIP_IMU/s_08/01_a.pkl,s_08,sensitivity_looser,spine,4440,5070,14.008232100915222,1.8553218541336272,1.3246390318625039,False
/home/duanyuhan/dyh/motion/MotionRe/base_mobileposer/data/raw/DIP_IMU/s_08/01_a.pkl,s_08,sensitivity_looser,hip_knee,4440,5190,11.43195588889784,1.5570120465258055,0.5464064901743595,False
/home/duanyuhan/dyh/motion/MotionRe/base_mobileposer/data/raw/DIP_IMU/s_08/01_a.pkl,s_08,sensitivity_looser,spine,4440,5190,11.43195588889784,1.5570120465258055,1.3562497769869013,False
/home/duanyuhan/dyh/motion/MotionRe/base_mobileposer/data/raw/DIP_IMU/s_08/01_a.pkl,s_08,sensitivity_looser,hip_knee,4500,5130,3.847818980219715,1.940443051627288,0.23599255608841646,False
/home/duanyuhan/dyh/motion/MotionRe/base_mobileposer/data/raw/DIP_IMU/s_08/01_a.pkl,s_08,sensitivity_looser,spine,4500,5130,3.847818980219715,1.940443051627288,1.1338804790637436,False
/home/duanyuhan/dyh/motion/MotionRe/base_mobileposer/data/raw/DIP_IMU/s_08/01_a.pkl,s_08,sensitivity_looser,hip_knee,4500,5280,18.54917852486906,1.6477389124106505,0.266626124160786,False
/home/duanyuhan/dyh/motion/MotionRe/base_mobileposer/data/raw/DIP_IMU/s_08/01_a.pkl,s_08,sensitivity_looser,spine,4500,5280,18.54917852486906,1.6477389124106505,2.0305458462217794,False
/home/duanyuhan/dyh/motion/MotionRe/base_mobileposer/data/raw/DIP_IMU/s_08/01_a.pkl,s_08,sensitivity_looser,hip_knee,4530,5130,8.431080493652717,0.9144035775218803,0.21405617753461362,False
/home/duanyuhan/dyh/motion/MotionRe/base_mobileposer/data/raw/DIP_IMU/s_08/01_a.pkl,s_08,sensitivity_looser,spine,4530,5130,8.431080493652717,0.9144035775218803,0.9969739079829559,False
/home/duanyuhan/dyh/motion/MotionRe/base_mobileposer/data/raw/DIP_IMU/s_08/01_a.pkl,s_08,sensitivity_looser,hip_knee,4560,4920,11.025405310903158,1.4945316530344452,0.656371997685685,False
/home/duanyuhan/dyh/motion/MotionRe/base_mobileposer/data/raw/DIP_IMU/s_08/01_a.pkl,s_08,sensitivity_looser,spine,4560,4920,11.025405310903158,1.4945316530344452,0.7277658505821804,False
/home/duanyuhan/dyh/motion/MotionRe/base_mobileposer/data/raw/DIP_IMU/s_08/01_a.pkl,s_08,sensitivity_looser,hip_knee,4560,5310,8.847030385617975,1.089488495007234,0.4513131001306925,False
/home/duanyuhan/dyh/motion/MotionRe/base_mobileposer/data/raw/DIP_IMU/s_08/01_a.pkl,s_08,sensitivity_looser,spine,4560,5310,8.847030385617975,1.089488495007234,1.0815522827676924,False
/home/duanyuhan/dyh/motion/MotionRe/base_mobileposer/data/raw/DIP_IMU/s_08/01_a.pkl,s_08,sensitivity_looser,hip_knee,4590,5340,16.049798431594464,0.771192285520025,0.28241402450884323,False
/home/duanyuhan/dyh/motion/MotionRe/base_mobileposer/data/raw/DIP_IMU/s_08/01_a.pkl,s_08,sensitivity_looser,spine,4590,5340,16.049798431594464,0.771192285520025,0.5630133120675745,False
/home/duanyuhan/dyh/motion/MotionRe/base_mobileposer/data/raw/DIP_IMU/s_08/01_a.pkl,s_08,sensitivity_looser,hip_knee,4680,5310,8.396908843496114,1.7936789543973177,0.24496716911643213,False
/home/duanyuhan/dyh/motion/MotionRe/base_mobileposer/data/raw/DIP_IMU/s_08/01_a.pkl,s_08,sensitivity_looser,spine,4680,5310,8.396908843496114,1.7936789543973177,1.407919551333314,False
/home/duanyuhan/dyh/motion/MotionRe/base_mobileposer/data/raw/DIP_IMU/s_08/01_a.pkl,s_08,sensitivity_looser,hip_knee,4860,5160,10.543917802487739,1.5949123910761835,0.17845800532452377,False
/home/duanyuhan/dyh/motion/MotionRe/base_mobileposer/data/raw/DIP_IMU/s_08/01_a.pkl,s_08,sensitivity_looser,spine,4860,5160,10.543917802487739,1.5949123910761835,0.5011872808104407,False
/home/duanyuhan/dyh/motion/MotionRe/base_mobileposer/data/raw/DIP_IMU/s_08/01_b.pkl,s_08,sensitivity_looser,hip_knee,1950,2250,10.441567983801573,1.4599662713533674,1.5063246590334238,False
/home/duanyuhan/dyh/motion/MotionRe/base_mobileposer/data/raw/DIP_IMU/s_08/01_b.pkl,s_08,sensitivity_looser,spine,1950,2250,10.441567983801573,1.4599662713533674,1.2351942801979259,False
/home/duanyuhan/dyh/motion/MotionRe/base_mobileposer/data/raw/DIP_IMU/s_08/01_b.pkl,s_08,sensitivity_looser,hip_knee,3960,4740,12.115715553011517,1.6457062407459415,0.3666767952326355,False
/home/duanyuhan/dyh/motion/MotionRe/base_mobileposer/data/raw/DIP_IMU/s_08/01_b.pkl,s_08,sensitivity_looser,spine,3960,4740,12.115715553011517,1.6457062407459415,1.9141707073047058,False
/home/duanyuhan/dyh/motion/MotionRe/base_mobileposer/data/raw/DIP_IMU/s_08/02.pkl,s_08,primary,hip_knee,750,1050,7.783107479928965,0.9186003890690565,2.510996879224785,False
/home/duanyuhan/dyh/motion/MotionRe/base_mobileposer/data/raw/DIP_IMU/s_08/02.pkl,s_08,primary,spine,750,1050,7.783107479928965,0.9186003890690565,1.5549758246298662,False
/home/duanyuhan/dyh/motion/MotionRe/base_mobileposer/data/raw/DIP_IMU/s_08/02.pkl,s_08,primary,hip_knee,2160,2490,7.846331222228795,0.9580340818575418,4.068903907105518,False
/home/duanyuhan/dyh/motion/MotionRe/base_mobileposer/data/raw/DIP_IMU/s_08/02.pkl,s_08,primary,spine,2160,2490,7.846331222228795,0.9580340818575418,1.7483979890437806,False
/home/duanyuhan/dyh/motion/MotionRe/base_mobileposer/data/raw/DIP_IMU/s_08/02.pkl,s_08,primary,hip_knee,2160,3090,7.79244982343876,0.9513620375288704,3.724058433442732,False
/home/duanyuhan/dyh/motion/MotionRe/base_mobileposer/data/raw/DIP_IMU/s_08/02.pkl,s_08,primary,spine,2160,3090,7.79244982343876,0.9513620375288704,1.3581953822754549,False
/home/duanyuhan/dyh/motion/MotionRe/base_mobileposer/data/raw/DIP_IMU/s_08/02.pkl,s_08,primary,hip_knee,2550,3030,4.170442713493441,0.9743380890163941,2.527678196418803,False
/home/duanyuhan/dyh/motion/MotionRe/base_mobileposer/data/raw/DIP_IMU/s_08/02.pkl,s_08,primary,spine,2550,3030,4.170442713493441,0.9743380890163941,1.4563744581292595,False
/home/duanyuhan/dyh/motion/MotionRe/base_mobileposer/data/raw/DIP_IMU/s_08/02.pkl,s_08,primary,hip_knee,2580,3000,7.5710673070945,0.9417517137623621,7.83385523593895,False
/home/duanyuhan/dyh/motion/MotionRe/base_mobileposer/data/raw/DIP_IMU/s_08/02.pkl,s_08,primary,spine,2580,3000,7.5710673070945,0.9417517137623621,2.5291115870655396,False
/home/duanyuhan/dyh/motion/MotionRe/base_mobileposer/data/raw/DIP_IMU/s_08/02.pkl,s_08,primary,hip_knee,2670,3030,7.2961639113590575,0.9695966711003322,3.6377729179487064,False
/home/duanyuhan/dyh/motion/MotionRe/base_mobileposer/data/raw/DIP_IMU/s_08/02.pkl,s_08,primary,spine,2670,3030,7.2961639113590575,0.9695966711003322,1.9420671436678634,False
/home/duanyuhan/dyh/motion/MotionRe/base_mobileposer/data/raw/DIP_IMU/s_08/02.pkl,s_08,primary,hip_knee,3360,3930,7.667980419501274,0.8819484084734941,13.248703650958099,False
/home/duanyuhan/dyh/motion/MotionRe/base_mobileposer/data/raw/DIP_IMU/s_08/02.pkl,s_08,primary,spine,3360,3930,7.667980419501274,0.8819484084734941,1.339149557149902,False
/home/duanyuhan/dyh/motion/MotionRe/base_mobileposer/data/raw/DIP_IMU/s_08/02.pkl,s_08,primary,hip_knee,3360,4380,9.526625752187444,0.8662130609525396,11.107859404709453,False
/home/duanyuhan/dyh/motion/MotionRe/base_mobileposer/data/raw/DIP_IMU/s_08/02.pkl,s_08,primary,spine,3360,4380,9.526625752187444,0.8662130609525396,1.6829258611166857,False
/home/duanyuhan/dyh/motion/MotionRe/base_mobileposer/data/raw/DIP_IMU/s_08/02.pkl,s_08,primary,hip_knee,3930,4380,5.339330293274376,0.8909280596952459,2.4316226153830858,False
/home/duanyuhan/dyh/motion/MotionRe/base_mobileposer/data/raw/DIP_IMU/s_08/02.pkl,s_08,primary,spine,3930,4380,5.339330293274376,0.8909280596952459,1.2034201062926317,False
/home/duanyuhan/dyh/motion/MotionRe/base_mobileposer/data/raw/DIP_IMU/s_08/02.pkl,s_08,primary,hip_knee,4020,4350,4.884869450012219,0.782104981494501,3.652214576279093,False
/home/duanyuhan/dyh/motion/MotionRe/base_mobileposer/data/raw/DIP_IMU/s_08/02.pkl,s_08,primary,spine,4020,4350,4.884869450012219,0.782104981494501,2.38952558663606,False
/home/duanyuhan/dyh/motion/MotionRe/base_mobileposer/data/raw/DIP_IMU/s_08/02.pkl,s_08,sensitivity_looser,hip_knee,510,2670,16.866312728397453,1.3239368765245643,7.31530336345501,False
/home/duanyuhan/dyh/motion/MotionRe/base_mobileposer/data/raw/DIP_IMU/s_08/02.pkl,s_08,sensitivity_looser,spine,510,2670,16.866312728397453,1.3239368765245643,5.122845685494773,False
/home/duanyuhan/dyh/motion/MotionRe/base_mobileposer/data/raw/DIP_IMU/s_08/02.pkl,s_08,sensitivity_looser,hip_knee,510,3120,19.79353785667566,1.9437630521798912,30.049646493792665,True
/home/duanyuhan/dyh/motion/MotionRe/base_mobileposer/data/raw/DIP_IMU/s_08/02.pkl,s_08,sensitivity_looser,spine,510,3120,19.79353785667566,1.9437630521798912,4.1472469048643665,False
/home/duanyuhan/dyh/motion/MotionRe/base_mobileposer/data/raw/DIP_IMU/s_08/02.pkl,s_08,sensitivity_looser,hip_knee,540,840,6.424841820390803,1.6048245161632124,2.8195984595999715,False
/home/duanyuhan/dyh/motion/MotionRe/base_mobileposer/data/raw/DIP_IMU/s_08/02.pkl,s_08,sensitivity_looser,spine,540,840,6.424841820390803,1.6048245161632124,2.277782779227877,False
/home/duanyuhan/dyh/motion/MotionRe/base_mobileposer/data/raw/DIP_IMU/s_08/02.pkl,s_08,sensitivity_looser,hip_knee,540,930,7.404926520126246,1.1698024727593916,9.094598074356139,False
/home/duanyuhan/dyh/motion/MotionRe/base_mobileposer/data/raw/DIP_IMU/s_08/02.pkl,s_08,sensitivity_looser,spine,540,930,7.404926520126246,1.1698024727593916,3.1092682812553942,False
/home/duanyuhan/dyh/motion/MotionRe/base_mobileposer/data/raw/DIP_IMU/s_08/02.pkl,s_08,sensitivity_looser,hip_knee,540,1020,5.882173748936248,1.3518215232058512,6.435433190508084,False
/home/duanyuhan/dyh/motion/MotionRe/base_mobileposer/data/raw/DIP_IMU/s_08/02.pkl,s_08,sensitivity_looser,spine,540,1020,5.882173748936248,1.3518215232058512,3.037731759114926,False
/home/duanyuhan/dyh/motion/MotionRe/base_mobileposer/data/raw/DIP_IMU/s_08/02.pkl,s_08,sensitivity_looser,hip_knee,600,900,6.996419359015637,1.4552913551953504,3.2962132368775765,False
/home/duanyuhan/dyh/motion/MotionRe/base_mobileposer/data/raw/DIP_IMU/s_08/02.pkl,s_08,sensitivity_looser,spine,600,900,6.996419359015637,1.4552913551953504,2.168301988253232,False
/home/duanyuhan/dyh/motion/MotionRe/base_mobileposer/data/raw/DIP_IMU/s_08/02.pkl,s_08,sensitivity_looser,hip_knee,600,990,3.1452577262758243,1.9749978874437393,4.892325549916848,False
/home/duanyuhan/dyh/motion/MotionRe/base_mobileposer/data/raw/DIP_IMU/s_08/02.pkl,s_08,sensitivity_looser,spine,600,990,3.1452577262758243,1.9749978874437393,1.8272835656608228,False
/home/duanyuhan/dyh/motion/MotionRe/base_mobileposer/data/raw/DIP_IMU/s_08/02.pkl,s_08,sensitivity_looser,hip_knee,600,2310,14.062865809498915,1.877739705291536,9.576473602999354,False
/home/duanyuhan/dyh/motion/MotionRe/base_mobileposer/data/raw/DIP_IMU/s_08/02.pkl,s_08,sensitivity_looser,spine,600,2310,14.062865809498915,1.877739705291536,2.4610055498701855,False
/home/duanyuhan/dyh/motion/MotionRe/base_mobileposer/data/raw/DIP_IMU/s_08/02.pkl,s_08,sensitivity_looser,hip_knee,630,930,6.639745298754709,1.1493106725009476,1.9469464634752054,False
/home/duanyuhan/dyh/motion/MotionRe/base_mobileposer/data/raw/DIP_IMU/s_08/02.pkl,s_08,sensitivity_looser,spine,630,930,6.639745298754709,1.1493106725009476,2.7117544065694843,False
/home/duanyuhan/dyh/motion/MotionRe/base_mobileposer/data/raw/DIP_IMU/s_08/02.pkl,s_08,sensitivity_looser,hip_knee,630,1020,5.5121383965497825,1.5426618025193235,2.5941490044009896,False
/home/duanyuhan/dyh/motion/MotionRe/base_mobileposer/data/raw/DIP_IMU/s_08/02.pkl,s_08,sensitivity_looser,spine,630,1020,5.5121383965497825,1.5426618025193235,3.0250357785583826,False
/home/duanyuhan/dyh/motion/MotionRe/base_mobileposer/data/raw/DIP_IMU/s_08/02.pkl,s_08,sensitivity_looser,hip_knee,630,3360,19.98891478794962,1.9176968340506673,22.99363671891746,True
/home/duanyuhan/dyh/motion/MotionRe/base_mobileposer/data/raw/DIP_IMU/s_08/02.pkl,s_08,sensitivity_looser,spine,630,3360,19.98891478794962,1.9176968340506673,4.481296867603487,False
/home/duanyuhan/dyh/motion/MotionRe/base_mobileposer/data/raw/DIP_IMU/s_08/02.pkl,s_08,sensitivity_looser,hip_knee,660,960,8.192215894110154,1.7428064798279712,5.49562096830432,False
/home/duanyuhan/dyh/motion/MotionRe/base_mobileposer/data/raw/DIP_IMU/s_08/02.pkl,s_08,sensitivity_looser,spine,660,960,8.192215894110154,1.7428064798279712,2.799633637088871,False
/home/duanyuhan/dyh/motion/MotionRe/base_mobileposer/data/raw/DIP_IMU/s_08/02.pkl,s_08,sensitivity_looser,hip_knee,750,1050,7.783107479928965,0.9186003890690565,2.510996879224785,False
/home/duanyuhan/dyh/motion/MotionRe/base_mobileposer/data/raw/DIP_IMU/s_08/02.pkl,s_08,sensitivity_looser,spine,750,1050,7.783107479928965,0.9186003890690565,1.5549758246298662,False
/home/duanyuhan/dyh/motion/MotionRe/base_mobileposer/data/raw/DIP_IMU/s_08/02.pkl,s_08,sensitivity_looser,hip_knee,780,1080,4.94259132375829,1.674333516666403,8.495092339882362,False
/home/duanyuhan/dyh/motion/MotionRe/base_mobileposer/data/raw/DIP_IMU/s_08/02.pkl,s_08,sensitivity_looser,spine,780,1080,4.94259132375829,1.674333516666403,2.5640662864966974,False
/home/duanyuhan/dyh/motion/MotionRe/base_mobileposer/data/raw/DIP_IMU/s_08/02.pkl,s_08,sensitivity_looser,hip_knee,840,3390,19.779808539455566,1.756816641647296,31.306494166501416,True
/home/duanyuhan/dyh/motion/MotionRe/base_mobileposer/data/raw/DIP_IMU/s_08/02.pkl,s_08,sensitivity_looser,spine,840,3390,19.779808539455566,1.756816641647296,3.5051545670857607,False
/home/duanyuhan/dyh/motion/MotionRe/base_mobileposer/data/raw/DIP_IMU/s_08/02.pkl,s_08,sensitivity_looser,hip_knee,990,2790,18.366704712392675,1.4472289398194573,11.951162626005177,False
/home/duanyuhan/dyh/motion/MotionRe/base_mobileposer/data/raw/DIP_IMU/s_08/02.pkl,s_08,sensitivity_looser,spine,990,2790,18.366704712392675,1.4472289398194573,2.6585393022955928,False
/home/duanyuhan/dyh/motion/MotionRe/base_mobileposer/data/raw/DIP_IMU/s_08/02.pkl,s_08,sensitivity_looser,hip_knee,990,2880,18.966609116570783,1.9077771917559148,23.717224808433677,True
/home/duanyuhan/dyh/motion/MotionRe/base_mobileposer/data/raw/DIP_IMU/s_08/02.pkl,s_08,sensitivity_looser,spine,990,2880,18.966609116570783,1.9077771917559148,2.0155460433707186,False
/home/duanyuhan/dyh/motion/MotionRe/base_mobileposer/data/raw/DIP_IMU/s_08/02.pkl,s_08,sensitivity_looser,hip_knee,1020,3390,18.579409711844765,1.3457748851944444,24.64629897855364,True
/home/duanyuhan/dyh/motion/MotionRe/base_mobileposer/data/raw/DIP_IMU/s_08/02.pkl,s_08,sensitivity_looser,spine,1020,3390,18.579409711844765,1.3457748851944444,3.185713514991946,False
/home/duanyuhan/dyh/motion/MotionRe/base_mobileposer/data/raw/DIP_IMU/s_08/02.pkl,s_08,sensitivity_looser,hip_knee,1020,5580,19.974005028225548,1.6399167509748336,12.582399505958817,False
/home/duanyuhan/dyh/motion/MotionRe/base_mobileposer/data/raw/DIP_IMU/s_08/02.pkl,s_08,sensitivity_looser,spine,1020,5580,19.974005028225548,1.6399167509748336,2.4872973495153956,False
/home/duanyuhan/dyh/motion/MotionRe/base_mobileposer/data/raw/DIP_IMU/s_08/02.pkl,s_08,sensitivity_looser,hip_knee,1080,2670,14.694519110557074,1.9812314045291657,6.3419119626335645,False
/home/duanyuhan/dyh/motion/MotionRe/base_mobileposer/data/raw/DIP_IMU/s_08/02.pkl,s_08,sensitivity_looser,spine,1080,2670,14.694519110557074,1.9812314045291657,5.140095163290704,False
/home/duanyuhan/dyh/motion/MotionRe/base_mobileposer/data/raw/DIP_IMU/s_08/02.pkl,s_08,sensitivity_looser,hip_knee,1080,4080,18.83440965599607,1.6230477630478701,13.62962860854369,False
/home/duanyuhan/dyh/motion/MotionRe/base_mobileposer/data/raw/DIP_IMU/s_08/02.pkl,s_08,sensitivity_looser,spine,1080,4080,18.83440965599607,1.6230477630478701,4.465843375007345,False
/home/duanyuhan/dyh/motion/MotionRe/base_mobileposer/data/raw/DIP_IMU/s_08/02.pkl,s_08,sensitivity_looser,hip_knee,1200,3180,17.486194336438018,1.9349966126977751,9.914869797249146,False
/home/duanyuhan/dyh/motion/MotionRe/base_mobileposer/data/raw/DIP_IMU/s_08/02.pkl,s_08,sensitivity_looser,spine,1200,3180,17.486194336438018,1.9349966126977751,3.4053298295110097,False
/home/duanyuhan/dyh/motion/MotionRe/base_mobileposer/data/raw/DIP_IMU/s_08/02.pkl,s_08,sensitivity_looser,hip_knee,1260,1710,7.972289920180515,1.7500809869150755,2.2237450006401764,False
/home/duanyuhan/dyh/motion/MotionRe/base_mobileposer/data/raw/DIP_IMU/s_08/02.pkl,s_08,sensitivity_looser,spine,1260,1710,7.972289920180515,1.7500809869150755,1.121825415748862,False
/home/duanyuhan/dyh/motion/MotionRe/base_mobileposer/data/raw/DIP_IMU/s_08/02.pkl,s_08,sensitivity_looser,hip_knee,1260,1980,9.1511931530457,1.8969095692271756,4.7864045491956375,False
/home/duanyuhan/dyh/motion/MotionRe/base_mobileposer/data/raw/DIP_IMU/s_08/02.pkl,s_08,sensitivity_looser,spine,1260,1980,9.1511931530457,1.8969095692271756,0.8536120173461259,False
/home/duanyuhan/dyh/motion/MotionRe/base_mobileposer/data/raw/DIP_IMU/s_08/02.pkl,s_08,sensitivity_looser,hip_knee,1290,1590,6.17738859852207,1.9969244636786416,5.518600076659951,False
/home/duanyuhan/dyh/motion/MotionRe/base_mobileposer/data/raw/DIP_IMU/s_08/02.pkl,s_08,sensitivity_looser,spine,1290,1590,6.17738859852207,1.9969244636786416,3.1585627831562584,False
/home/duanyuhan/dyh/motion/MotionRe/base_mobileposer/data/raw/DIP_IMU/s_08/02.pkl,s_08,sensitivity_looser,hip_knee,1290,2010,9.299777705681329,1.4229266461739523,12.195814976716518,False
/home/duanyuhan/dyh/motion/MotionRe/base_mobileposer/data/raw/DIP_IMU/s_08/02.pkl,s_08,sensitivity_looser,spine,1290,2010,9.299777705681329,1.4229266461739523,0.9535883332113136,False
/home/duanyuhan/dyh/motion/MotionRe/base_mobileposer/data/raw/DIP_IMU/s_08/02.pkl,s_08,sensitivity_looser,hip_knee,1380,1920,7.259366665968329,1.9682156064107705,4.568104643334912,False
/home/duanyuhan/dyh/motion/MotionRe/base_mobileposer/data/raw/DIP_IMU/s_08/02.pkl,s_08,sensitivity_looser,spine,1380,1920,7.259366665968329,1.9682156064107705,1.228309033752109,False
/home/duanyuhan/dyh/motion/MotionRe/base_mobileposer/data/raw/DIP_IMU/s_08/02.pkl,s_08,sensitivity_looser,hip_knee,1380,2010,10.458766507883354,1.6150581448510388,5.930647145582235,False
/home/duanyuhan/dyh/motion/MotionRe/base_mobileposer/data/raw/DIP_IMU/s_08/02.pkl,s_08,sensitivity_looser,spine,1380,2010,10.458766507883354,1.6150581448510388,0.46583461330916015,False
/home/duanyuhan/dyh/motion/MotionRe/base_mobileposer/data/raw/DIP_IMU/s_08/02.pkl,s_08,sensitivity_looser,hip_knee,1380,2130,16.696726857243494,1.820104874270682,30.02197911355612,True
/home/duanyuhan/dyh/motion/MotionRe/base_mobileposer/data/raw/DIP_IMU/s_08/02.pkl,s_08,sensitivity_looser,spine,1380,2130,16.696726857243494,1.820104874270682,4.393402290996332,False
/home/duanyuhan/dyh/motion/MotionRe/base_mobileposer/data/raw/DIP_IMU/s_08/02.pkl,s_08,sensitivity_looser,hip_knee,1380,3810,19.21180548421014,1.9322201482633017,33.89005565651879,True
/home/duanyuhan/dyh/motion/MotionRe/base_mobileposer/data/raw/DIP_IMU/s_08/02.pkl,s_08,sensitivity_looser,spine,1380,3810,19.21180548421014,1.9322201482633017,4.14237545386374,False
/home/duanyuhan/dyh/motion/MotionRe/base_mobileposer/data/raw/DIP_IMU/s_08/02.pkl,s_08,sensitivity_looser,hip_knee,1410,1920,9.214940666839805,1.8836979060186163,3.863099688950184,False
/home/duanyuhan/dyh/motion/MotionRe/base_mobileposer/data/raw/DIP_IMU/s_08/02.pkl,s_08,sensitivity_looser,spine,1410,1920,9.214940666839805,1.8836979060186163,2.9983425962897114,False
/home/duanyuhan/dyh/motion/MotionRe/base_mobileposer/data/raw/DIP_IMU/s_08/02.pkl,s_08,sensitivity_looser,hip_knee,1410,1950,6.988280418695336,1.348921230338313,2.6990036434519507,False
/home/duanyuhan/dyh/motion/MotionRe/base_mobileposer/data/raw/DIP_IMU/s_08/02.pkl,s_08,sensitivity_looser,spine,1410,1950,6.988280418695336,1.348921230338313,1.3213133901013523,False
/home/duanyuhan/dyh/motion/MotionRe/base_mobileposer/data/raw/DIP_IMU/s_08/02.pkl,s_08,sensitivity_looser,hip_knee,1440,1980,11.718615031292032,1.8059826367320704,2.055916366115061,False
/home/duanyuhan/dyh/motion/MotionRe/base_mobileposer/data/raw/DIP_IMU/s_08/02.pkl,s_08,sensitivity_looser,spine,1440,1980,11.718615031292032,1.8059826367320704,1.244360434515902,False
/home/duanyuhan/dyh/motion/MotionRe/base_mobileposer/data/raw/DIP_IMU/s_08/02.pkl,s_08,sensitivity_looser,hip_knee,1470,1920,7.3270930094548135,1.3483187846681888,1.4762881582884049,False
/home/duanyuhan/dyh/motion/MotionRe/base_mobileposer/data/raw/DIP_IMU/s_08/02.pkl,s_08,sensitivity_looser,spine,1470,1920,7.3270930094548135,1.3483187846681888,2.3930375458228053,False
/home/duanyuhan/dyh/motion/MotionRe/base_mobileposer/data/raw/DIP_IMU/s_08/02.pkl,s_08,sensitivity_looser,hip_knee,1500,1920,7.739054823179918,1.4075758809217933,5.019831054597633,False
/home/duanyuhan/dyh/motion/MotionRe/base_mobileposer/data/raw/DIP_IMU/s_08/02.pkl,s_08,sensitivity_looser,spine,1500,1920,7.739054823179918,1.4075758809217933,4.695449763794613,False
/home/duanyuhan/dyh/motion/MotionRe/base_mobileposer/data/raw/DIP_IMU/s_08/02.pkl,s_08,sensitivity_looser,hip_knee,1500,1950,8.155157366177184,1.7809416044973436,3.972065009589152,False
/home/duanyuhan/dyh/motion/MotionRe/base_mobileposer/data/raw/DIP_IMU/s_08/02.pkl,s_08,sensitivity_looser,spine,1500,1950,8.155157366177184,1.7809416044973436,7.952950397299933,False
/home/duanyuhan/dyh/motion/MotionRe/base_mobileposer/data/raw/DIP_IMU/s_08/02.pkl,s_08,sensitivity_looser,hip_knee,1530,1980,9.122483169057308,1.9820770571113064,3.32733624231347,False
/home/duanyuhan/dyh/motion/MotionRe/base_mobileposer/data/raw/DIP_IMU/s_08/02.pkl,s_08,sensitivity_looser,spine,1530,1980,9.122483169057308,1.9820770571113064,2.191928083589783,False
/home/duanyuhan/dyh/motion/MotionRe/base_mobileposer/data/raw/DIP_IMU/s_08/02.pkl,s_08,sensitivity_looser,hip_knee,1590,2010,10.257487708302133,1.593945450113586,8.366373991791988,False
/home/duanyuhan/dyh/motion/MotionRe/base_mobileposer/data/raw/DIP_IMU/s_08/02.pkl,s_08,sensitivity_looser,spine,1590,2010,10.257487708302133,1.593945450113586,2.7799942811095555,False
/home/duanyuhan/dyh/motion/MotionRe/base_mobileposer/data/raw/DIP_IMU/s_08/02.pkl,s_08,sensitivity_looser,hip_knee,1920,2280,19.062282157399498,1.6736934063832334,30.656571360741204,True
/home/duanyuhan/dyh/motion/MotionRe/base_mobileposer/data/raw/DIP_IMU/s_08/02.pkl,s_08,sensitivity_looser,spine,1920,2280,19.062282157399498,1.6736934063832334,3.108504783494066,False
/home/duanyuhan/dyh/motion/MotionRe/base_mobileposer/data/raw/DIP_IMU/s_08/02.pkl,s_08,sensitivity_looser,hip_knee,1920,2340,12.12167852634104,1.9620339522616501,13.466192805802514,False
/home/duanyuhan/dyh/motion/MotionRe/base_mobileposer/data/raw/DIP_IMU/s_08/02.pkl,s_08,sensitivity_looser,spine,1920,2340,12.12167852634104,1.9620339522616501,2.315482807108879,False
/home/duanyuhan/dyh/motion/MotionRe/base_mobileposer/data/raw/DIP_IMU/s_08/02.pkl,s_08,sensitivity_looser,hip_knee,1920,2580,18.368200830330938,1.9882505668851416,27.165249372606233,True
/home/duanyuhan/dyh/motion/MotionRe/base_mobileposer/data/raw/DIP_IMU/s_08/02.pkl,s_08,sensitivity_looser,spine,1920,2580,18.368200830330938,1.9882505668851416,3.0737835152424915,False
/home/duanyuhan/dyh/motion/MotionRe/base_mobileposer/data/raw/DIP_IMU/s_08/02.pkl,s_08,sensitivity_looser,hip_knee,1920,2910,12.359706402283077,1.5418597655116106,11.529249262056885,False
/home/duanyuhan/dyh/motion/MotionRe/base_mobileposer/data/raw/DIP_IMU/s_08/02.pkl,s_08,sensitivity_looser,spine,1920,2910,12.359706402283077,1.5418597655116106,2.8017664845789425,False
/home/duanyuhan/dyh/motion/MotionRe/base_mobileposer/data/raw/DIP_IMU/s_08/02.pkl,s_08,sensitivity_looser,hip_knee,1920,3870,18.45180193170269,1.7091893209261544,25.618448932880458,True
/home/duanyuhan/dyh/motion/MotionRe/base_mobileposer/data/raw/DIP_IMU/s_08/02.pkl,s_08,sensitivity_looser,spine,1920,3870,18.45180193170269,1.7091893209261544,3.0273179549381726,False
/home/duanyuhan/dyh/motion/MotionRe/base_mobileposer/data/raw/DIP_IMU/s_08/02.pkl,s_08,sensitivity_looser,hip_knee,1920,4050,19.03773320726072,1.9130980043602552,16.838173312525036,False
/home/duanyuhan/dyh/motion/MotionRe/base_mobileposer/data/raw/DIP_IMU/s_08/02.pkl,s_08,sensitivity_looser,spine,1920,4050,19.03773320726072,1.9130980043602552,3.321824148602948,False
/home/duanyuhan/dyh/motion/MotionRe/base_mobileposer/data/raw/DIP_IMU/s_08/02.pkl,s_08,sensitivity_looser,hip_knee,2100,3600,17.197896679745785,1.9106618542719345,13.632962683006728,False
/home/duanyuhan/dyh/motion/MotionRe/base_mobileposer/data/raw/DIP_IMU/s_08/02.pkl,s_08,sensitivity_looser,spine,2100,3600,17.197896679745785,1.9106618542719345,5.021157429338724,False
/home/duanyuhan/dyh/motion/MotionRe/base_mobileposer/data/raw/DIP_IMU/s_08/02.pkl,s_08,sensitivity_looser,hip_knee,2100,4170,18.7103116935026,1.041594143882063,16.68193030701545,False
/home/duanyuhan/dyh/motion/MotionRe/base_mobileposer/data/raw/DIP_IMU/s_08/02.pkl,s_08,sensitivity_looser,spine,2100,4170,18.7103116935026,1.041594143882063,4.819044557044321,False
/home/duanyuhan/dyh/motion/MotionRe/base_mobileposer/data/raw/DIP_IMU/s_08/02.pkl,s_08,sensitivity_looser,hip_knee,2130,2520,3.302025379569408,1.802286472135743,7.4815150391152,False
/home/duanyuhan/dyh/motion/MotionRe/base_mobileposer/data/raw/DIP_IMU/s_08/02.pkl,s_08,sensitivity_looser,spine,2130,2520,3.302025379569408,1.802286472135743,2.7684552488923795,False
/home/duanyuhan/dyh/motion/MotionRe/base_mobileposer/data/raw/DIP_IMU/s_08/02.pkl,s_08,sensitivity_looser,hip_knee,2130,2580,7.886826583011024,1.911197297287873,4.178637109099913,False
/home/duanyuhan/dyh/motion/MotionRe/base_mobileposer/data/raw/DIP_IMU/s_08/02.pkl,s_08,sensitivity_looser,spine,2130,2580,7.886826583011024,1.911197297287873,2.753963359454352,False
/home/duanyuhan/dyh/motion/MotionRe/base_mobileposer/data/raw/DIP_IMU/s_08/02.pkl,s_08,sensitivity_looser,hip_knee,2130,2910,15.882319618352858,1.9327981713671314,25.940248507214175,True
/home/duanyuhan/dyh/motion/MotionRe/base_mobileposer/data/raw/DIP_IMU/s_08/02.pkl,s_08,sensitivity_looser,spine,2130,2910,15.882319618352858,1.9327981713671314,4.7899173934077455,False
/home/duanyuhan/dyh/motion/MotionRe/base_mobileposer/data/raw/DIP_IMU/s_08/02.pkl,s_08,sensitivity_looser,hip_knee,2130,3000,5.904346639259324,1.846121072114706,8.80141263465171,False
/home/duanyuhan/dyh/motion/MotionRe/base_mobileposer/data/raw/DIP_IMU/s_08/02.pkl,s_08,sensitivity_looser,spine,2130,3000,5.904346639259324,1.846121072114706,5.083797089927979,False
/home/duanyuhan/dyh/motion/MotionRe/base_mobileposer/data/raw/DIP_IMU/s_08/02.pkl,s_08,sensitivity_looser,hip_knee,2130,3120,6.4821667365313935,1.6087487646620144,9.634962698059807,False
/home/duanyuhan/dyh/motion/MotionRe/base_mobileposer/data/raw/DIP_IMU/s_08/02.pkl,s_08,sensitivity_looser,spine,2130,3120,6.4821667365313935,1.6087487646620144,4.644835129213636,False
/home/duanyuhan/dyh/motion/MotionRe/base_mobileposer/data/raw/DIP_IMU/s_08/02.pkl,s_08,sensitivity_looser,hip_knee,2130,4260,14.441147384405228,1.7566961519719502,7.774702399175183,False
/home/duanyuhan/dyh/motion/MotionRe/base_mobileposer/data/raw/DIP_IMU/s_08/02.pkl,s_08,sensitivity_looser,spine,2130,4260,14.441147384405228,1.7566961519719502,3.2439728484230055,False
/home/duanyuhan/dyh/motion/MotionRe/base_mobileposer/data/raw/DIP_IMU/s_08/02.pkl,s_08,sensitivity_looser,hip_knee,2130,4500,15.763204014749425,1.8159173595038867,8.918146602424253,False
/home/duanyuhan/dyh/motion/MotionRe/base_mobileposer/data/raw/DIP_IMU/s_08/02.pkl,s_08,sensitivity_looser,spine,2130,4500,15.763204014749425,1.8159173595038867,2.931103836543572,False
/home/duanyuhan/dyh/motion/MotionRe/base_mobileposer/data/raw/DIP_IMU/s_08/02.pkl,s_08,sensitivity_looser,hip_knee,2160,2490,7.846331222228795,0.9580340818575418,4.068903907105518,False
/home/duanyuhan/dyh/motion/MotionRe/base_mobileposer/data/raw/DIP_IMU/s_08/02.pkl,s_08,sensitivity_looser,spine,2160,2490,7.846331222228795,0.9580340818575418,1.7483979890437806,False
/home/duanyuhan/dyh/motion/MotionRe/base_mobileposer/data/raw/DIP_IMU/s_08/02.pkl,s_08,sensitivity_looser,hip_knee,2160,2610,7.202576673690339,1.6742177895325938,3.4904040607650204,False
/home/duanyuhan/dyh/motion/MotionRe/base_mobileposer/data/raw/DIP_IMU/s_08/02.pkl,s_08,sensitivity_looser,spine,2160,2610,7.202576673690339,1.6742177895325938,2.203834296351944,False
/home/duanyuhan/dyh/motion/MotionRe/base_mobileposer/data/raw/DIP_IMU/s_08/02.pkl,s_08,sensitivity_looser,hip_knee,2160,2730,4.307243676843422,1.1276862514600678,3.1024124104279402,False
/home/duanyuhan/dyh/motion/MotionRe/base_mobileposer/data/raw/DIP_IMU/s_08/02.pkl,s_08,sensitivity_looser,spine,2160,2730,4.307243676843422,1.1276862514600678,1.3757074241914438,False
/home/duanyuhan/dyh/motion/MotionRe/base_mobileposer/data/raw/DIP_IMU/s_08/02.pkl,s_08,sensitivity_looser,hip_knee,2160,2850,7.15509744644006,1.4827515528555275,5.351491301823893,False
/home/duanyuhan/dyh/motion/MotionRe/base_mobileposer/data/raw/DIP_IMU/s_08/02.pkl,s_08,sensitivity_looser,spine,2160,2850,7.15509744644006,1.4827515528555275,1.0406218409644181,False
/home/duanyuhan/dyh/motion/MotionRe/base_mobileposer/data/raw/DIP_IMU/s_08/02.pkl,s_08,sensitivity_looser,hip_knee,2160,2970,8.87236848832336,1.633978019242022,5.278781037508114,False
/home/duanyuhan/dyh/motion/MotionRe/base_mobileposer/data/raw/DIP_IMU/s_08/02.pkl,s_08,sensitivity_looser,spine,2160,2970,8.87236848832336,1.633978019242022,1.4398838143907151,False
/home/duanyuhan/dyh/motion/MotionRe/base_mobileposer/data/raw/DIP_IMU/s_08/02.pkl,s_08,sensitivity_looser,hip_knee,2160,3090,7.79244982343876,0.9513620375288704,3.724058433442732,False
/home/duanyuhan/dyh/motion/MotionRe/base_mobileposer/data/raw/DIP_IMU/s_08/02.pkl,s_08,sensitivity_looser,spine,2160,3090,7.79244982343876,0.9513620375288704,1.3581953822754549,False
/home/duanyuhan/dyh/motion/MotionRe/base_mobileposer/data/raw/DIP_IMU/s_08/02.pkl,s_08,sensitivity_looser,hip_knee,2160,3330,14.965331307916294,1.7240844775821242,9.216352321903807,False
/home/duanyuhan/dyh/motion/MotionRe/base_mobileposer/data/raw/DIP_IMU/s_08/02.pkl,s_08,sensitivity_looser,spine,2160,3330,14.965331307916294,1.7240844775821242,1.0529214819328503,False
/home/duanyuhan/dyh/motion/MotionRe/base_mobileposer/data/raw/DIP_IMU/s_08/02.pkl,s_08,sensitivity_looser,hip_knee,2160,3450,15.599533015801642,1.9507682222397558,8.22810595662404,False
/home/duanyuhan/dyh/motion/MotionRe/base_mobileposer/data/raw/DIP_IMU/s_08/02.pkl,s_08,sensitivity_looser,spine,2160,3450,15.599533015801642,1.9507682222397558,1.4062685719958956,False
/home/duanyuhan/dyh/motion/MotionRe/base_mobileposer/data/raw/DIP_IMU/s_08/02.pkl,s_08,sensitivity_looser,hip_knee,2160,3900,19.324327820627555,1.6500117986825893,9.593645351413956,False
/home/duanyuhan/dyh/motion/MotionRe/base_mobileposer/data/raw/DIP_IMU/s_08/02.pkl,s_08,sensitivity_looser,spine,2160,3900,19.324327820627555,1.6500117986825893,2.0690307973202744,False
/home/duanyuhan/dyh/motion/MotionRe/base_mobileposer/data/raw/DIP_IMU/s_08/02.pkl,s_08,sensitivity_looser,hip_knee,2160,4020,16.20182141588361,1.5024723375602258,7.320815529717972,False
/home/duanyuhan/dyh/motion/MotionRe/base_mobileposer/data/raw/DIP_IMU/s_08/02.pkl,s_08,sensitivity_looser,spine,2160,4020,16.20182141588361,1.5024723375602258,1.6134729371703695,False
/home/duanyuhan/dyh/motion/MotionRe/base_mobileposer/data/raw/DIP_IMU/s_08/02.pkl,s_08,sensitivity_looser,hip_knee,2160,4350,18.105347746106922,1.4410246803441824,9.935396836405657,False
/home/duanyuhan/dyh/motion/MotionRe/base_mobileposer/data/raw/DIP_IMU/s_08/02.pkl,s_08,sensitivity_looser,spine,2160,4350,18.105347746106922,1.4410246803441824,1.7824917192923913,False
/home/duanyuhan/dyh/motion/MotionRe/base_mobileposer/data/raw/DIP_IMU/s_08/02.pkl,s_08,sensitivity_looser,hip_knee,2190,2640,5.821026927688196,1.5164628450684414,0.883629961254631,False
/home/duanyuhan/dyh/motion/MotionRe/base_mobileposer/data/raw/DIP_IMU/s_08/02.pkl,s_08,sensitivity_looser,spine,2190,2640,5.821026927688196,1.5164628450684414,0.9032504988537725,False
/home/duanyuhan/dyh/motion/MotionRe/base_mobileposer/data/raw/DIP_IMU/s_08/02.pkl,s_08,sensitivity_looser,hip_knee,2190,2880,5.915307819224996,1.6755735504967582,4.445723556111429,False
/home/duanyuhan/dyh/motion/MotionRe/base_mobileposer/data/raw/DIP_IMU/s_08/02.pkl,s_08,sensitivity_looser,spine,2190,2880,5.915307819224996,1.6755735504967582,1.3158844180445066,False
/home/duanyuhan/dyh/motion/MotionRe/base_mobileposer/data/raw/DIP_IMU/s_08/02.pkl,s_08,sensitivity_looser,hip_knee,2190,3510,15.40950692279835,1.508640339117949,9.709628658804714,False
/home/duanyuhan/dyh/motion/MotionRe/base_mobileposer/data/raw/DIP_IMU/s_08/02.pkl,s_08,sensitivity_looser,spine,2190,3510,15.40950692279835,1.508640339117949,1.0469054980512196,False
/home/duanyuhan/dyh/motion/MotionRe/base_mobileposer/data/raw/DIP_IMU/s_08/02.pkl,s_08,sensitivity_looser,hip_knee,2190,3600,16.174773076102035,1.8655873402213712,11.807248765598144,False
/home/duanyuhan/dyh/motion/MotionRe/base_mobileposer/data/raw/DIP_IMU/s_08/02.pkl,s_08,sensitivity_looser,spine,2190,3600,16.174773076102035,1.8655873402213712,2.1220727451142323,False
/home/duanyuhan/dyh/motion/MotionRe/base_mobileposer/data/raw/DIP_IMU/s_08/02.pkl,s_08,sensitivity_looser,hip_knee,2190,3870,16.575980539736765,1.1861457639413042,14.413133172560888,False
/home/duanyuhan/dyh/motion/MotionRe/base_mobileposer/data/raw/DIP_IMU/s_08/02.pkl,s_08,sensitivity_looser,spine,2190,3870,16.575980539736765,1.1861457639413042,1.4801559985138322,False
/home/duanyuhan/dyh/motion/MotionRe/base_mobileposer/data/raw/DIP_IMU/s_08/02.pkl,s_08,sensitivity_looser,hip_knee,2190,3930,15.860999521458341,1.863467569928278,14.836903233936262,False
/home/duanyuhan/dyh/motion/MotionRe/base_mobileposer/data/raw/DIP_IMU/s_08/02.pkl,s_08,sensitivity_looser,spine,2190,3930,15.860999521458341,1.863467569928278,1.489592444435199,False
/home/duanyuhan/dyh/motion/MotionRe/base_mobileposer/data/raw/DIP_IMU/s_08/02.pkl,s_08,sensitivity_looser,hip_knee,2190,3990,19.272230195945838,1.2480672276085392,20.813576517105588,True
/home/duanyuhan/dyh/motion/MotionRe/base_mobileposer/data/raw/DIP_IMU/s_08/02.pkl,s_08,sensitivity_looser,spine,2190,3990,19.272230195945838,1.2480672276085392,2.360831878913785,False
/home/duanyuhan/dyh/motion/MotionRe/base_mobileposer/data/raw/DIP_IMU/s_08/02.pkl,s_08,sensitivity_looser,hip_knee,2190,4050,15.065878542667006,1.9058871450795452,7.718500234472572,False
/home/duanyuhan/dyh/motion/MotionRe/base_mobileposer/data/raw/DIP_IMU/s_08/02.pkl,s_08,sensitivity_looser,spine,2190,4050,15.065878542667006,1.9058871450795452,1.5892482482713604,False
/home/duanyuhan/dyh/motion/MotionRe/base_mobileposer/data/raw/DIP_IMU/s_08/02.pkl,s_08,sensitivity_looser,hip_knee,2190,4320,16.186005343204684,1.8990562356559515,15.226157780551793,False
/home/duanyuhan/dyh/motion/MotionRe/base_mobileposer/data/raw/DIP_IMU/s_08/02.pkl,s_08,sensitivity_looser,spine,2190,4320,16.186005343204684,1.8990562356559515,1.7119803775450153,False
/home/duanyuhan/dyh/motion/MotionRe/base_mobileposer/data/raw/DIP_IMU/s_08/02.pkl,s_08,sensitivity_looser,hip_knee,2190,4380,16.382949015948988,1.448578592940436,13.301245585509893,False
/home/duanyuhan/dyh/motion/MotionRe/base_mobileposer/data/raw/DIP_IMU/s_08/02.pkl,s_08,sensitivity_looser,spine,2190,4380,16.382949015948988,1.448578592940436,1.1254851290482493,False
/home/duanyuhan/dyh/motion/MotionRe/base_mobileposer/data/raw/DIP_IMU/s_08/02.pkl,s_08,sensitivity_looser,hip_knee,2190,4440,13.676743320031374,1.5506136646058286,10.089745703002304,False
/home/duanyuhan/dyh/motion/MotionRe/base_mobileposer/data/raw/DIP_IMU/s_08/02.pkl,s_08,sensitivity_looser,spine,2190,4440,13.676743320031374,1.5506136646058286,2.0969986567674996,False
/home/duanyuhan/dyh/motion/MotionRe/base_mobileposer/data/raw/DIP_IMU/s_08/02.pkl,s_08,sensitivity_looser,hip_knee,2190,4500,19.038418795510765,1.9471075043210673,20.346917078717954,True
/home/duanyuhan/dyh/motion/MotionRe/base_mobileposer/data/raw/DIP_IMU/s_08/02.pkl,s_08,sensitivity_looser,spine,2190,4500,19.038418795510765,1.9471075043210673,2.1520012907833403,False
/home/duanyuhan/dyh/motion/MotionRe/base_mobileposer/data/raw/DIP_IMU/s_08/02.pkl,s_08,sensitivity_looser,hip_knee,2220,2640,5.990796355779634,1.2653323862300894,3.415584399986144,False
/home/duanyuhan/dyh/motion/MotionRe/base_mobileposer/data/raw/DIP_IMU/s_08/02.pkl,s_08,sensitivity_looser,spine,2220,2640,5.990796355779634,1.2653323862300894,0.9027875099746053,False
/home/duanyuhan/dyh/motion/MotionRe/base_mobileposer/data/raw/DIP_IMU/s_08/02.pkl,s_08,sensitivity_looser,hip_knee,2220,2790,7.856931791827297,1.947673889185215,6.166469181128188,False
/home/duanyuhan/dyh/motion/MotionRe/base_mobileposer/data/raw/DIP_IMU/s_08/02.pkl,s_08,sensitivity_looser,spine,2220,2790,7.856931791827297,1.947673889185215,1.0303965755484088,False
/home/duanyuhan/dyh/motion/MotionRe/base_mobileposer/data/raw/DIP_IMU/s_08/02.pkl,s_08,sensitivity_looser,hip_knee,2220,2820,19.060562808166676,1.9649887893722642,22.94153179526141,True
/home/duanyuhan/dyh/motion/MotionRe/base_mobileposer/data/raw/DIP_IMU/s_08/02.pkl,s_08,sensitivity_looser,spine,2220,2820,19.060562808166676,1.9649887893722642,2.099144680035127,False
/home/duanyuhan/dyh/motion/MotionRe/base_mobileposer/data/raw/DIP_IMU/s_08/02.pkl,s_08,sensitivity_looser,hip_knee,2220,2880,6.535167859172538,1.399639478693725,7.3780266881199115,False
/home/duanyuhan/dyh/motion/MotionRe/base_mobileposer/data/raw/DIP_IMU/s_08/02.pkl,s_08,sensitivity_looser,spine,2220,2880,6.535167859172538,1.399639478693725,1.0408434172034122,False
/home/duanyuhan/dyh/motion/MotionRe/base_mobileposer/data/raw/DIP_IMU/s_08/02.pkl,s_08,sensitivity_looser,hip_knee,2220,3000,10.127305587744747,1.9593773957978502,10.983429650373054,False
/home/duanyuhan/dyh/motion/MotionRe/base_mobileposer/data/raw/DIP_IMU/s_08/02.pkl,s_08,sensitivity_looser,spine,2220,3000,10.127305587744747,1.9593773957978502,1.9615471072487614,False
/home/duanyuhan/dyh/motion/MotionRe/base_mobileposer/data/raw/DIP_IMU/s_08/02.pkl,s_08,sensitivity_looser,hip_knee,2220,3360,11.557506560221423,1.5891326797540608,6.168741930219924,False
/home/duanyuhan/dyh/motion/MotionRe/base_mobileposer/data/raw/DIP_IMU/s_08/02.pkl,s_08,sensitivity_looser,spine,2220,3360,11.557506560221423,1.5891326797540608,0.7194034287422708,False
/home/duanyuhan/dyh/motion/MotionRe/base_mobileposer/data/raw/DIP_IMU/s_08/02.pkl,s_08,sensitivity_looser,hip_knee,2220,3480,17.34798648294388,1.8962518665926875,8.960127517917885,False
/home/duanyuhan/dyh/motion/MotionRe/base_mobileposer/data/raw/DIP_IMU/s_08/02.pkl,s_08,sensitivity_looser,spine,2220,3480,17.34798648294388,1.8962518665926875,1.6395084878143027,False
/home/duanyuhan/dyh/motion/MotionRe/base_mobileposer/data/raw/DIP_IMU/s_08/02.pkl,s_08,sensitivity_looser,hip_knee,2220,3510,16.1516150730767,1.6129882094124404,9.045870438855815,False
/home/duanyuhan/dyh/motion/MotionRe/base_mobileposer/data/raw/DIP_IMU/s_08/02.pkl,s_08,sensitivity_looser,spine,2220,3510,16.1516150730767,1.6129882094124404,1.2842977289215438,False
/home/duanyuhan/dyh/motion/MotionRe/base_mobileposer/data/raw/DIP_IMU/s_08/02.pkl,s_08,sensitivity_looser,hip_knee,2220,3600,17.0337867746894,1.8422849581890375,10.462993817249911,False
/home/duanyuhan/dyh/motion/MotionRe/base_mobileposer/data/raw/DIP_IMU/s_08/02.pkl,s_08,sensitivity_looser,spine,2220,3600,17.0337867746894,1.8422849581890375,1.4727009848802188,False
/home/duanyuhan/dyh/motion/MotionRe/base_mobileposer/data/raw/DIP_IMU/s_08/02.pkl,s_08,sensitivity_looser,hip_knee,2220,3870,16.78101334305876,1.6343802868957784,16.959957911328825,False
/home/duanyuhan/dyh/motion/MotionRe/base_mobileposer/data/raw/DIP_IMU/s_08/02.pkl,s_08,sensitivity_looser,spine,2220,3870,16.78101334305876,1.6343802868957784,1.493960642069012,False
/home/duanyuhan/dyh/motion/MotionRe/base_mobileposer/data/raw/DIP_IMU/s_08/02.pkl,s_08,sensitivity_looser,hip_knee,2220,3930,16.314802254846025,1.5495533143752547,17.553301338134528,False
/home/duanyuhan/dyh/motion/MotionRe/base_mobileposer/data/raw/DIP_IMU/s_08/02.pkl,s_08,sensitivity_looser,spine,2220,3930,16.314802254846025,1.5495533143752547,1.3076566897021593,False
/home/duanyuhan/dyh/motion/MotionRe/base_mobileposer/data/raw/DIP_IMU/s_08/02.pkl,s_08,sensitivity_looser,hip_knee,2220,3990,19.218266552590666,1.5511738710144816,23.512223807236797,True
/home/duanyuhan/dyh/motion/MotionRe/base_mobileposer/data/raw/DIP_IMU/s_08/02.pkl,s_08,sensitivity_looser,spine,2220,3990,19.218266552590666,1.5511738710144816,2.4654685448236062,False
/home/duanyuhan/dyh/motion/MotionRe/base_mobileposer/data/raw/DIP_IMU/s_08/02.pkl,s_08,sensitivity_looser,hip_knee,2220,4050,15.712235152706812,1.7148182004391856,7.277088270429678,False
/home/duanyuhan/dyh/motion/MotionRe/base_mobileposer/data/raw/DIP_IMU/s_08/02.pkl,s_08,sensitivity_looser,spine,2220,4050,15.712235152706812,1.7148182004391856,1.5441940930828812,False
/home/duanyuhan/dyh/motion/MotionRe/base_mobileposer/data/raw/DIP_IMU/s_08/02.pkl,s_08,sensitivity_looser,hip_knee,2220,4200,16.483607137328033,1.6942855681293387,12.253499132020941,False
/home/duanyuhan/dyh/motion/MotionRe/base_mobileposer/data/raw/DIP_IMU/s_08/02.pkl,s_08,sensitivity_looser,spine,2220,4200,16.483607137328033,1.6942855681293387,1.5390971414623635,False
/home/duanyuhan/dyh/motion/MotionRe/base_mobileposer/data/raw/DIP_IMU/s_08/02.pkl,s_08,sensitivity_looser,hip_knee,2220,4320,16.562722299726648,1.4878424529260794,17.682612921434085,False
/home/duanyuhan/dyh/motion/MotionRe/base_mobileposer/data/raw/DIP_IMU/s_08/02.pkl,s_08,sensitivity_looser,spine,2220,4320,16.562722299726648,1.4878424529260794,1.860050448233246,False
/home/duanyuhan/dyh/motion/MotionRe/base_mobileposer/data/raw/DIP_IMU/s_08/02.pkl,s_08,sensitivity_looser,hip_knee,2220,4380,16.928921240963113,1.1933584168028866,15.908611350239987,False
/home/duanyuhan/dyh/motion/MotionRe/base_mobileposer/data/raw/DIP_IMU/s_08/02.pkl,s_08,sensitivity_looser,spine,2220,4380,16.928921240963113,1.1933584168028866,1.4684281009340694,False
/home/duanyuhan/dyh/motion/MotionRe/base_mobileposer/data/raw/DIP_IMU/s_08/02.pkl,s_08,sensitivity_looser,hip_knee,2220,4440,14.358770660671764,1.3841425453356855,12.195328304397336,False
/home/duanyuhan/dyh/motion/MotionRe/base_mobileposer/data/raw/DIP_IMU/s_08/02.pkl,s_08,sensitivity_looser,spine,2220,4440,14.358770660671764,1.3841425453356855,2.064104650752623,False
/home/duanyuhan/dyh/motion/MotionRe/base_mobileposer/data/raw/DIP_IMU/s_08/02.pkl,s_08,sensitivity_looser,hip_knee,2220,5610,14.984033301665303,1.9549436820533819,10.412192545159227,False
/home/duanyuhan/dyh/motion/MotionRe/base_mobileposer/data/raw/DIP_IMU/s_08/02.pkl,s_08,sensitivity_looser,spine,2220,5610,14.984033301665303,1.9549436820533819,1.6766032607435528,False
/home/duanyuhan/dyh/motion/MotionRe/base_mobileposer/data/raw/DIP_IMU/s_08/02.pkl,s_08,sensitivity_looser,hip_knee,2250,3330,17.74687139810402,1.7069102627112556,12.614656285706774,False
/home/duanyuhan/dyh/motion/MotionRe/base_mobileposer/data/raw/DIP_IMU/s_08/02.pkl,s_08,sensitivity_looser,spine,2250,3330,17.74687139810402,1.7069102627112556,3.861795146022533,False
/home/duanyuhan/dyh/motion/MotionRe/base_mobileposer/data/raw/DIP_IMU/s_08/02.pkl,s_08,sensitivity_looser,hip_knee,2250,3450,17.98837723367981,1.787827570666032,9.413853488729188,False
/home/duanyuhan/dyh/motion/MotionRe/base_mobileposer/data/raw/DIP_IMU/s_08/02.pkl,s_08,sensitivity_looser,spine,2250,3450,17.98837723367981,1.787827570666032,2.9772438327236674,False
/home/duanyuhan/dyh/motion/MotionRe/base_mobileposer/data/raw/DIP_IMU/s_08/02.pkl,s_08,sensitivity_looser,hip_knee,2250,3990,17.221359822945228,1.9390480383136708,10.129628322424026,False
/home/duanyuhan/dyh/motion/MotionRe/base_mobileposer/data/raw/DIP_IMU/s_08/02.pkl,s_08,sensitivity_looser,spine,2250,3990,17.221359822945228,1.9390480383136708,1.090538996320783,False
/home/duanyuhan/dyh/motion/MotionRe/base_mobileposer/data/raw/DIP_IMU/s_08/02.pkl,s_08,sensitivity_looser,hip_knee,2250,4110,17.556807985642678,1.9861251618259472,8.763517173393677,False
/home/duanyuhan/dyh/motion/MotionRe/base_mobileposer/data/raw/DIP_IMU/s_08/02.pkl,s_08,sensitivity_looser,spine,2250,4110,17.556807985642678,1.9861251618259472,1.3537480127297403,False
/home/duanyuhan/dyh/motion/MotionRe/base_mobileposer/data/raw/DIP_IMU/s_08/02.pkl,s_08,sensitivity_looser,hip_knee,2250,4140,17.50342829240161,1.5008272929335575,10.212151021841024,False
/home/duanyuhan/dyh/motion/MotionRe/base_mobileposer/data/raw/DIP_IMU/s_08/02.pkl,s_08,sensitivity_looser,spine,2250,4140,17.50342829240161,1.5008272929335575,1.5151451066498822,False
/home/duanyuhan/dyh/motion/MotionRe/base_mobileposer/data/raw/DIP_IMU/s_08/02.pkl,s_08,sensitivity_looser,hip_knee,2250,4470,18.980238424009197,1.2863447424699543,11.634291939656777,False
/home/duanyuhan/dyh/motion/MotionRe/base_mobileposer/data/raw/DIP_IMU/s_08/02.pkl,s_08,sensitivity_looser,spine,2250,4470,18.980238424009197,1.2863447424699543,3.309291296605256,False
/home/duanyuhan/dyh/motion/MotionRe/base_mobileposer/data/raw/DIP_IMU/s_08/02.pkl,s_08,sensitivity_looser,hip_knee,2280,2580,4.626213443683069,1.4171362219918209,3.5807972520582294,False
/home/duanyuhan/dyh/motion/MotionRe/base_mobileposer/data/raw/DIP_IMU/s_08/02.pkl,s_08,sensitivity_looser,spine,2280,2580,4.626213443683069,1.4171362219918209,0.6570483588868227,False
/home/duanyuhan/dyh/motion/MotionRe/base_mobileposer/data/raw/DIP_IMU/s_08/02.pkl,s_08,sensitivity_looser,hip_knee,2280,2640,17.762484159724195,1.0582851905737387,19.039773348517336,False
/home/duanyuhan/dyh/motion/MotionRe/base_mobileposer/data/raw/DIP_IMU/s_08/02.pkl,s_08,sensitivity_looser,spine,2280,2640,17.762484159724195,1.0582851905737387,0.79356603670251,False
/home/duanyuhan/dyh/motion/MotionRe/base_mobileposer/data/raw/DIP_IMU/s_08/02.pkl,s_08,sensitivity_looser,hip_knee,2280,2760,19.86397320560565,1.7467713971062016,18.82839282282522,False
/home/duanyuhan/dyh/motion/MotionRe/base_mobileposer/data/raw/DIP_IMU/s_08/02.pkl,s_08,sensitivity_looser,spine,2280,2760,19.86397320560565,1.7467713971062016,2.0932396111616085,False
/home/duanyuhan/dyh/motion/MotionRe/base_mobileposer/data/raw/DIP_IMU/s_08/02.pkl,s_08,sensitivity_looser,hip_knee,2280,2820,4.254914515242732,1.8994114691524808,1.7841507754461576,False
/home/duanyuhan/dyh/motion/MotionRe/base_mobileposer/data/raw/DIP_IMU/s_08/02.pkl,s_08,sensitivity_looser,spine,2280,2820,4.254914515242732,1.8994114691524808,1.0199303363041752,False
/home/duanyuhan/dyh/motion/MotionRe/base_mobileposer/data/raw/DIP_IMU/s_08/02.pkl,s_08,sensitivity_looser,hip_knee,2280,2880,14.687686928161677,1.4334855747105524,15.236833130591718,False
/home/duanyuhan/dyh/motion/MotionRe/base_mobileposer/data/raw/DIP_IMU/s_08/02.pkl,s_08,sensitivity_looser,spine,2280,2880,14.687686928161677,1.4334855747105524,1.9678911089040374,False
/home/duanyuhan/dyh/motion/MotionRe/base_mobileposer/data/raw/DIP_IMU/s_08/02.pkl,s_08,sensitivity_looser,hip_knee,2280,2940,6.020110575499436,1.7304965635678604,1.1521837698182011,False
/home/duanyuhan/dyh/motion/MotionRe/base_mobileposer/data/raw/DIP_IMU/s_08/02.pkl,s_08,sensitivity_looser,spine,2280,2940,6.020110575499436,1.7304965635678604,1.1703382629686347,False
/home/duanyuhan/dyh/motion/MotionRe/base_mobileposer/data/raw/DIP_IMU/s_08/02.pkl,s_08,sensitivity_looser,hip_knee,2280,3000,8.351375951353734,1.2915573317692397,11.259505097034896,False
/home/duanyuhan/dyh/motion/MotionRe/base_mobileposer/data/raw/DIP_IMU/s_08/02.pkl,s_08,sensitivity_looser,spine,2280,3000,8.351375951353734,1.2915573317692397,2.5355370371822237,False
/home/duanyuhan/dyh/motion/MotionRe/base_mobileposer/data/raw/DIP_IMU/s_08/02.pkl,s_08,sensitivity_looser,hip_knee,2280,3360,19.50384995138183,1.3317737462451171,20.6032371253297,True
/home/duanyuhan/dyh/motion/MotionRe/base_mobileposer/data/raw/DIP_IMU/s_08/02.pkl,s_08,sensitivity_looser,spine,2280,3360,19.50384995138183,1.3317737462451171,1.6466530648175806,False
/home/duanyuhan/dyh/motion/MotionRe/base_mobileposer/data/raw/DIP_IMU/s_08/02.pkl,s_08,sensitivity_looser,hip_knee,2280,3420,14.206421384204827,1.6956757075219298,8.554209323367152,False
/home/duanyuhan/dyh/motion/MotionRe/base_mobileposer/data/raw/DIP_IMU/s_08/02.pkl,s_08,sensitivity_looser,spine,2280,3420,14.206421384204827,1.6956757075219298,2.372167890690209,False
/home/duanyuhan/dyh/motion/MotionRe/base_mobileposer/data/raw/DIP_IMU/s_08/02.pkl,s_08,sensitivity_looser,hip_knee,2280,3570,18.310098429251905,1.7062642237518377,7.745629341017205,False
/home/duanyuhan/dyh/motion/MotionRe/base_mobileposer/data/raw/DIP_IMU/s_08/02.pkl,s_08,sensitivity_looser,spine,2280,3570,18.310098429251905,1.7062642237518377,3.7160966937837947,False
/home/duanyuhan/dyh/motion/MotionRe/base_mobileposer/data/raw/DIP_IMU/s_08/02.pkl,s_08,sensitivity_looser,hip_knee,2280,3870,18.07541557147137,1.1809462450381965,11.024081036297215,False
/home/duanyuhan/dyh/motion/MotionRe/base_mobileposer/data/raw/DIP_IMU/s_08/02.pkl,s_08,sensitivity_looser,spine,2280,3870,18.07541557147137,1.1809462450381965,0.6415333158829603,False
/home/duanyuhan/dyh/motion/MotionRe/base_mobileposer/data/raw/DIP_IMU/s_08/02.pkl,s_08,sensitivity_looser,hip_knee,2280,3930,19.510358428232507,0.975269648147994,12.160014088683026,False
/home/duanyuhan/dyh/motion/MotionRe/base_mobileposer/data/raw/DIP_IMU/s_08/02.pkl,s_08,sensitivity_looser,spine,2280,3930,19.510358428232507,0.975269648147994,1.1125372725475722,False
/home/duanyuhan/dyh/motion/MotionRe/base_mobileposer/data/raw/DIP_IMU/s_08/02.pkl,s_08,sensitivity_looser,hip_knee,2280,3990,14.024650489162687,1.1937218683742885,7.655243410087651,False
/home/duanyuhan/dyh/motion/MotionRe/base_mobileposer/data/raw/DIP_IMU/s_08/02.pkl,s_08,sensitivity_looser,spine,2280,3990,14.024650489162687,1.1937218683742885,1.3897381780869476,False
/home/duanyuhan/dyh/motion/MotionRe/base_mobileposer/data/raw/DIP_IMU/s_08/02.pkl,s_08,sensitivity_looser,hip_knee,2280,4140,15.014529599548748,1.272720839290215,7.97433046531596,False
/home/duanyuhan/dyh/motion/MotionRe/base_mobileposer/data/raw/DIP_IMU/s_08/02.pkl,s_08,sensitivity_looser,spine,2280,4140,15.014529599548748,1.272720839290215,1.0238497516786396,False
/home/duanyuhan/dyh/motion/MotionRe/base_mobileposer/data/raw/DIP_IMU/s_08/02.pkl,s_08,sensitivity_looser,hip_knee,2280,4200,19.473882420388705,1.2051365005144399,15.446651179549157,False
/home/duanyuhan/dyh/motion/MotionRe/base_mobileposer/data/raw/DIP_IMU/s_08/02.pkl,s_08,sensitivity_looser,spine,2280,4200,19.473882420388705,1.2051365005144399,1.5459244964349181,False
/home/duanyuhan/dyh/motion/MotionRe/base_mobileposer/data/raw/DIP_IMU/s_08/02.pkl,s_08,sensitivity_looser,hip_knee,2280,4260,16.173126471156184,1.7166582256191278,10.476482728507639,False
/home/duanyuhan/dyh/motion/MotionRe/base_mobileposer/data/raw/DIP_IMU/s_08/02.pkl,s_08,sensitivity_looser,spine,2280,4260,16.173126471156184,1.7166582256191278,0.9530345089939201,False
/home/duanyuhan/dyh/motion/MotionRe/base_mobileposer/data/raw/DIP_IMU/s_08/02.pkl,s_08,sensitivity_looser,hip_knee,2280,4320,16.339684920773067,1.2992963659984758,12.250094832207171,False
/home/duanyuhan/dyh/motion/MotionRe/base_mobileposer/data/raw/DIP_IMU/s_08/02.pkl,s_08,sensitivity_looser,spine,2280,4320,16.339684920773067,1.2992963659984758,0.8112344128609491,False
/home/duanyuhan/dyh/motion/MotionRe/base_mobileposer/data/raw/DIP_IMU/s_08/02.pkl,s_08,sensitivity_looser,hip_knee,2280,4380,18.04890276850162,1.010149538338018,12.808066650105964,False
/home/duanyuhan/dyh/motion/MotionRe/base_mobileposer/data/raw/DIP_IMU/s_08/02.pkl,s_08,sensitivity_looser,spine,2280,4380,18.04890276850162,1.010149538338018,0.8896139222703429,False
/home/duanyuhan/dyh/motion/MotionRe/base_mobileposer/data/raw/DIP_IMU/s_08/02.pkl,s_08,sensitivity_looser,hip_knee,2280,4470,18.976262109393062,1.9332278012077673,15.672307012829616,False
/home/duanyuhan/dyh/motion/MotionRe/base_mobileposer/data/raw/DIP_IMU/s_08/02.pkl,s_08,sensitivity_looser,spine,2280,4470,18.976262109393062,1.9332278012077673,3.7635389321697885,False
/home/duanyuhan/dyh/motion/MotionRe/base_mobileposer/data/raw/DIP_IMU/s_08/02.pkl,s_08,sensitivity_looser,hip_knee,2280,4500,17.02002939250528,1.069584088037822,10.321647717304696,False
/home/duanyuhan/dyh/motion/MotionRe/base_mobileposer/data/raw/DIP_IMU/s_08/02.pkl,s_08,sensitivity_looser,spine,2280,4500,17.02002939250528,1.069584088037822,1.25762173414736,False
/home/duanyuhan/dyh/motion/MotionRe/base_mobileposer/data/raw/DIP_IMU/s_08/02.pkl,s_08,sensitivity_looser,hip_knee,2310,2640,9.457194084916381,1.5509195107807972,14.250947314406336,False
/home/duanyuhan/dyh/motion/MotionRe/base_mobileposer/data/raw/DIP_IMU/s_08/02.pkl,s_08,sensitivity_looser,spine,2310,2640,9.457194084916381,1.5509195107807972,2.080482118600239,False
/home/duanyuhan/dyh/motion/MotionRe/base_mobileposer/data/raw/DIP_IMU/s_08/02.pkl,s_08,sensitivity_looser,hip_knee,2310,2760,7.7519782212839985,1.4225903156207251,14.668014884721181,False
/home/duanyuhan/dyh/motion/MotionRe/base_mobileposer/data/raw/DIP_IMU/s_08/02.pkl,s_08,sensitivity_looser,spine,2310,2760,7.7519782212839985,1.4225903156207251,1.3048807083282867,False
/home/duanyuhan/dyh/motion/MotionRe/base_mobileposer/data/raw/DIP_IMU/s_08/02.pkl,s_08,sensitivity_looser,hip_knee,2310,2790,5.814059300433812,1.9585927283862121,6.2168288875207525,False
/home/duanyuhan/dyh/motion/MotionRe/base_mobileposer/data/raw/DIP_IMU/s_08/02.pkl,s_08,sensitivity_looser,spine,2310,2790,5.814059300433812,1.9585927283862121,2.4582043887572027,False
/home/duanyuhan/dyh/motion/MotionRe/base_mobileposer/data/raw/DIP_IMU/s_08/02.pkl,s_08,sensitivity_looser,hip_knee,2310,2880,12.734239416387165,1.5000122757117746,18.19166109272527,False
/home/duanyuhan/dyh/motion/MotionRe/base_mobileposer/data/raw/DIP_IMU/s_08/02.pkl,s_08,sensitivity_looser,spine,2310,2880,12.734239416387165,1.5000122757117746,1.6509528858812557,False
/home/duanyuhan/dyh/motion/MotionRe/base_mobileposer/data/raw/DIP_IMU/s_08/02.pkl,s_08,sensitivity_looser,hip_knee,2310,2910,5.4633404757143715,1.6844889548243576,5.069967421626787,False
/home/duanyuhan/dyh/motion/MotionRe/base_mobileposer/data/raw/DIP_IMU/s_08/02.pkl,s_08,sensitivity_looser,spine,2310,2910,5.4633404757143715,1.6844889548243576,1.2233621560632275,False
/home/duanyuhan/dyh/motion/MotionRe/base_mobileposer/data/raw/DIP_IMU/s_08/02.pkl,s_08,sensitivity_looser,hip_knee,2310,3000,19.133410206731032,1.3860808595238006,21.929107584569024,True
/home/duanyuhan/dyh/motion/MotionRe/base_mobileposer/data/raw/DIP_IMU/s_08/02.pkl,s_08,sensitivity_looser,spine,2310,3000,19.133410206731032,1.3860808595238006,2.7424940981613743,False
/home/duanyuhan/dyh/motion/MotionRe/base_mobileposer/data/raw/DIP_IMU/s_08/02.pkl,s_08,sensitivity_looser,hip_knee,2310,3120,15.621118511164797,1.733391038796636,21.23292341170691,True
/home/duanyuhan/dyh/motion/MotionRe/base_mobileposer/data/raw/DIP_IMU/s_08/02.pkl,s_08,sensitivity_looser,spine,2310,3120,15.621118511164797,1.733391038796636,2.5605174899956804,False
/home/duanyuhan/dyh/motion/MotionRe/base_mobileposer/data/raw/DIP_IMU/s_08/02.pkl,s_08,sensitivity_looser,hip_knee,2310,3180,15.747856122074392,1.91690468673076,6.940469113399759,False
/home/duanyuhan/dyh/motion/MotionRe/base_mobileposer/data/raw/DIP_IMU/s_08/02.pkl,s_08,sensitivity_looser,spine,2310,3180,15.747856122074392,1.91690468673076,2.6929297525422897,False
/home/duanyuhan/dyh/motion/MotionRe/base_mobileposer/data/raw/DIP_IMU/s_08/02.pkl,s_08,sensitivity_looser,hip_knee,2310,3360,11.23367072097694,1.1694638795671695,15.742363288673488,False
/home/duanyuhan/dyh/motion/MotionRe/base_mobileposer/data/raw/DIP_IMU/s_08/02.pkl,s_08,sensitivity_looser,spine,2310,3360,11.23367072097694,1.1694638795671695,2.1033294097503137,False
/home/duanyuhan/dyh/motion/MotionRe/base_mobileposer/data/raw/DIP_IMU/s_08/02.pkl,s_08,sensitivity_looser,hip_knee,2310,3480,11.892492961450444,1.048246360494109,13.282760798565368,False
/home/duanyuhan/dyh/motion/MotionRe/base_mobileposer/data/raw/DIP_IMU/s_08/02.pkl,s_08,sensitivity_looser,spine,2310,3480,11.892492961450444,1.048246360494109,2.907584766669022,False
/home/duanyuhan/dyh/motion/MotionRe/base_mobileposer/data/raw/DIP_IMU/s_08/02.pkl,s_08,sensitivity_looser,hip_knee,2310,3600,11.171733197059478,1.1837616769334296,8.201933165332335,False
/home/duanyuhan/dyh/motion/MotionRe/base_mobileposer/data/raw/DIP_IMU/s_08/02.pkl,s_08,sensitivity_looser,spine,2310,3600,11.171733197059478,1.1837616769334296,2.138845864605266,False
/home/duanyuhan/dyh/motion/MotionRe/base_mobileposer/data/raw/DIP_IMU/s_08/02.pkl,s_08,sensitivity_looser,hip_knee,2310,3930,18.182555926113135,1.4430542896377363,28.041888826258045,True
/home/duanyuhan/dyh/motion/MotionRe/base_mobileposer/data/raw/DIP_IMU/s_08/02.pkl,s_08,sensitivity_looser,spine,2310,3930,18.182555926113135,1.4430542896377363,2.332905193412793,False
/home/duanyuhan/dyh/motion/MotionRe/base_mobileposer/data/raw/DIP_IMU/s_08/02.pkl,s_08,sensitivity_looser,hip_knee,2310,4050,11.302891312630619,1.6419898126649437,14.426025131576015,False
/home/duanyuhan/dyh/motion/MotionRe/base_mobileposer/data/raw/DIP_IMU/s_08/02.pkl,s_08,sensitivity_looser,spine,2310,4050,11.302891312630619,1.6419898126649437,1.8670140361782552,False
/home/duanyuhan/dyh/motion/MotionRe/base_mobileposer/data/raw/DIP_IMU/s_08/02.pkl,s_08,sensitivity_looser,hip_knee,2310,4080,11.674469815856698,1.7994564516806844,9.843735085830552,False
/home/duanyuhan/dyh/motion/MotionRe/base_mobileposer/data/raw/DIP_IMU/s_08/02.pkl,s_08,sensitivity_looser,spine,2310,4080,11.674469815856698,1.7994564516806844,2.1277522103918427,False
/home/duanyuhan/dyh/motion/MotionRe/base_mobileposer/data/raw/DIP_IMU/s_08/02.pkl,s_08,sensitivity_looser,hip_knee,2310,4200,18.15656066052574,1.2729106698398478,22.369382183830595,True
/home/duanyuhan/dyh/motion/MotionRe/base_mobileposer/data/raw/DIP_IMU/s_08/02.pkl,s_08,sensitivity_looser,spine,2310,4200,18.15656066052574,1.2729106698398478,1.6733456186903861,False
/home/duanyuhan/dyh/motion/MotionRe/base_mobileposer/data/raw/DIP_IMU/s_08/02.pkl,s_08,sensitivity_looser,hip_knee,2310,4380,19.78344923995868,1.4355321342754994,26.22388243467874,True
/home/duanyuhan/dyh/motion/MotionRe/base_mobileposer/data/raw/DIP_IMU/s_08/02.pkl,s_08,sensitivity_looser,spine,2310,4380,19.78344923995868,1.4355321342754994,2.119704923930873,False
/home/duanyuhan/dyh/motion/MotionRe/base_mobileposer/data/raw/DIP_IMU/s_08/02.pkl,s_08,sensitivity_looser,hip_knee,2310,4410,16.792847554216614,1.3969709495462859,9.391124782938938,False
/home/duanyuhan/dyh/motion/MotionRe/base_mobileposer/data/raw/DIP_IMU/s_08/02.pkl,s_08,sensitivity_looser,spine,2310,4410,16.792847554216614,1.3969709495462859,3.475019213203025,False
/home/duanyuhan/dyh/motion/MotionRe/base_mobileposer/data/raw/DIP_IMU/s_08/02.pkl,s_08,sensitivity_looser,hip_knee,2340,2640,5.67738680961764,1.9919064753183282,3.8267493655190377,False
/home/duanyuhan/dyh/motion/MotionRe/base_mobileposer/data/raw/DIP_IMU/s_08/02.pkl,s_08,sensitivity_looser,spine,2340,2640,5.67738680961764,1.9919064753183282,1.062587216873304,False
/home/duanyuhan/dyh/motion/MotionRe/base_mobileposer/data/raw/DIP_IMU/s_08/02.pkl,s_08,sensitivity_looser,hip_knee,2340,2790,11.07152828157196,1.9289040470605316,10.222608024683645,False
/home/duanyuhan/dyh/motion/MotionRe/base_mobileposer/data/raw/DIP_IMU/s_08/02.pkl,s_08,sensitivity_looser,spine,2340,2790,11.07152828157196,1.9289040470605316,1.643815540644016,False
/home/duanyuhan/dyh/motion/MotionRe/base_mobileposer/data/raw/DIP_IMU/s_08/02.pkl,s_08,sensitivity_looser,hip_knee,2340,2880,5.668559034014954,1.8494960808200742,4.8126174936839945,False
/home/duanyuhan/dyh/motion/MotionRe/base_mobileposer/data/raw/DIP_IMU/s_08/02.pkl,s_08,sensitivity_looser,spine,2340,2880,5.668559034014954,1.8494960808200742,1.3088919384588582,False
/home/duanyuhan/dyh/motion/MotionRe/base_mobileposer/data/raw/DIP_IMU/s_08/02.pkl,s_08,sensitivity_looser,hip_knee,2340,2910,10.981540910598458,0.7954632010161394,10.953583926344045,False
/home/duanyuhan/dyh/motion/MotionRe/base_mobileposer/data/raw/DIP_IMU/s_08/02.pkl,s_08,sensitivity_looser,spine,2340,2910,10.981540910598458,0.7954632010161394,2.244991967391353,False
/home/duanyuhan/dyh/motion/MotionRe/base_mobileposer/data/raw/DIP_IMU/s_08/02.pkl,s_08,sensitivity_looser,hip_knee,2340,3000,6.188603431876562,1.8482390003708007,7.898119330166743,False
/home/duanyuhan/dyh/motion/MotionRe/base_mobileposer/data/raw/DIP_IMU/s_08/02.pkl,s_08,sensitivity_looser,spine,2340,3000,6.188603431876562,1.8482390003708007,1.8490899632397186,False
/home/duanyuhan/dyh/motion/MotionRe/base_mobileposer/data/raw/DIP_IMU/s_08/02.pkl,s_08,sensitivity_looser,hip_knee,2340,3930,16.37764596620965,1.9359942287610874,14.123160959848313,False
/home/duanyuhan/dyh/motion/MotionRe/base_mobileposer/data/raw/DIP_IMU/s_08/02.pkl,s_08,sensitivity_looser,spine,2340,3930,16.37764596620965,1.9359942287610874,1.5918336791342043,False
/home/duanyuhan/dyh/motion/MotionRe/base_mobileposer/data/raw/DIP_IMU/s_08/02.pkl,s_08,sensitivity_looser,hip_knee,2340,4050,18.63609852573429,1.7867309961682873,9.61656743680387,False
/home/duanyuhan/dyh/motion/MotionRe/base_mobileposer/data/raw/DIP_IMU/s_08/02.pkl,s_08,sensitivity_looser,spine,2340,4050,18.63609852573429,1.7867309961682873,2.0043894866061254,False
/home/duanyuhan/dyh/motion/MotionRe/base_mobileposer/data/raw/DIP_IMU/s_08/02.pkl,s_08,sensitivity_looser,hip_knee,2340,4260,16.735306798699526,1.8928168328750798,16.493854894486944,False
/home/duanyuhan/dyh/motion/MotionRe/base_mobileposer/data/raw/DIP_IMU/s_08/02.pkl,s_08,sensitivity_looser,spine,2340,4260,16.735306798699526,1.8928168328750798,1.6263598026054975,False
/home/duanyuhan/dyh/motion/MotionRe/base_mobileposer/data/raw/DIP_IMU/s_08/02.pkl,s_08,sensitivity_looser,hip_knee,2340,4500,18.173474691201957,1.6964307385180168,19.3276333749641,False
/home/duanyuhan/dyh/motion/MotionRe/base_mobileposer/data/raw/DIP_IMU/s_08/02.pkl,s_08,sensitivity_looser,spine,2340,4500,18.173474691201957,1.6964307385180168,2.2645809490341473,False
/home/duanyuhan/dyh/motion/MotionRe/base_mobileposer/data/raw/DIP_IMU/s_08/02.pkl,s_08,sensitivity_looser,hip_knee,2370,3330,15.339742649940359,1.9155506713467243,9.955175657441012,False
/home/duanyuhan/dyh/motion/MotionRe/base_mobileposer/data/raw/DIP_IMU/s_08/02.pkl,s_08,sensitivity_looser,spine,2370,3330,15.339742649940359,1.9155506713467243,2.6468050647300814,False
/home/duanyuhan/dyh/motion/MotionRe/base_mobileposer/data/raw/DIP_IMU/s_08/02.pkl,s_08,sensitivity_looser,hip_knee,2370,3450,15.012745045719408,1.9986743793894461,7.951095777128229,False
/home/duanyuhan/dyh/motion/MotionRe/base_mobileposer/data/raw/DIP_IMU/s_08/02.pkl,s_08,sensitivity_looser,spine,2370,3450,15.012745045719408,1.9986743793894461,1.8498912182166618,False
/home/duanyuhan/dyh/motion/MotionRe/base_mobileposer/data/raw/DIP_IMU/s_08/02.pkl,s_08,sensitivity_looser,hip_knee,2370,4320,18.615823080851307,1.9045785088739122,16.74607871901503,False
/home/duanyuhan/dyh/motion/MotionRe/base_mobileposer/data/raw/DIP_IMU/s_08/02.pkl,s_08,sensitivity_looser,spine,2370,4320,18.615823080851307,1.9045785088739122,2.149349174457844,False
/home/duanyuhan/dyh/motion/MotionRe/base_mobileposer/data/raw/DIP_IMU/s_08/02.pkl,s_08,sensitivity_looser,hip_knee,2370,4470,15.832567617905834,1.5736165661114296,9.949923629507236,False
/home/duanyuhan/dyh/motion/MotionRe/base_mobileposer/data/raw/DIP_IMU/s_08/02.pkl,s_08,sensitivity_looser,spine,2370,4470,15.832567617905834,1.5736165661114296,2.367813176222987,False
/home/duanyuhan/dyh/motion/MotionRe/base_mobileposer/data/raw/DIP_IMU/s_08/02.pkl,s_08,sensitivity_looser,hip_knee,2400,2910,19.45781268815153,1.8899299722050442,26.31210944516557,True
/home/duanyuhan/dyh/motion/MotionRe/base_mobileposer/data/raw/DIP_IMU/s_08/02.pkl,s_08,sensitivity_looser,spine,2400,2910,19.45781268815153,1.8899299722050442,3.416010607347187,False
/home/duanyuhan/dyh/motion/MotionRe/base_mobileposer/data/raw/DIP_IMU/s_08/02.pkl,s_08,sensitivity_looser,hip_knee,2400,3000,5.327277756119604,1.7952603327478815,9.078067444991436,False
/home/duanyuhan/dyh/motion/MotionRe/base_mobileposer/data/raw/DIP_IMU/s_08/02.pkl,s_08,sensitivity_looser,spine,2400,3000,5.327277756119604,1.7952603327478815,2.1931302014169725,False
/home/duanyuhan/dyh/motion/MotionRe/base_mobileposer/data/raw/DIP_IMU/s_08/02.pkl,s_08,sensitivity_looser,hip_knee,2400,3120,8.416742835601042,1.508903807692852,9.960988597715648,False
/home/duanyuhan/dyh/motion/MotionRe/base_mobileposer/data/raw/DIP_IMU/s_08/02.pkl,s_08,sensitivity_looser,spine,2400,3120,8.416742835601042,1.508903807692852,1.8135895024187614,False
/home/duanyuhan/dyh/motion/MotionRe/base_mobileposer/data/raw/DIP_IMU/s_08/02.pkl,s_08,sensitivity_looser,hip_knee,2400,3360,16.53288873511172,1.9693730354808472,18.290060299633886,False
/home/duanyuhan/dyh/motion/MotionRe/base_mobileposer/data/raw/DIP_IMU/s_08/02.pkl,s_08,sensitivity_looser,spine,2400,3360,16.53288873511172,1.9693730354808472,1.5989308171533487,False
/home/duanyuhan/dyh/motion/MotionRe/base_mobileposer/data/raw/DIP_IMU/s_08/02.pkl,s_08,sensitivity_looser,hip_knee,2400,3540,17.168447016601853,1.5912676629813403,9.867058941982085,False
/home/duanyuhan/dyh/motion/MotionRe/base_mobileposer/data/raw/DIP_IMU/s_08/02.pkl,s_08,sensitivity_looser,spine,2400,3540,17.168447016601853,1.5912676629813403,1.4443456704249025,False
/home/duanyuhan/dyh/motion/MotionRe/base_mobileposer/data/raw/DIP_IMU/s_08/02.pkl,s_08,sensitivity_looser,hip_knee,2400,4260,14.273298946638954,1.1890173676749523,8.481978423328677,False
/home/duanyuhan/dyh/motion/MotionRe/base_mobileposer/data/raw/DIP_IMU/s_08/02.pkl,s_08,sensitivity_looser,spine,2400,4260,14.273298946638954,1.1890173676749523,1.1037432844648716,False
/home/duanyuhan/dyh/motion/MotionRe/base_mobileposer/data/raw/DIP_IMU/s_08/02.pkl,s_08,sensitivity_looser,hip_knee,2400,4500,15.277691022469584,1.9085944917611808,8.809135155072756,False
/home/duanyuhan/dyh/motion/MotionRe/base_mobileposer/data/raw/DIP_IMU/s_08/02.pkl,s_08,sensitivity_looser,spine,2400,4500,15.277691022469584,1.9085944917611808,0.8481542921261194,False
/home/duanyuhan/dyh/motion/MotionRe/base_mobileposer/data/raw/DIP_IMU/s_08/02.pkl,s_08,sensitivity_looser,hip_knee,2430,3030,5.25330454044991,1.71594108950957,2.66560118506633,False
/home/duanyuhan/dyh/motion/MotionRe/base_mobileposer/data/raw/DIP_IMU/s_08/02.pkl,s_08,sensitivity_looser,spine,2430,3030,5.25330454044991,1.71594108950957,1.5361451902779484,False
/home/duanyuhan/dyh/motion/MotionRe/base_mobileposer/data/raw/DIP_IMU/s_08/02.pkl,s_08,sensitivity_looser,hip_knee,2430,3840,15.894639820502425,1.82698922312855,7.576130134192175,False
/home/duanyuhan/dyh/motion/MotionRe/base_mobileposer/data/raw/DIP_IMU/s_08/02.pkl,s_08,sensitivity_looser,spine,2430,3840,15.894639820502425,1.82698922312855,1.427254944865877,False
/home/duanyuhan/dyh/motion/MotionRe/base_mobileposer/data/raw/DIP_IMU/s_08/02.pkl,s_08,sensitivity_looser,hip_knee,2430,3960,13.2019179900956,1.7701611942051305,6.513910269336625,False
/home/duanyuhan/dyh/motion/MotionRe/base_mobileposer/data/raw/DIP_IMU/s_08/02.pkl,s_08,sensitivity_looser,spine,2430,3960,13.2019179900956,1.7701611942051305,2.045074669263329,False
/home/duanyuhan/dyh/motion/MotionRe/base_mobileposer/data/raw/DIP_IMU/s_08/02.pkl,s_08,sensitivity_looser,hip_knee,2460,2880,5.628014161556766,1.5376506472768259,5.052139688427275,False
/home/duanyuhan/dyh/motion/MotionRe/base_mobileposer/data/raw/DIP_IMU/s_08/02.pkl,s_08,sensitivity_looser,spine,2460,2880,5.628014161556766,1.5376506472768259,2.127460539502717,False
/home/duanyuhan/dyh/motion/MotionRe/base_mobileposer/data/raw/DIP_IMU/s_08/02.pkl,s_08,sensitivity_looser,hip_knee,2460,2910,12.222143132082913,1.9034470276037614,17.860464648776382,False
/home/duanyuhan/dyh/motion/MotionRe/base_mobileposer/data/raw/DIP_IMU/s_08/02.pkl,s_08,sensitivity_looser,spine,2460,2910,12.222143132082913,1.9034470276037614,3.144763264839066,False
/home/duanyuhan/dyh/motion/MotionRe/base_mobileposer/data/raw/DIP_IMU/s_08/02.pkl,s_08,sensitivity_looser,hip_knee,2460,3000,5.652077394048714,1.6969435032743463,2.1247327454758085,False
/home/duanyuhan/dyh/motion/MotionRe/base_mobileposer/data/raw/DIP_IMU/s_08/02.pkl,s_08,sensitivity_looser,spine,2460,3000,5.652077394048714,1.6969435032743463,3.307302860327676,False
/home/duanyuhan/dyh/motion/MotionRe/base_mobileposer/data/raw/DIP_IMU/s_08/02.pkl,s_08,sensitivity_looser,hip_knee,2460,3360,12.420184104765003,1.3105608905483253,11.129764312536448,False
/home/duanyuhan/dyh/motion/MotionRe/base_mobileposer/data/raw/DIP_IMU/s_08/02.pkl,s_08,sensitivity_looser,spine,2460,3360,12.420184104765003,1.3105608905483253,1.9882678136722483,False
/home/duanyuhan/dyh/motion/MotionRe/base_mobileposer/data/raw/DIP_IMU/s_08/02.pkl,s_08,sensitivity_looser,hip_knee,2460,3420,18.84243312255384,1.773543542402466,17.726474452649626,False
/home/duanyuhan/dyh/motion/MotionRe/base_mobileposer/data/raw/DIP_IMU/s_08/02.pkl,s_08,sensitivity_looser,spine,2460,3420,18.84243312255384,1.773543542402466,3.6704408711978656,False
/home/duanyuhan/dyh/motion/MotionRe/base_mobileposer/data/raw/DIP_IMU/s_08/02.pkl,s_08,sensitivity_looser,hip_knee,2460,3510,19.75469520700188,1.6555580415325089,14.942613517345634,False
/home/duanyuhan/dyh/motion/MotionRe/base_mobileposer/data/raw/DIP_IMU/s_08/02.pkl,s_08,sensitivity_looser,spine,2460,3510,19.75469520700188,1.6555580415325089,1.845704484032731,False
/home/duanyuhan/dyh/motion/MotionRe/base_mobileposer/data/raw/DIP_IMU/s_08/02.pkl,s_08,sensitivity_looser,hip_knee,2460,3570,19.579942711677294,1.8897597592036965,16.980541559087214,False
/home/duanyuhan/dyh/motion/MotionRe/base_mobileposer/data/raw/DIP_IMU/s_08/02.pkl,s_08,sensitivity_looser,spine,2460,3570,19.579942711677294,1.8897597592036965,4.78659147508627,False
/home/duanyuhan/dyh/motion/MotionRe/base_mobileposer/data/raw/DIP_IMU/s_08/02.pkl,s_08,sensitivity_looser,hip_knee,2460,3870,14.663283036525304,1.3804224761957695,7.205784017994973,False
/home/duanyuhan/dyh/motion/MotionRe/base_mobileposer/data/raw/DIP_IMU/s_08/02.pkl,s_08,sensitivity_looser,spine,2460,3870,14.663283036525304,1.3804224761957695,2.0422720231861295,False
/home/duanyuhan/dyh/motion/MotionRe/base_mobileposer/data/raw/DIP_IMU/s_08/02.pkl,s_08,sensitivity_looser,hip_knee,2460,3930,14.735579622132986,1.1026979653042048,7.409441043291794,False
/home/duanyuhan/dyh/motion/MotionRe/base_mobileposer/data/raw/DIP_IMU/s_08/02.pkl,s_08,sensitivity_looser,spine,2460,3930,14.735579622132986,1.1026979653042048,2.1083104315803687,False
/home/duanyuhan/dyh/motion/MotionRe/base_mobileposer/data/raw/DIP_IMU/s_08/02.pkl,s_08,sensitivity_looser,hip_knee,2460,3990,14.374356122831513,1.7201084222991734,13.002939677139059,False
/home/duanyuhan/dyh/motion/MotionRe/base_mobileposer/data/raw/DIP_IMU/s_08/02.pkl,s_08,sensitivity_looser,spine,2460,3990,14.374356122831513,1.7201084222991734,2.620263152544061,False
/home/duanyuhan/dyh/motion/MotionRe/base_mobileposer/data/raw/DIP_IMU/s_08/02.pkl,s_08,sensitivity_looser,hip_knee,2460,4050,18.882965888432643,1.2291939341146298,12.604822570830478,False
/home/duanyuhan/dyh/motion/MotionRe/base_mobileposer/data/raw/DIP_IMU/s_08/02.pkl,s_08,sensitivity_looser,spine,2460,4050,18.882965888432643,1.2291939341146298,2.510543962241787,False
/home/duanyuhan/dyh/motion/MotionRe/base_mobileposer/data/raw/DIP_IMU/s_08/02.pkl,s_08,sensitivity_looser,hip_knee,2460,4140,16.582253282246885,1.5701470771647172,14.032182716481433,False
/home/duanyuhan/dyh/motion/MotionRe/base_mobileposer/data/raw/DIP_IMU/s_08/02.pkl,s_08,sensitivity_looser,spine,2460,4140,16.582253282246885,1.5701470771647172,1.7059840391099987,False
/home/duanyuhan/dyh/motion/MotionRe/base_mobileposer/data/raw/DIP_IMU/s_08/02.pkl,s_08,sensitivity_looser,hip_knee,2460,4200,17.372606479387358,1.1928784465807147,7.669491103996201,False
/home/duanyuhan/dyh/motion/MotionRe/base_mobileposer/data/raw/DIP_IMU/s_08/02.pkl,s_08,sensitivity_looser,spine,2460,4200,17.372606479387358,1.1928784465807147,1.256097596797493,False
/home/duanyuhan/dyh/motion/MotionRe/base_mobileposer/data/raw/DIP_IMU/s_08/02.pkl,s_08,sensitivity_looser,hip_knee,2460,4260,14.316964069601257,1.9866458571445011,9.924153207141373,False
/home/duanyuhan/dyh/motion/MotionRe/base_mobileposer/data/raw/DIP_IMU/s_08/02.pkl,s_08,sensitivity_looser,spine,2460,4260,14.316964069601257,1.9866458571445011,1.9834951681328772,False
/home/duanyuhan/dyh/motion/MotionRe/base_mobileposer/data/raw/DIP_IMU/s_08/02.pkl,s_08,sensitivity_looser,hip_knee,2460,4320,13.311388055180307,1.1142917327609372,8.385054654505435,False
/home/duanyuhan/dyh/motion/MotionRe/base_mobileposer/data/raw/DIP_IMU/s_08/02.pkl,s_08,sensitivity_looser,spine,2460,4320,13.311388055180307,1.1142917327609372,1.4861383671898611,False
/home/duanyuhan/dyh/motion/MotionRe/base_mobileposer/data/raw/DIP_IMU/s_08/02.pkl,s_08,sensitivity_looser,hip_knee,2460,4380,14.37943272511769,1.4088426108847467,6.621428334334362,False
/home/duanyuhan/dyh/motion/MotionRe/base_mobileposer/data/raw/DIP_IMU/s_08/02.pkl,s_08,sensitivity_looser,spine,2460,4380,14.37943272511769,1.4088426108847467,1.2113777227629017,False
/home/duanyuhan/dyh/motion/MotionRe/base_mobileposer/data/raw/DIP_IMU/s_08/02.pkl,s_08,sensitivity_looser,hip_knee,2460,4500,15.65280676278417,1.8503298271500423,12.817320857486258,False
/home/duanyuhan/dyh/motion/MotionRe/base_mobileposer/data/raw/DIP_IMU/s_08/02.pkl,s_08,sensitivity_looser,spine,2460,4500,15.65280676278417,1.8503298271500423,2.764660880803623,False
/home/duanyuhan/dyh/motion/MotionRe/base_mobileposer/data/raw/DIP_IMU/s_08/02.pkl,s_08,sensitivity_looser,hip_knee,2460,6360,12.523030985851968,1.6946354786035238,16.17533607880383,False
/home/duanyuhan/dyh/motion/MotionRe/base_mobileposer/data/raw/DIP_IMU/s_08/02.pkl,s_08,sensitivity_looser,spine,2460,6360,12.523030985851968,1.6946354786035238,3.445510186381488,False
/home/duanyuhan/dyh/motion/MotionRe/base_mobileposer/data/raw/DIP_IMU/s_08/02.pkl,s_08,sensitivity_looser,hip_knee,2490,2970,5.842574065473425,1.4789585734882535,1.8173154941583642,False
/home/duanyuhan/dyh/motion/MotionRe/base_mobileposer/data/raw/DIP_IMU/s_08/02.pkl,s_08,sensitivity_looser,spine,2490,2970,5.842574065473425,1.4789585734882535,2.4689615592143777,False
/home/duanyuhan/dyh/motion/MotionRe/base_mobileposer/data/raw/DIP_IMU/s_08/02.pkl,s_08,sensitivity_looser,hip_knee,2490,3090,4.395102901495433,1.291966313101727,1.9095846891780335,False
/home/duanyuhan/dyh/motion/MotionRe/base_mobileposer/data/raw/DIP_IMU/s_08/02.pkl,s_08,sensitivity_looser,spine,2490,3090,4.395102901495433,1.291966313101727,1.9785874679517335,False
/home/duanyuhan/dyh/motion/MotionRe/base_mobileposer/data/raw/DIP_IMU/s_08/02.pkl,s_08,sensitivity_looser,hip_knee,2490,3330,17.610354896728825,0.9875146320543488,9.83447794472357,False
/home/duanyuhan/dyh/motion/MotionRe/base_mobileposer/data/raw/DIP_IMU/s_08/02.pkl,s_08,sensitivity_looser,spine,2490,3330,17.610354896728825,0.9875146320543488,1.770862202039428,False
/home/duanyuhan/dyh/motion/MotionRe/base_mobileposer/data/raw/DIP_IMU/s_08/02.pkl,s_08,sensitivity_looser,hip_knee,2490,3450,15.557108574039566,1.3131646715007457,11.208307337994805,False
/home/duanyuhan/dyh/motion/MotionRe/base_mobileposer/data/raw/DIP_IMU/s_08/02.pkl,s_08,sensitivity_looser,spine,2490,3450,15.557108574039566,1.3131646715007457,2.063054681493545,False
/home/duanyuhan/dyh/motion/MotionRe/base_mobileposer/data/raw/DIP_IMU/s_08/02.pkl,s_08,sensitivity_looser,hip_knee,2490,4020,16.08081611485677,1.369573688550174,10.05386475876123,False
/home/duanyuhan/dyh/motion/MotionRe/base_mobileposer/data/raw/DIP_IMU/s_08/02.pkl,s_08,sensitivity_looser,spine,2490,4020,16.08081611485677,1.369573688550174,2.1857629714060263,False
/home/duanyuhan/dyh/motion/MotionRe/base_mobileposer/data/raw/DIP_IMU/s_08/02.pkl,s_08,sensitivity_looser,hip_knee,2490,4110,19.51944187305685,1.895304960562458,12.731793977308017,False
/home/duanyuhan/dyh/motion/MotionRe/base_mobileposer/data/raw/DIP_IMU/s_08/02.pkl,s_08,sensitivity_looser,spine,2490,4110,19.51944187305685,1.895304960562458,2.859135817939933,False
/home/duanyuhan/dyh/motion/MotionRe/base_mobileposer/data/raw/DIP_IMU/s_08/02.pkl,s_08,sensitivity_looser,hip_knee,2490,4350,17.457618494589386,1.2811462712762605,11.26298273158978,False
/home/duanyuhan/dyh/motion/MotionRe/base_mobileposer/data/raw/DIP_IMU/s_08/02.pkl,s_08,sensitivity_looser,spine,2490,4350,17.457618494589386,1.2811462712762605,1.734098939683829,False
/home/duanyuhan/dyh/motion/MotionRe/base_mobileposer/data/raw/DIP_IMU/s_08/02.pkl,s_08,sensitivity_looser,hip_knee,2520,2880,7.450816923884758,1.9457084357135257,5.868266667606989,False
/home/duanyuhan/dyh/motion/MotionRe/base_mobileposer/data/raw/DIP_IMU/s_08/02.pkl,s_08,sensitivity_looser,spine,2520,2880,7.450816923884758,1.9457084357135257,1.5978443592701936,False
/home/duanyuhan/dyh/motion/MotionRe/base_mobileposer/data/raw/DIP_IMU/s_08/02.pkl,s_08,sensitivity_looser,hip_knee,2520,3000,5.271865873760236,1.242871413521164,1.8510102731500817,False
/home/duanyuhan/dyh/motion/MotionRe/base_mobileposer/data/raw/DIP_IMU/s_08/02.pkl,s_08,sensitivity_looser,spine,2520,3000,5.271865873760236,1.242871413521164,2.5734910088473186,False
/home/duanyuhan/dyh/motion/MotionRe/base_mobileposer/data/raw/DIP_IMU/s_08/02.pkl,s_08,sensitivity_looser,hip_knee,2520,3120,5.830298817060823,1.4764447988013734,3.096750702515269,False
/home/duanyuhan/dyh/motion/MotionRe/base_mobileposer/data/raw/DIP_IMU/s_08/02.pkl,s_08,sensitivity_looser,spine,2520,3120,5.830298817060823,1.4764447988013734,2.1268539811293796,False
/home/duanyuhan/dyh/motion/MotionRe/base_mobileposer/data/raw/DIP_IMU/s_08/02.pkl,s_08,sensitivity_looser,hip_knee,2520,3360,13.571528099243414,1.4520726433099098,11.579588812453984,False
/home/duanyuhan/dyh/motion/MotionRe/base_mobileposer/data/raw/DIP_IMU/s_08/02.pkl,s_08,sensitivity_looser,spine,2520,3360,13.571528099243414,1.4520726433099098,1.42558993919754,False
/home/duanyuhan/dyh/motion/MotionRe/base_mobileposer/data/raw/DIP_IMU/s_08/02.pkl,s_08,sensitivity_looser,hip_knee,2520,3930,16.291474313723988,1.4548925046774543,7.249518970120233,False
/home/duanyuhan/dyh/motion/MotionRe/base_mobileposer/data/raw/DIP_IMU/s_08/02.pkl,s_08,sensitivity_looser,spine,2520,3930,16.291474313723988,1.4548925046774543,1.6800899472915578,False
/home/duanyuhan/dyh/motion/MotionRe/base_mobileposer/data/raw/DIP_IMU/s_08/02.pkl,s_08,sensitivity_looser,hip_knee,2520,4140,16.677467278198883,1.688441502405051,13.09325762376301,False
/home/duanyuhan/dyh/motion/MotionRe/base_mobileposer/data/raw/DIP_IMU/s_08/02.pkl,s_08,sensitivity_looser,spine,2520,4140,16.677467278198883,1.688441502405051,1.3675589567033926,False
/home/duanyuhan/dyh/motion/MotionRe/base_mobileposer/data/raw/DIP_IMU/s_08/02.pkl,s_08,sensitivity_looser,hip_knee,2520,4200,18.214797706739926,1.85311881583599,8.24531294479977,False
/home/duanyuhan/dyh/motion/MotionRe/base_mobileposer/data/raw/DIP_IMU/s_08/02.pkl,s_08,sensitivity_looser,spine,2520,4200,18.214797706739926,1.85311881583599,0.7793873705427052,False
/home/duanyuhan/dyh/motion/MotionRe/base_mobileposer/data/raw/DIP_IMU/s_08/02.pkl,s_08,sensitivity_looser,hip_knee,2520,4260,15.140057850975221,1.209272081079045,9.048523095836549,False
/home/duanyuhan/dyh/motion/MotionRe/base_mobileposer/data/raw/DIP_IMU/s_08/02.pkl,s_08,sensitivity_looser,spine,2520,4260,15.140057850975221,1.209272081079045,1.657266961268155,False
/home/duanyuhan/dyh/motion/MotionRe/base_mobileposer/data/raw/DIP_IMU/s_08/02.pkl,s_08,sensitivity_looser,hip_knee,2520,4320,14.373437567162508,1.7613593774352163,8.011521841582365,False
/home/duanyuhan/dyh/motion/MotionRe/base_mobileposer/data/raw/DIP_IMU/s_08/02.pkl,s_08,sensitivity_looser,spine,2520,4320,14.373437567162508,1.7613593774352163,1.2182149302115854,False
/home/duanyuhan/dyh/motion/MotionRe/base_mobileposer/data/raw/DIP_IMU/s_08/02.pkl,s_08,sensitivity_looser,hip_knee,2520,4380,15.630592768816499,1.7867663368312263,6.87977099916328,False
/home/duanyuhan/dyh/motion/MotionRe/base_mobileposer/data/raw/DIP_IMU/s_08/02.pkl,s_08,sensitivity_looser,spine,2520,4380,15.630592768816499,1.7867663368312263,0.989757597836209,False
/home/duanyuhan/dyh/motion/MotionRe/base_mobileposer/data/raw/DIP_IMU/s_08/02.pkl,s_08,sensitivity_looser,hip_knee,2520,4500,16.398669593886645,1.974922976072922,11.985685054895724,False
/home/duanyuhan/dyh/motion/MotionRe/base_mobileposer/data/raw/DIP_IMU/s_08/02.pkl,s_08,sensitivity_looser,spine,2520,4500,16.398669593886645,1.974922976072922,2.3669761158494453,False
/home/duanyuhan/dyh/motion/MotionRe/base_mobileposer/data/raw/DIP_IMU/s_08/02.pkl,s_08,sensitivity_looser,hip_knee,2520,6690,17.464783200976964,1.9443010971481927,31.968460643822795,True
/home/duanyuhan/dyh/motion/MotionRe/base_mobileposer/data/raw/DIP_IMU/s_08/02.pkl,s_08,sensitivity_looser,spine,2520,6690,17.464783200976964,1.9443010971481927,4.8882490061660855,False
/home/duanyuhan/dyh/motion/MotionRe/base_mobileposer/data/raw/DIP_IMU/s_08/02.pkl,s_08,sensitivity_looser,hip_knee,2550,3030,4.170442713493441,0.9743380890163941,2.527678196418803,False
/home/duanyuhan/dyh/motion/MotionRe/base_mobileposer/data/raw/DIP_IMU/s_08/02.pkl,s_08,sensitivity_looser,spine,2550,3030,4.170442713493441,0.9743380890163941,1.4563744581292595,False
/home/duanyuhan/dyh/motion/MotionRe/base_mobileposer/data/raw/DIP_IMU/s_08/02.pkl,s_08,sensitivity_looser,hip_knee,2550,3960,12.186824319432906,1.73748001430158,6.491391177164883,False
/home/duanyuhan/dyh/motion/MotionRe/base_mobileposer/data/raw/DIP_IMU/s_08/02.pkl,s_08,sensitivity_looser,spine,2550,3960,12.186824319432906,1.73748001430158,2.2017062368485596,False
/home/duanyuhan/dyh/motion/MotionRe/base_mobileposer/data/raw/DIP_IMU/s_08/02.pkl,s_08,sensitivity_looser,hip_knee,2580,2880,14.078943628448886,1.5363666698314562,11.841328869258689,False
/home/duanyuhan/dyh/motion/MotionRe/base_mobileposer/data/raw/DIP_IMU/s_08/02.pkl,s_08,sensitivity_looser,spine,2580,2880,14.078943628448886,1.5363666698314562,2.21761516379003,False
/home/duanyuhan/dyh/motion/MotionRe/base_mobileposer/data/raw/DIP_IMU/s_08/02.pkl,s_08,sensitivity_looser,hip_knee,2580,2940,3.0559112516360756,1.6893862974676175,3.801779462364485,False
/home/duanyuhan/dyh/motion/MotionRe/base_mobileposer/data/raw/DIP_IMU/s_08/02.pkl,s_08,sensitivity_looser,spine,2580,2940,3.0559112516360756,1.6893862974676175,1.0041213927608503,False
/home/duanyuhan/dyh/motion/MotionRe/base_mobileposer/data/raw/DIP_IMU/s_08/02.pkl,s_08,sensitivity_looser,hip_knee,2580,3000,7.5710673070945,0.9417517137623621,7.83385523593895,False
/home/duanyuhan/dyh/motion/MotionRe/base_mobileposer/data/raw/DIP_IMU/s_08/02.pkl,s_08,sensitivity_looser,spine,2580,3000,7.5710673070945,0.9417517137623621,2.5291115870655396,False
/home/duanyuhan/dyh/motion/MotionRe/base_mobileposer/data/raw/DIP_IMU/s_08/02.pkl,s_08,sensitivity_looser,hip_knee,2580,3120,10.890472440612156,1.7038140565710997,8.747217104972911,False
/home/duanyuhan/dyh/motion/MotionRe/base_mobileposer/data/raw/DIP_IMU/s_08/02.pkl,s_08,sensitivity_looser,spine,2580,3120,10.890472440612156,1.7038140565710997,2.099694533216562,False
/home/duanyuhan/dyh/motion/MotionRe/base_mobileposer/data/raw/DIP_IMU/s_08/02.pkl,s_08,sensitivity_looser,hip_knee,2580,3360,19.050376720581756,1.6038690508451523,17.640996468784117,False
/home/duanyuhan/dyh/motion/MotionRe/base_mobileposer/data/raw/DIP_IMU/s_08/02.pkl,s_08,sensitivity_looser,spine,2580,3360,19.050376720581756,1.6038690508451523,1.8931108677816708,False
/home/duanyuhan/dyh/motion/MotionRe/base_mobileposer/data/raw/DIP_IMU/s_08/02.pkl,s_08,sensitivity_looser,hip_knee,2580,3420,14.296058488947788,1.35558506936619,11.149806527946831,False
/home/duanyuhan/dyh/motion/MotionRe/base_mobileposer/data/raw/DIP_IMU/s_08/02.pkl,s_08,sensitivity_looser,spine,2580,3420,14.296058488947788,1.35558506936619,2.056440741991539,False
/home/duanyuhan/dyh/motion/MotionRe/base_mobileposer/data/raw/DIP_IMU/s_08/02.pkl,s_08,sensitivity_looser,hip_knee,2580,3540,17.56229061786065,1.4465370285782337,10.683694582488954,False
/home/duanyuhan/dyh/motion/MotionRe/base_mobileposer/data/raw/DIP_IMU/s_08/02.pkl,s_08,sensitivity_looser,spine,2580,3540,17.56229061786065,1.4465370285782337,1.4423654139709579,False
/home/duanyuhan/dyh/motion/MotionRe/base_mobileposer/data/raw/DIP_IMU/s_08/02.pkl,s_08,sensitivity_looser,hip_knee,2580,3570,18.155406516389267,1.6173359514374461,10.180947373678489,False
/home/duanyuhan/dyh/motion/MotionRe/base_mobileposer/data/raw/DIP_IMU/s_08/02.pkl,s_08,sensitivity_looser,spine,2580,3570,18.155406516389267,1.6173359514374461,3.4907131444316697,False
/home/duanyuhan/dyh/motion/MotionRe/base_mobileposer/data/raw/DIP_IMU/s_08/02.pkl,s_08,sensitivity_looser,hip_knee,2580,3870,16.16736248030794,1.3090650042282777,9.117373942846314,False
/home/duanyuhan/dyh/motion/MotionRe/base_mobileposer/data/raw/DIP_IMU/s_08/02.pkl,s_08,sensitivity_looser,spine,2580,3870,16.16736248030794,1.3090650042282777,0.7769062086175632,False
/home/duanyuhan/dyh/motion/MotionRe/base_mobileposer/data/raw/DIP_IMU/s_08/02.pkl,s_08,sensitivity_looser,hip_knee,2580,3930,19.07845779712979,1.0613456405127137,10.756046288458018,False
/home/duanyuhan/dyh/motion/MotionRe/base_mobileposer/data/raw/DIP_IMU/s_08/02.pkl,s_08,sensitivity_looser,spine,2580,3930,19.07845779712979,1.0613456405127137,1.3762492056199545,False
/home/duanyuhan/dyh/motion/MotionRe/base_mobileposer/data/raw/DIP_IMU/s_08/02.pkl,s_08,sensitivity_looser,hip_knee,2580,3990,13.838987987713589,1.7307959065424146,7.052835826036476,False
/home/duanyuhan/dyh/motion/MotionRe/base_mobileposer/data/raw/DIP_IMU/s_08/02.pkl,s_08,sensitivity_looser,spine,2580,3990,13.838987987713589,1.7307959065424146,1.2069744399573377,False
/home/duanyuhan/dyh/motion/MotionRe/base_mobileposer/data/raw/DIP_IMU/s_08/02.pkl,s_08,sensitivity_looser,hip_knee,2580,4140,14.878416020526918,1.3743419345448282,7.8827654216058605,False
/home/duanyuhan/dyh/motion/MotionRe/base_mobileposer/data/raw/DIP_IMU/s_08/02.pkl,s_08,sensitivity_looser,spine,2580,4140,14.878416020526918,1.3743419345448282,1.2683693308131831,False
/home/duanyuhan/dyh/motion/MotionRe/base_mobileposer/data/raw/DIP_IMU/s_08/02.pkl,s_08,sensitivity_looser,hip_knee,2580,4200,19.010898631246437,1.9112419230655433,13.131924149969908,False
/home/duanyuhan/dyh/motion/MotionRe/base_mobileposer/data/raw/DIP_IMU/s_08/02.pkl,s_08,sensitivity_looser,spine,2580,4200,19.010898631246437,1.9112419230655433,1.9924817436776199,False
/home/duanyuhan/dyh/motion/MotionRe/base_mobileposer/data/raw/DIP_IMU/s_08/02.pkl,s_08,sensitivity_looser,hip_knee,2580,4260,15.811116860569614,1.1322787792209377,9.113188807638618,False
/home/duanyuhan/dyh/motion/MotionRe/base_mobileposer/data/raw/DIP_IMU/s_08/02.pkl,s_08,sensitivity_looser,spine,2580,4260,15.811116860569614,1.1322787792209377,1.0772342935693404,False
/home/duanyuhan/dyh/motion/MotionRe/base_mobileposer/data/raw/DIP_IMU/s_08/02.pkl,s_08,sensitivity_looser,hip_knee,2580,4380,17.58108226581483,1.6385473776469972,10.97442597052543,False
/home/duanyuhan/dyh/motion/MotionRe/base_mobileposer/data/raw/DIP_IMU/s_08/02.pkl,s_08,sensitivity_looser,spine,2580,4380,17.58108226581483,1.6385473776469972,1.3034070489269287,False
/home/duanyuhan/dyh/motion/MotionRe/base_mobileposer/data/raw/DIP_IMU/s_08/02.pkl,s_08,sensitivity_looser,hip_knee,2580,4500,16.644119887005637,0.9056796942859104,9.619208558939462,False
/home/duanyuhan/dyh/motion/MotionRe/base_mobileposer/data/raw/DIP_IMU/s_08/02.pkl,s_08,sensitivity_looser,spine,2580,4500,16.644119887005637,0.9056796942859104,0.8551003148904085,False
/home/duanyuhan/dyh/motion/MotionRe/base_mobileposer/data/raw/DIP_IMU/s_08/02.pkl,s_08,sensitivity_looser,hip_knee,2610,2970,5.903639475755277,1.701926397510089,6.212331524202337,False
/home/duanyuhan/dyh/motion/MotionRe/base_mobileposer/data/raw/DIP_IMU/s_08/02.pkl,s_08,sensitivity_looser,spine,2610,2970,5.903639475755277,1.701926397510089,1.934111078310804,False
/home/duanyuhan/dyh/motion/MotionRe/base_mobileposer/data/raw/DIP_IMU/s_08/02.pkl,s_08,sensitivity_looser,hip_knee,2610,3090,2.1088260293256287,1.327426074516805,3.2996451473849935,False
/home/duanyuhan/dyh/motion/MotionRe/base_mobileposer/data/raw/DIP_IMU/s_08/02.pkl,s_08,sensitivity_looser,spine,2610,3090,2.1088260293256287,1.327426074516805,1.1955906452571692,False
/home/duanyuhan/dyh/motion/MotionRe/base_mobileposer/data/raw/DIP_IMU/s_08/02.pkl,s_08,sensitivity_looser,hip_knee,2610,3330,17.913408655402037,1.114667132786908,10.8946336597721,False
/home/duanyuhan/dyh/motion/MotionRe/base_mobileposer/data/raw/DIP_IMU/s_08/02.pkl,s_08,sensitivity_looser,spine,2610,3330,17.913408655402037,1.114667132786908,2.503566656533726,False
/home/duanyuhan/dyh/motion/MotionRe/base_mobileposer/data/raw/DIP_IMU/s_08/02.pkl,s_08,sensitivity_looser,hip_knee,2610,3450,16.20892455428596,0.5929769553147884,10.095778845295525,False
/home/duanyuhan/dyh/motion/MotionRe/base_mobileposer/data/raw/DIP_IMU/s_08/02.pkl,s_08,sensitivity_looser,spine,2610,3450,16.20892455428596,0.5929769553147884,1.6595507733233432,False
/home/duanyuhan/dyh/motion/MotionRe/base_mobileposer/data/raw/DIP_IMU/s_08/02.pkl,s_08,sensitivity_looser,hip_knee,2610,3570,19.34479090148343,1.8140291128307138,11.687747998407074,False
/home/duanyuhan/dyh/motion/MotionRe/base_mobileposer/data/raw/DIP_IMU/s_08/02.pkl,s_08,sensitivity_looser,spine,2610,3570,19.34479090148343,1.8140291128307138,2.0440738289151765,False
/home/duanyuhan/dyh/motion/MotionRe/base_mobileposer/data/raw/DIP_IMU/s_08/02.pkl,s_08,sensitivity_looser,hip_knee,2610,3900,18.468746303302165,1.4545510893134717,10.679741644696524,False
/home/duanyuhan/dyh/motion/MotionRe/base_mobileposer/data/raw/DIP_IMU/s_08/02.pkl,s_08,sensitivity_looser,spine,2610,3900,18.468746303302165,1.4545510893134717,1.2416658461764236,False
/home/duanyuhan/dyh/motion/MotionRe/base_mobileposer/data/raw/DIP_IMU/s_08/02.pkl,s_08,sensitivity_looser,hip_knee,2610,3990,16.946272155143507,1.8362659187052395,12.535073245300925,False
/home/duanyuhan/dyh/motion/MotionRe/base_mobileposer/data/raw/DIP_IMU/s_08/02.pkl,s_08,sensitivity_looser,spine,2610,3990,16.946272155143507,1.8362659187052395,1.9652513196607622,False
/home/duanyuhan/dyh/motion/MotionRe/base_mobileposer/data/raw/DIP_IMU/s_08/02.pkl,s_08,sensitivity_looser,hip_knee,2610,4020,16.7250310323703,1.9126754091998388,9.233131706171918,False
/home/duanyuhan/dyh/motion/MotionRe/base_mobileposer/data/raw/DIP_IMU/s_08/02.pkl,s_08,sensitivity_looser,spine,2610,4020,16.7250310323703,1.9126754091998388,1.8213029629897441,False
/home/duanyuhan/dyh/motion/MotionRe/base_mobileposer/data/raw/DIP_IMU/s_08/02.pkl,s_08,sensitivity_looser,hip_knee,2610,4110,19.515561516245086,1.3098593932172495,10.736782488806671,False
/home/duanyuhan/dyh/motion/MotionRe/base_mobileposer/data/raw/DIP_IMU/s_08/02.pkl,s_08,sensitivity_looser,spine,2610,4110,19.515561516245086,1.3098593932172495,1.3952788798292886,False
/home/duanyuhan/dyh/motion/MotionRe/base_mobileposer/data/raw/DIP_IMU/s_08/02.pkl,s_08,sensitivity_looser,hip_knee,2610,4350,18.162013235663544,1.482719068650251,11.740295739544818,False
/home/duanyuhan/dyh/motion/MotionRe/base_mobileposer/data/raw/DIP_IMU/s_08/02.pkl,s_08,sensitivity_looser,spine,2610,4350,18.162013235663544,1.482719068650251,2.9555996353476814,False
/home/duanyuhan/dyh/motion/MotionRe/base_mobileposer/data/raw/DIP_IMU/s_08/02.pkl,s_08,sensitivity_looser,hip_knee,2640,2940,18.351257458198674,1.747979360401011,19.198124797280975,False
/home/duanyuhan/dyh/motion/MotionRe/base_mobileposer/data/raw/DIP_IMU/s_08/02.pkl,s_08,sensitivity_looser,spine,2640,2940,18.351257458198674,1.747979360401011,1.5532895170399188,False
/home/duanyuhan/dyh/motion/MotionRe/base_mobileposer/data/raw/DIP_IMU/s_08/02.pkl,s_08,sensitivity_looser,hip_knee,2640,3000,9.775936903748658,1.6139441888913393,7.8737878247253335,False
/home/duanyuhan/dyh/motion/MotionRe/base_mobileposer/data/raw/DIP_IMU/s_08/02.pkl,s_08,sensitivity_looser,spine,2640,3000,9.775936903748658,1.6139441888913393,2.134062794536017,False
/home/duanyuhan/dyh/motion/MotionRe/base_mobileposer/data/raw/DIP_IMU/s_08/02.pkl,s_08,sensitivity_looser,hip_knee,2640,3360,10.025404527471299,1.1851255401529555,5.539344041978355,False
/home/duanyuhan/dyh/motion/MotionRe/base_mobileposer/data/raw/DIP_IMU/s_08/02.pkl,s_08,sensitivity_looser,spine,2640,3360,10.025404527471299,1.1851255401529555,1.2622406649809563,False
/home/duanyuhan/dyh/motion/MotionRe/base_mobileposer/data/raw/DIP_IMU/s_08/02.pkl,s_08,sensitivity_looser,hip_knee,2640,3480,16.20568608165359,1.0488853070319548,9.225006604805372,False
/home/duanyuhan/dyh/motion/MotionRe/base_mobileposer/data/raw/DIP_IMU/s_08/02.pkl,s_08,sensitivity_looser,spine,2640,3480,16.20568608165359,1.0488853070319548,1.9198731738403583,False
/home/duanyuhan/dyh/motion/MotionRe/base_mobileposer/data/raw/DIP_IMU/s_08/02.pkl,s_08,sensitivity_looser,hip_knee,2640,3630,12.793681583379525,1.6925905607808323,6.92455723159281,False
/home/duanyuhan/dyh/motion/MotionRe/base_mobileposer/data/raw/DIP_IMU/s_08/02.pkl,s_08,sensitivity_looser,spine,2640,3630,12.793681583379525,1.6925905607808323,2.5007043553065547,False
/home/duanyuhan/dyh/motion/MotionRe/base_mobileposer/data/raw/DIP_IMU/s_08/02.pkl,s_08,sensitivity_looser,hip_knee,2640,3870,15.73946785392289,1.1519105907472686,14.254319283436237,False
/home/duanyuhan/dyh/motion/MotionRe/base_mobileposer/data/raw/DIP_IMU/s_08/02.pkl,s_08,sensitivity_looser,spine,2640,3870,15.73946785392289,1.1519105907472686,1.1940118507515907,False
/home/duanyuhan/dyh/motion/MotionRe/base_mobileposer/data/raw/DIP_IMU/s_08/02.pkl,s_08,sensitivity_looser,hip_knee,2640,3930,14.953100780970459,0.8764689189364018,14.64271151552747,False
/home/duanyuhan/dyh/motion/MotionRe/base_mobileposer/data/raw/DIP_IMU/s_08/02.pkl,s_08,sensitivity_looser,spine,2640,3930,14.953100780970459,0.8764689189364018,1.3905317760265692,False
/home/duanyuhan/dyh/motion/MotionRe/base_mobileposer/data/raw/DIP_IMU/s_08/02.pkl,s_08,sensitivity_looser,hip_knee,2640,3990,18.31098065389885,1.625194197728707,20.663447446835058,True
/home/duanyuhan/dyh/motion/MotionRe/base_mobileposer/data/raw/DIP_IMU/s_08/02.pkl,s_08,sensitivity_looser,spine,2640,3990,18.31098065389885,1.625194197728707,1.874158698478482,False
/home/duanyuhan/dyh/motion/MotionRe/base_mobileposer/data/raw/DIP_IMU/s_08/02.pkl,s_08,sensitivity_looser,hip_knee,2640,4050,14.652070214286706,1.154569702858598,7.434653166430694,False
/home/duanyuhan/dyh/motion/MotionRe/base_mobileposer/data/raw/DIP_IMU/s_08/02.pkl,s_08,sensitivity_looser,spine,2640,4050,14.652070214286706,1.154569702858598,1.9574337590035473,False
/home/duanyuhan/dyh/motion/MotionRe/base_mobileposer/data/raw/DIP_IMU/s_08/02.pkl,s_08,sensitivity_looser,hip_knee,2640,4200,17.866162920195354,1.2600935005738798,9.819712421414883,False
/home/duanyuhan/dyh/motion/MotionRe/base_mobileposer/data/raw/DIP_IMU/s_08/02.pkl,s_08,sensitivity_looser,spine,2640,4200,17.866162920195354,1.2600935005738798,1.1333552989046898,False
/home/duanyuhan/dyh/motion/MotionRe/base_mobileposer/data/raw/DIP_IMU/s_08/02.pkl,s_08,sensitivity_looser,hip_knee,2640,4260,16.798443310773713,1.4370762317471195,17.215941054917906,False
/home/duanyuhan/dyh/motion/MotionRe/base_mobileposer/data/raw/DIP_IMU/s_08/02.pkl,s_08,sensitivity_looser,spine,2640,4260,16.798443310773713,1.4370762317471195,1.1701478681615447,False
/home/duanyuhan/dyh/motion/MotionRe/base_mobileposer/data/raw/DIP_IMU/s_08/02.pkl,s_08,sensitivity_looser,hip_knee,2640,4320,15.210414006606433,1.555330941895336,15.08048767351319,False
/home/duanyuhan/dyh/motion/MotionRe/base_mobileposer/data/raw/DIP_IMU/s_08/02.pkl,s_08,sensitivity_looser,spine,2640,4320,15.210414006606433,1.555330941895336,1.2580570540098626,False
/home/duanyuhan/dyh/motion/MotionRe/base_mobileposer/data/raw/DIP_IMU/s_08/02.pkl,s_08,sensitivity_looser,hip_knee,2640,4380,15.427652952231794,1.1836739788906714,13.118807524704918,False
/home/duanyuhan/dyh/motion/MotionRe/base_mobileposer/data/raw/DIP_IMU/s_08/02.pkl,s_08,sensitivity_looser,spine,2640,4380,15.427652952231794,1.1836739788906714,0.9730699262448671,False
/home/duanyuhan/dyh/motion/MotionRe/base_mobileposer/data/raw/DIP_IMU/s_08/02.pkl,s_08,sensitivity_looser,hip_knee,2640,4440,12.821888729051004,1.6498265469705231,9.972204244145978,False
/home/duanyuhan/dyh/motion/MotionRe/base_mobileposer/data/raw/DIP_IMU/s_08/02.pkl,s_08,sensitivity_looser,spine,2640,4440,12.821888729051004,1.6498265469705231,1.886754779559426,False
/home/duanyuhan/dyh/motion/MotionRe/base_mobileposer/data/raw/DIP_IMU/s_08/02.pkl,s_08,sensitivity_looser,hip_knee,2640,5610,14.305221225291904,1.8486552046497466,11.236911799977433,False
/home/duanyuhan/dyh/motion/MotionRe/base_mobileposer/data/raw/DIP_IMU/s_08/02.pkl,s_08,sensitivity_looser,spine,2640,5610,14.305221225291904,1.8486552046497466,1.8974985392944694,False
/home/duanyuhan/dyh/motion/MotionRe/base_mobileposer/data/raw/DIP_IMU/s_08/02.pkl,s_08,sensitivity_looser,hip_knee,2670,3030,7.2961639113590575,0.9695966711003322,3.6377729179487064,False
/home/duanyuhan/dyh/motion/MotionRe/base_mobileposer/data/raw/DIP_IMU/s_08/02.pkl,s_08,sensitivity_looser,spine,2670,3030,7.2961639113590575,0.9695966711003322,1.9420671436678634,False
/home/duanyuhan/dyh/motion/MotionRe/base_mobileposer/data/raw/DIP_IMU/s_08/02.pkl,s_08,sensitivity_looser,hip_knee,2670,3840,16.794868355359466,1.367639951839284,6.734551120328529,False
/home/duanyuhan/dyh/motion/MotionRe/base_mobileposer/data/raw/DIP_IMU/s_08/02.pkl,s_08,sensitivity_looser,spine,2670,3840,16.794868355359466,1.367639951839284,1.843585424696557,False
/home/duanyuhan/dyh/motion/MotionRe/base_mobileposer/data/raw/DIP_IMU/s_08/02.pkl,s_08,sensitivity_looser,hip_knee,2670,4170,19.4769674183695,1.5750643905002613,7.235299305863415,False
/home/duanyuhan/dyh/motion/MotionRe/base_mobileposer/data/raw/DIP_IMU/s_08/02.pkl,s_08,sensitivity_looser,spine,2670,4170,19.4769674183695,1.5750643905002613,1.565253972805167,False
/home/duanyuhan/dyh/motion/MotionRe/base_mobileposer/data/raw/DIP_IMU/s_08/02.pkl,s_08,sensitivity_looser,hip_knee,2670,4290,13.119427053427627,1.0660614723468764,6.513810575373314,False
/home/duanyuhan/dyh/motion/MotionRe/base_mobileposer/data/raw/DIP_IMU/s_08/02.pkl,s_08,sensitivity_looser,spine,2670,4290,13.119427053427627,1.0660614723468764,1.2950731172255021,False
/home/duanyuhan/dyh/motion/MotionRe/base_mobileposer/data/raw/DIP_IMU/s_08/02.pkl,s_08,sensitivity_looser,hip_knee,2730,3090,5.538865555434394,1.088877549863209,2.216331281840708,False
/home/duanyuhan/dyh/motion/MotionRe/base_mobileposer/data/raw/DIP_IMU/s_08/02.pkl,s_08,sensitivity_looser,spine,2730,3090,5.538865555434394,1.088877549863209,0.2518984534907474,False
/home/duanyuhan/dyh/motion/MotionRe/base_mobileposer/data/raw/DIP_IMU/s_08/02.pkl,s_08,sensitivity_looser,hip_knee,2730,3330,15.612705848591881,1.9273794056197713,8.862063354376486,False
/home/duanyuhan/dyh/motion/MotionRe/base_mobileposer/data/raw/DIP_IMU/s_08/02.pkl,s_08,sensitivity_looser,spine,2730,3330,15.612705848591881,1.9273794056197713,1.7211639641851209,False
/home/duanyuhan/dyh/motion/MotionRe/base_mobileposer/data/raw/DIP_IMU/s_08/02.pkl,s_08,sensitivity_looser,hip_knee,2730,3900,19.640590292065376,1.7082341382633206,8.793758174999624,False
/home/duanyuhan/dyh/motion/MotionRe/base_mobileposer/data/raw/DIP_IMU/s_08/02.pkl,s_08,sensitivity_looser,spine,2730,3900,19.640590292065376,1.7082341382633206,1.7591542524185542,False
/home/duanyuhan/dyh/motion/MotionRe/base_mobileposer/data/raw/DIP_IMU/s_08/02.pkl,s_08,sensitivity_looser,hip_knee,2730,4020,16.95008991392206,1.5290395061551987,8.990175763755765,False
/home/duanyuhan/dyh/motion/MotionRe/base_mobileposer/data/raw/DIP_IMU/s_08/02.pkl,s_08,sensitivity_looser,spine,2730,4020,16.95008991392206,1.5290395061551987,1.7127103592736737,False
/home/duanyuhan/dyh/motion/MotionRe/base_mobileposer/data/raw/DIP_IMU/s_08/02.pkl,s_08,sensitivity_looser,hip_knee,2730,4350,18.73859730582031,1.5726675176808527,10.262631665399422,False
/home/duanyuhan/dyh/motion/MotionRe/base_mobileposer/data/raw/DIP_IMU/s_08/02.pkl,s_08,sensitivity_looser,spine,2730,4350,18.73859730582031,1.5726675176808527,2.0805988605186805,False
/home/duanyuhan/dyh/motion/MotionRe/base_mobileposer/data/raw/DIP_IMU/s_08/02.pkl,s_08,sensitivity_looser,hip_knee,2760,3360,11.891168288292535,1.7611804024431883,6.284910447164666,False
/home/duanyuhan/dyh/motion/MotionRe/base_mobileposer/data/raw/DIP_IMU/s_08/02.pkl,s_08,sensitivity_looser,spine,2760,3360,11.891168288292535,1.7611804024431883,2.165945132200639,False
/home/duanyuhan/dyh/motion/MotionRe/base_mobileposer/data/raw/DIP_IMU/s_08/02.pkl,s_08,sensitivity_looser,hip_knee,2760,3480,16.333692774872173,1.2453515337899888,9.968265606362865,False
/home/duanyuhan/dyh/motion/MotionRe/base_mobileposer/data/raw/DIP_IMU/s_08/02.pkl,s_08,sensitivity_looser,spine,2760,3480,16.333692774872173,1.2453515337899888,3.1409517054472467,False
/home/duanyuhan/dyh/motion/MotionRe/base_mobileposer/data/raw/DIP_IMU/s_08/02.pkl,s_08,sensitivity_looser,hip_knee,2760,3600,15.90108460667286,1.7981273584320665,12.144214193369208,False
/home/duanyuhan/dyh/motion/MotionRe/base_mobileposer/data/raw/DIP_IMU/s_08/02.pkl,s_08,sensitivity_looser,spine,2760,3600,15.90108460667286,1.7981273584320665,2.3603344977688123,False
/home/duanyuhan/dyh/motion/MotionRe/base_mobileposer/data/raw/DIP_IMU/s_08/02.pkl,s_08,sensitivity_looser,hip_knee,2760,3630,13.60671060890712,1.8991183618080831,7.648232476556569,False
/home/duanyuhan/dyh/motion/MotionRe/base_mobileposer/data/raw/DIP_IMU/s_08/02.pkl,s_08,sensitivity_looser,spine,2760,3630,13.60671060890712,1.8991183618080831,1.3038696473018832,False
/home/duanyuhan/dyh/motion/MotionRe/base_mobileposer/data/raw/DIP_IMU/s_08/02.pkl,s_08,sensitivity_looser,hip_knee,2760,3870,17.790274011600133,1.8999940485848907,14.499718173086098,False
/home/duanyuhan/dyh/motion/MotionRe/base_mobileposer/data/raw/DIP_IMU/s_08/02.pkl,s_08,sensitivity_looser,spine,2760,3870,17.790274011600133,1.8999940485848907,2.5262127602348685,False
/home/duanyuhan/dyh/motion/MotionRe/base_mobileposer/data/raw/DIP_IMU/s_08/02.pkl,s_08,sensitivity_looser,hip_knee,2760,3930,16.790528596221407,1.4353548996559957,14.82709022187285,False
/home/duanyuhan/dyh/motion/MotionRe/base_mobileposer/data/raw/DIP_IMU/s_08/02.pkl,s_08,sensitivity_looser,spine,2760,3930,16.790528596221407,1.4353548996559957,2.4952949966846503,False
/home/duanyuhan/dyh/motion/MotionRe/base_mobileposer/data/raw/DIP_IMU/s_08/02.pkl,s_08,sensitivity_looser,hip_knee,2760,4050,14.923889058258057,1.7618275641710428,7.976037443608238,False
/home/duanyuhan/dyh/motion/MotionRe/base_mobileposer/data/raw/DIP_IMU/s_08/02.pkl,s_08,sensitivity_looser,spine,2760,4050,14.923889058258057,1.7618275641710428,2.2206583896546905,False
/home/duanyuhan/dyh/motion/MotionRe/base_mobileposer/data/raw/DIP_IMU/s_08/02.pkl,s_08,sensitivity_looser,hip_knee,2760,4080,16.563826035089065,1.9394701155034924,11.522377269765903,False
/home/duanyuhan/dyh/motion/MotionRe/base_mobileposer/data/raw/DIP_IMU/s_08/02.pkl,s_08,sensitivity_looser,spine,2760,4080,16.563826035089065,1.9394701155034924,2.017636160695877,False
/home/duanyuhan/dyh/motion/MotionRe/base_mobileposer/data/raw/DIP_IMU/s_08/02.pkl,s_08,sensitivity_looser,hip_knee,2760,4200,16.776644034148767,1.6276470271956378,10.43649849995433,False
/home/duanyuhan/dyh/motion/MotionRe/base_mobileposer/data/raw/DIP_IMU/s_08/02.pkl,s_08,sensitivity_looser,spine,2760,4200,16.776644034148767,1.6276470271956378,1.2196037070861008,False
/home/duanyuhan/dyh/motion/MotionRe/base_mobileposer/data/raw/DIP_IMU/s_08/02.pkl,s_08,sensitivity_looser,hip_knee,2760,4380,17.540436678560123,1.878245971045145,13.53235973494638,False
/home/duanyuhan/dyh/motion/MotionRe/base_mobileposer/data/raw/DIP_IMU/s_08/02.pkl,s_08,sensitivity_looser,spine,2760,4380,17.540436678560123,1.878245971045145,1.5872845195851475,False
/home/duanyuhan/dyh/motion/MotionRe/base_mobileposer/data/raw/DIP_IMU/s_08/02.pkl,s_08,sensitivity_looser,hip_knee,2760,4440,14.525038620014817,1.9883115754314897,10.725155752426302,False
/home/duanyuhan/dyh/motion/MotionRe/base_mobileposer/data/raw/DIP_IMU/s_08/02.pkl,s_08,sensitivity_looser,spine,2760,4440,14.525038620014817,1.9883115754314897,3.2390891487197906,False
/home/duanyuhan/dyh/motion/MotionRe/base_mobileposer/data/raw/DIP_IMU/s_08/02.pkl,s_08,sensitivity_looser,hip_knee,2790,3120,12.230980969350362,1.2091961646260942,15.530586567631962,False
/home/duanyuhan/dyh/motion/MotionRe/base_mobileposer/data/raw/DIP_IMU/s_08/02.pkl,s_08,sensitivity_looser,spine,2790,3120,12.230980969350362,1.2091961646260942,1.270984194813029,False
/home/duanyuhan/dyh/motion/MotionRe/base_mobileposer/data/raw/DIP_IMU/s_08/02.pkl,s_08,sensitivity_looser,hip_knee,2790,3270,12.877741435436876,1.879704898963258,11.638018158654585,False
/home/duanyuhan/dyh/motion/MotionRe/base_mobileposer/data/raw/DIP_IMU/s_08/02.pkl,s_08,sensitivity_looser,spine,2790,3270,12.877741435436876,1.879704898963258,2.4733344677068043,False
/home/duanyuhan/dyh/motion/MotionRe/base_mobileposer/data/raw/DIP_IMU/s_08/02.pkl,s_08,sensitivity_looser,hip_knee,2790,3360,12.425242308421055,1.380193972623604,11.09767207685663,False
/home/duanyuhan/dyh/motion/MotionRe/base_mobileposer/data/raw/DIP_IMU/s_08/02.pkl,s_08,sensitivity_looser,spine,2790,3360,12.425242308421055,1.380193972623604,0.6612291962805261,False
/home/duanyuhan/dyh/motion/MotionRe/base_mobileposer/data/raw/DIP_IMU/s_08/02.pkl,s_08,sensitivity_looser,hip_knee,2790,3600,13.616792792429605,1.4750560914660709,6.5856029494340245,False
/home/duanyuhan/dyh/motion/MotionRe/base_mobileposer/data/raw/DIP_IMU/s_08/02.pkl,s_08,sensitivity_looser,spine,2790,3600,13.616792792429605,1.4750560914660709,1.7521540095087103,False
/home/duanyuhan/dyh/motion/MotionRe/base_mobileposer/data/raw/DIP_IMU/s_08/02.pkl,s_08,sensitivity_looser,hip_knee,2790,3870,19.399747738908214,1.8234437861655721,22.212069570381747,True
/home/duanyuhan/dyh/motion/MotionRe/base_mobileposer/data/raw/DIP_IMU/s_08/02.pkl,s_08,sensitivity_looser,spine,2790,3870,19.399747738908214,1.8234437861655721,1.798030981110679,False
/home/duanyuhan/dyh/motion/MotionRe/base_mobileposer/data/raw/DIP_IMU/s_08/02.pkl,s_08,sensitivity_looser,hip_knee,2790,3930,17.41083694019148,1.393039435586258,22.78221905243966,True
/home/duanyuhan/dyh/motion/MotionRe/base_mobileposer/data/raw/DIP_IMU/s_08/02.pkl,s_08,sensitivity_looser,spine,2790,3930,17.41083694019148,1.393039435586258,1.6144500258814602,False
/home/duanyuhan/dyh/motion/MotionRe/base_mobileposer/data/raw/DIP_IMU/s_08/02.pkl,s_08,sensitivity_looser,hip_knee,2790,4050,13.021547396658969,1.1036065126447387,9.649375100297318,False
/home/duanyuhan/dyh/motion/MotionRe/base_mobileposer/data/raw/DIP_IMU/s_08/02.pkl,s_08,sensitivity_looser,spine,2790,4050,13.021547396658969,1.1036065126447387,1.5336715264537446,False
/home/duanyuhan/dyh/motion/MotionRe/base_mobileposer/data/raw/DIP_IMU/s_08/02.pkl,s_08,sensitivity_looser,hip_knee,2790,4080,14.137218150779391,1.8536984639424248,7.380986778869083,False
/home/duanyuhan/dyh/motion/MotionRe/base_mobileposer/data/raw/DIP_IMU/s_08/02.pkl,s_08,sensitivity_looser,spine,2790,4080,14.137218150779391,1.8536984639424248,1.4059538996831096,False
/home/duanyuhan/dyh/motion/MotionRe/base_mobileposer/data/raw/DIP_IMU/s_08/02.pkl,s_08,sensitivity_looser,hip_knee,2790,4320,18.76973980617309,1.8333342522684366,22.971658455198387,True
/home/duanyuhan/dyh/motion/MotionRe/base_mobileposer/data/raw/DIP_IMU/s_08/02.pkl,s_08,sensitivity_looser,spine,2790,4320,18.76973980617309,1.8333342522684366,2.1587681162791608,False
/home/duanyuhan/dyh/motion/MotionRe/base_mobileposer/data/raw/DIP_IMU/s_08/02.pkl,s_08,sensitivity_looser,hip_knee,2790,4380,18.51408685813413,1.5853375847005908,21.126981509187658,True
/home/duanyuhan/dyh/motion/MotionRe/base_mobileposer/data/raw/DIP_IMU/s_08/02.pkl,s_08,sensitivity_looser,spine,2790,4380,18.51408685813413,1.5853375847005908,1.615518898098845,False
/home/duanyuhan/dyh/motion/MotionRe/base_mobileposer/data/raw/DIP_IMU/s_08/02.pkl,s_08,sensitivity_looser,hip_knee,2790,4440,14.738890715994419,1.8314063828137301,17.46194801973339,False
/home/duanyuhan/dyh/motion/MotionRe/base_mobileposer/data/raw/DIP_IMU/s_08/02.pkl,s_08,sensitivity_looser,spine,2790,4440,14.738890715994419,1.8314063828137301,1.9048634973159768,False
/home/duanyuhan/dyh/motion/MotionRe/base_mobileposer/data/raw/DIP_IMU/s_08/02.pkl,s_08,sensitivity_looser,hip_knee,2820,3420,14.598713511217912,1.5901897235742803,8.851201634884664,False
/home/duanyuhan/dyh/motion/MotionRe/base_mobileposer/data/raw/DIP_IMU/s_08/02.pkl,s_08,sensitivity_looser,spine,2820,3420,14.598713511217912,1.5901897235742803,2.42588822618796,False
/home/duanyuhan/dyh/motion/MotionRe/base_mobileposer/data/raw/DIP_IMU/s_08/02.pkl,s_08,sensitivity_looser,hip_knee,2820,3570,18.736290220256844,1.5767434653456605,8.411339104450194,False
/home/duanyuhan/dyh/motion/MotionRe/base_mobileposer/data/raw/DIP_IMU/s_08/02.pkl,s_08,sensitivity_looser,spine,2820,3570,18.736290220256844,1.5767434653456605,3.7738864136250343,False
/home/duanyuhan/dyh/motion/MotionRe/base_mobileposer/data/raw/DIP_IMU/s_08/02.pkl,s_08,sensitivity_looser,hip_knee,2820,4140,15.536390848671324,1.6847107936350068,9.067248163780025,False
/home/duanyuhan/dyh/motion/MotionRe/base_mobileposer/data/raw/DIP_IMU/s_08/02.pkl,s_08,sensitivity_looser,spine,2820,4140,15.536390848671324,1.6847107936350068,1.4075498720729345,False
/home/duanyuhan/dyh/motion/MotionRe/base_mobileposer/data/raw/DIP_IMU/s_08/02.pkl,s_08,sensitivity_looser,hip_knee,2820,4380,18.766792426660427,1.7307797189045329,13.93181514939886,False
/home/duanyuhan/dyh/motion/MotionRe/base_mobileposer/data/raw/DIP_IMU/s_08/02.pkl,s_08,sensitivity_looser,spine,2820,4380,18.766792426660427,1.7307797189045329,1.0303703819851813,False
/home/duanyuhan/dyh/motion/MotionRe/base_mobileposer/data/raw/DIP_IMU/s_08/02.pkl,s_08,sensitivity_looser,hip_knee,2820,4470,18.995231145627706,1.8070120333881312,15.690297575925051,False
/home/duanyuhan/dyh/motion/MotionRe/base_mobileposer/data/raw/DIP_IMU/s_08/02.pkl,s_08,sensitivity_looser,spine,2820,4470,18.995231145627706,1.8070120333881312,3.787505088506171,False
/home/duanyuhan/dyh/motion/MotionRe/base_mobileposer/data/raw/DIP_IMU/s_08/02.pkl,s_08,sensitivity_looser,hip_knee,2850,4350,17.37484793825914,1.6875519573298434,11.700640696288525,False
/home/duanyuhan/dyh/motion/MotionRe/base_mobileposer/data/raw/DIP_IMU/s_08/02.pkl,s_08,sensitivity_looser,spine,2850,4350,17.37484793825914,1.6875519573298434,1.272010371938039,False
/home/duanyuhan/dyh/motion/MotionRe/base_mobileposer/data/raw/DIP_IMU/s_08/02.pkl,s_08,sensitivity_looser,hip_knee,2880,3360,11.665981234532847,1.1852175810768657,8.340154953770373,False
/home/duanyuhan/dyh/motion/MotionRe/base_mobileposer/data/raw/DIP_IMU/s_08/02.pkl,s_08,sensitivity_looser,spine,2880,3360,11.665981234532847,1.1852175810768657,0.9669777767677191,False
/home/duanyuhan/dyh/motion/MotionRe/base_mobileposer/data/raw/DIP_IMU/s_08/02.pkl,s_08,sensitivity_looser,hip_knee,2880,3480,17.85708393017034,1.7029269101134077,12.032595220928608,False
/home/duanyuhan/dyh/motion/MotionRe/base_mobileposer/data/raw/DIP_IMU/s_08/02.pkl,s_08,sensitivity_looser,spine,2880,3480,17.85708393017034,1.7029269101134077,1.8842417809471217,False
/home/duanyuhan/dyh/motion/MotionRe/base_mobileposer/data/raw/DIP_IMU/s_08/02.pkl,s_08,sensitivity_looser,hip_knee,2880,3600,17.657002704069736,1.8880623617031482,14.848280653228754,False
/home/duanyuhan/dyh/motion/MotionRe/base_mobileposer/data/raw/DIP_IMU/s_08/02.pkl,s_08,sensitivity_looser,spine,2880,3600,17.657002704069736,1.8880623617031482,1.1572021835326325,False
/home/duanyuhan/dyh/motion/MotionRe/base_mobileposer/data/raw/DIP_IMU/s_08/02.pkl,s_08,sensitivity_looser,hip_knee,2880,3870,15.879100629532005,1.288188871593756,10.910663965211835,False
/home/duanyuhan/dyh/motion/MotionRe/base_mobileposer/data/raw/DIP_IMU/s_08/02.pkl,s_08,sensitivity_looser,spine,2880,3870,15.879100629532005,1.288188871593756,2.0227401200299617,False
/home/duanyuhan/dyh/motion/MotionRe/base_mobileposer/data/raw/DIP_IMU/s_08/02.pkl,s_08,sensitivity_looser,hip_knee,2880,3930,14.065376650889839,0.7410420389667141,11.160440461960015,False
/home/duanyuhan/dyh/motion/MotionRe/base_mobileposer/data/raw/DIP_IMU/s_08/02.pkl,s_08,sensitivity_looser,spine,2880,3930,14.065376650889839,0.7410420389667141,1.5779979432385114,False
/home/duanyuhan/dyh/motion/MotionRe/base_mobileposer/data/raw/DIP_IMU/s_08/02.pkl,s_08,sensitivity_looser,hip_knee,2880,3990,16.213645922622614,1.5867066106483412,17.081795075096316,False
/home/duanyuhan/dyh/motion/MotionRe/base_mobileposer/data/raw/DIP_IMU/s_08/02.pkl,s_08,sensitivity_looser,spine,2880,3990,16.213645922622614,1.5867066106483412,2.846209327998593,False
/home/duanyuhan/dyh/motion/MotionRe/base_mobileposer/data/raw/DIP_IMU/s_08/02.pkl,s_08,sensitivity_looser,hip_knee,2880,4050,16.192732161859528,1.1262057958146476,10.032793753925821,False
/home/duanyuhan/dyh/motion/MotionRe/base_mobileposer/data/raw/DIP_IMU/s_08/02.pkl,s_08,sensitivity_looser,spine,2880,4050,16.192732161859528,1.1262057958146476,1.3450553388964248,False
/home/duanyuhan/dyh/motion/MotionRe/base_mobileposer/data/raw/DIP_IMU/s_08/02.pkl,s_08,sensitivity_looser,hip_knee,2880,4140,18.46615709406312,1.1651952823527552,18.045222724009548,False
/home/duanyuhan/dyh/motion/MotionRe/base_mobileposer/data/raw/DIP_IMU/s_08/02.pkl,s_08,sensitivity_looser,spine,2880,4140,18.46615709406312,1.1651952823527552,1.4440008489670808,False
/home/duanyuhan/dyh/motion/MotionRe/base_mobileposer/data/raw/DIP_IMU/s_08/02.pkl,s_08,sensitivity_looser,hip_knee,2880,4200,18.72216205381637,1.4818492001950476,7.603831660598833,False
/home/duanyuhan/dyh/motion/MotionRe/base_mobileposer/data/raw/DIP_IMU/s_08/02.pkl,s_08,sensitivity_looser,spine,2880,4200,18.72216205381637,1.4818492001950476,1.508429350210282,False
/home/duanyuhan/dyh/motion/MotionRe/base_mobileposer/data/raw/DIP_IMU/s_08/02.pkl,s_08,sensitivity_looser,hip_knee,2880,4260,14.950336502351307,1.5232989356124123,13.826463934475532,False
/home/duanyuhan/dyh/motion/MotionRe/base_mobileposer/data/raw/DIP_IMU/s_08/02.pkl,s_08,sensitivity_looser,spine,2880,4260,14.950336502351307,1.5232989356124123,1.5883448672561802,False
/home/duanyuhan/dyh/motion/MotionRe/base_mobileposer/data/raw/DIP_IMU/s_08/02.pkl,s_08,sensitivity_looser,hip_knee,2880,4320,13.4838820111808,1.6727605538744095,12.006071476906962,False
/home/duanyuhan/dyh/motion/MotionRe/base_mobileposer/data/raw/DIP_IMU/s_08/02.pkl,s_08,sensitivity_looser,spine,2880,4320,13.4838820111808,1.6727605538744095,2.4097928322284967,False
/home/duanyuhan/dyh/motion/MotionRe/base_mobileposer/data/raw/DIP_IMU/s_08/02.pkl,s_08,sensitivity_looser,hip_knee,2880,4380,13.938161580131867,0.9277394717288405,9.946966792333434,False
/home/duanyuhan/dyh/motion/MotionRe/base_mobileposer/data/raw/DIP_IMU/s_08/02.pkl,s_08,sensitivity_looser,spine,2880,4380,13.938161580131867,0.9277394717288405,1.743202221296821,False
/home/duanyuhan/dyh/motion/MotionRe/base_mobileposer/data/raw/DIP_IMU/s_08/02.pkl,s_08,sensitivity_looser,hip_knee,2880,4440,12.33550568806248,1.6230249101105918,8.23600684436893,False
/home/duanyuhan/dyh/motion/MotionRe/base_mobileposer/data/raw/DIP_IMU/s_08/02.pkl,s_08,sensitivity_looser,spine,2880,4440,12.33550568806248,1.6230249101105918,2.271230959203502,False
/home/duanyuhan/dyh/motion/MotionRe/base_mobileposer/data/raw/DIP_IMU/s_08/02.pkl,s_08,sensitivity_looser,hip_knee,2880,6360,14.943325456299506,1.7119765742798747,14.240924288867298,False
/home/duanyuhan/dyh/motion/MotionRe/base_mobileposer/data/raw/DIP_IMU/s_08/02.pkl,s_08,sensitivity_looser,spine,2880,6360,14.943325456299506,1.7119765742798747,1.9351753739906907,False
/home/duanyuhan/dyh/motion/MotionRe/base_mobileposer/data/raw/DIP_IMU/s_08/02.pkl,s_08,sensitivity_looser,hip_knee,2910,3360,11.519967700825006,1.8508360057817157,11.427692143863585,False
/home/duanyuhan/dyh/motion/MotionRe/base_mobileposer/data/raw/DIP_IMU/s_08/02.pkl,s_08,sensitivity_looser,spine,2910,3360,11.519967700825006,1.8508360057817157,2.4370884223049885,False
/home/duanyuhan/dyh/motion/MotionRe/base_mobileposer/data/raw/DIP_IMU/s_08/02.pkl,s_08,sensitivity_looser,hip_knee,2910,3480,13.175735961135821,0.979568726234581,9.131786529259909,False
/home/duanyuhan/dyh/motion/MotionRe/base_mobileposer/data/raw/DIP_IMU/s_08/02.pkl,s_08,sensitivity_looser,spine,2910,3480,13.175735961135821,0.979568726234581,3.307337787444069,False
/home/duanyuhan/dyh/motion/MotionRe/base_mobileposer/data/raw/DIP_IMU/s_08/02.pkl,s_08,sensitivity_looser,hip_knee,2910,3930,14.83403467235871,1.4512544981658038,23.518329361601694,True
/home/duanyuhan/dyh/motion/MotionRe/base_mobileposer/data/raw/DIP_IMU/s_08/02.pkl,s_08,sensitivity_looser,spine,2910,3930,14.83403467235871,1.4512544981658038,2.7991523037617014,False
/home/duanyuhan/dyh/motion/MotionRe/base_mobileposer/data/raw/DIP_IMU/s_08/02.pkl,s_08,sensitivity_looser,hip_knee,2910,4050,11.124482997675798,1.6559399797504175,10.009673535162726,False
/home/duanyuhan/dyh/motion/MotionRe/base_mobileposer/data/raw/DIP_IMU/s_08/02.pkl,s_08,sensitivity_looser,spine,2910,4050,11.124482997675798,1.6559399797504175,2.1968085972499085,False
/home/duanyuhan/dyh/motion/MotionRe/base_mobileposer/data/raw/DIP_IMU/s_08/02.pkl,s_08,sensitivity_looser,hip_knee,2910,4080,12.613968829692404,1.1524866192300576,7.1123464883396545,False
/home/duanyuhan/dyh/motion/MotionRe/base_mobileposer/data/raw/DIP_IMU/s_08/02.pkl,s_08,sensitivity_looser,spine,2910,4080,12.613968829692404,1.1524866192300576,2.144211436828797,False
/home/duanyuhan/dyh/motion/MotionRe/base_mobileposer/data/raw/DIP_IMU/s_08/02.pkl,s_08,sensitivity_looser,hip_knee,2910,4200,17.208807601902762,1.2614903515447413,18.02348049831683,False
/home/duanyuhan/dyh/motion/MotionRe/base_mobileposer/data/raw/DIP_IMU/s_08/02.pkl,s_08,sensitivity_looser,spine,2910,4200,17.208807601902762,1.2614903515447413,2.429560481581078,False
/home/duanyuhan/dyh/motion/MotionRe/base_mobileposer/data/raw/DIP_IMU/s_08/02.pkl,s_08,sensitivity_looser,hip_knee,2910,4260,18.03954146320888,1.932676333668001,26.027018269249858,True
/home/duanyuhan/dyh/motion/MotionRe/base_mobileposer/data/raw/DIP_IMU/s_08/02.pkl,s_08,sensitivity_looser,spine,2910,4260,18.03954146320888,1.932676333668001,3.0501224736876735,False
/home/duanyuhan/dyh/motion/MotionRe/base_mobileposer/data/raw/DIP_IMU/s_08/02.pkl,s_08,sensitivity_looser,hip_knee,2910,4410,19.144169369507402,1.577643105905662,11.303457869525886,False
/home/duanyuhan/dyh/motion/MotionRe/base_mobileposer/data/raw/DIP_IMU/s_08/02.pkl,s_08,sensitivity_looser,spine,2910,4410,19.144169369507402,1.577643105905662,3.8743304031415664,False
/home/duanyuhan/dyh/motion/MotionRe/base_mobileposer/data/raw/DIP_IMU/s_08/02.pkl,s_08,sensitivity_looser,hip_knee,2910,4500,19.096405173087792,1.3300130461345545,28.96538358734958,True
/home/duanyuhan/dyh/motion/MotionRe/base_mobileposer/data/raw/DIP_IMU/s_08/02.pkl,s_08,sensitivity_looser,spine,2910,4500,19.096405173087792,1.3300130461345545,3.971285497341654,False
/home/duanyuhan/dyh/motion/MotionRe/base_mobileposer/data/raw/DIP_IMU/s_08/02.pkl,s_08,sensitivity_looser,hip_knee,2940,3360,19.587993813964804,1.8887103228705455,20.888144558659405,True
/home/duanyuhan/dyh/motion/MotionRe/base_mobileposer/data/raw/DIP_IMU/s_08/02.pkl,s_08,sensitivity_looser,spine,2940,3360,19.587993813964804,1.8887103228705455,1.462282628126404,False
/home/duanyuhan/dyh/motion/MotionRe/base_mobileposer/data/raw/DIP_IMU/s_08/02.pkl,s_08,sensitivity_looser,hip_knee,2940,3930,19.047826495574782,1.7653757671035324,12.406141288485546,False
/home/duanyuhan/dyh/motion/MotionRe/base_mobileposer/data/raw/DIP_IMU/s_08/02.pkl,s_08,sensitivity_looser,spine,2940,3930,19.047826495574782,1.7653757671035324,1.2215746029732681,False
/home/duanyuhan/dyh/motion/MotionRe/base_mobileposer/data/raw/DIP_IMU/s_08/02.pkl,s_08,sensitivity_looser,hip_knee,2940,4140,14.030236984046748,1.5398425199403467,8.262342319248704,False
/home/duanyuhan/dyh/motion/MotionRe/base_mobileposer/data/raw/DIP_IMU/s_08/02.pkl,s_08,sensitivity_looser,spine,2940,4140,14.030236984046748,1.5398425199403467,1.1705919356455556,False
/home/duanyuhan/dyh/motion/MotionRe/base_mobileposer/data/raw/DIP_IMU/s_08/02.pkl,s_08,sensitivity_looser,hip_knee,2940,4320,15.733470653555338,1.7243306646499506,12.616222527453793,False
/home/duanyuhan/dyh/motion/MotionRe/base_mobileposer/data/raw/DIP_IMU/s_08/02.pkl,s_08,sensitivity_looser,spine,2940,4320,15.733470653555338,1.7243306646499506,1.613118221001553,False
/home/duanyuhan/dyh/motion/MotionRe/base_mobileposer/data/raw/DIP_IMU/s_08/02.pkl,s_08,sensitivity_looser,hip_knee,2940,4380,17.457889588216428,1.5169530601321992,13.128436533958022,False
/home/duanyuhan/dyh/motion/MotionRe/base_mobileposer/data/raw/DIP_IMU/s_08/02.pkl,s_08,sensitivity_looser,spine,2940,4380,17.457889588216428,1.5169530601321992,1.512240082713251,False
/home/duanyuhan/dyh/motion/MotionRe/base_mobileposer/data/raw/DIP_IMU/s_08/02.pkl,s_08,sensitivity_looser,hip_knee,2940,4470,17.71639340061164,1.6688121484126863,15.683377347882862,False
/home/duanyuhan/dyh/motion/MotionRe/base_mobileposer/data/raw/DIP_IMU/s_08/02.pkl,s_08,sensitivity_looser,spine,2940,4470,17.71639340061164,1.6688121484126863,3.0079328570483796,False
/home/duanyuhan/dyh/motion/MotionRe/base_mobileposer/data/raw/DIP_IMU/s_08/02.pkl,s_08,sensitivity_looser,hip_knee,2970,3330,14.905297585812582,1.7803316679000807,10.399086633972933,False
/home/duanyuhan/dyh/motion/MotionRe/base_mobileposer/data/raw/DIP_IMU/s_08/02.pkl,s_08,sensitivity_looser,spine,2970,3330,14.905297585812582,1.7803316679000807,1.5081432191347046,False
/home/duanyuhan/dyh/motion/MotionRe/base_mobileposer/data/raw/DIP_IMU/s_08/02.pkl,s_08,sensitivity_looser,hip_knee,2970,3450,15.096608414194693,1.707253821999665,11.886094249157027,False
/home/duanyuhan/dyh/motion/MotionRe/base_mobileposer/data/raw/DIP_IMU/s_08/02.pkl,s_08,sensitivity_looser,spine,2970,3450,15.096608414194693,1.707253821999665,1.1236403497155112,False
/home/duanyuhan/dyh/motion/MotionRe/base_mobileposer/data/raw/DIP_IMU/s_08/02.pkl,s_08,sensitivity_looser,hip_knee,2970,3900,16.61193476970975,1.620663468051126,9.963757640057091,False
/home/duanyuhan/dyh/motion/MotionRe/base_mobileposer/data/raw/DIP_IMU/s_08/02.pkl,s_08,sensitivity_looser,spine,2970,3900,16.61193476970975,1.620663468051126,1.9057991482962293,False
/home/duanyuhan/dyh/motion/MotionRe/base_mobileposer/data/raw/DIP_IMU/s_08/02.pkl,s_08,sensitivity_looser,hip_knee,2970,4020,15.527418550279345,0.7739522497254929,10.658950697664583,False
/home/duanyuhan/dyh/motion/MotionRe/base_mobileposer/data/raw/DIP_IMU/s_08/02.pkl,s_08,sensitivity_looser,spine,2970,4020,15.527418550279345,0.7739522497254929,1.9710768922245234,False
/home/duanyuhan/dyh/motion/MotionRe/base_mobileposer/data/raw/DIP_IMU/s_08/02.pkl,s_08,sensitivity_looser,hip_knee,2970,4350,16.677403973785456,1.0751816113047443,11.704950221429975,False
/home/duanyuhan/dyh/motion/MotionRe/base_mobileposer/data/raw/DIP_IMU/s_08/02.pkl,s_08,sensitivity_looser,spine,2970,4350,16.677403973785456,1.0751816113047443,2.0739223853267976,False
/home/duanyuhan/dyh/motion/MotionRe/base_mobileposer/data/raw/DIP_IMU/s_08/02.pkl,s_08,sensitivity_looser,hip_knee,3000,3360,13.851334573750263,0.8852493970396713,11.052201561769108,False
/home/duanyuhan/dyh/motion/MotionRe/base_mobileposer/data/raw/DIP_IMU/s_08/02.pkl,s_08,sensitivity_looser,spine,3000,3360,13.851334573750263,0.8852493970396713,1.5294435254420862,False
/home/duanyuhan/dyh/motion/MotionRe/base_mobileposer/data/raw/DIP_IMU/s_08/02.pkl,s_08,sensitivity_looser,hip_knee,3000,3390,15.41957776971283,1.7234241617108674,15.576453711046778,False
/home/duanyuhan/dyh/motion/MotionRe/base_mobileposer/data/raw/DIP_IMU/s_08/02.pkl,s_08,sensitivity_looser,spine,3000,3390,15.41957776971283,1.7234241617108674,1.8538057278459348,False
/home/duanyuhan/dyh/motion/MotionRe/base_mobileposer/data/raw/DIP_IMU/s_08/02.pkl,s_08,sensitivity_looser,hip_knee,3000,3420,17.879552491343613,1.362274142435066,17.83057047011207,False
/home/duanyuhan/dyh/motion/MotionRe/base_mobileposer/data/raw/DIP_IMU/s_08/02.pkl,s_08,sensitivity_looser,spine,3000,3420,17.879552491343613,1.362274142435066,3.185552170687328,False
/home/duanyuhan/dyh/motion/MotionRe/base_mobileposer/data/raw/DIP_IMU/s_08/02.pkl,s_08,sensitivity_looser,hip_knee,3000,3540,19.804107006232723,1.766426510504971,17.201711165038947,False
/home/duanyuhan/dyh/motion/MotionRe/base_mobileposer/data/raw/DIP_IMU/s_08/02.pkl,s_08,sensitivity_looser,spine,3000,3540,19.804107006232723,1.766426510504971,3.0060766898824602,False
/home/duanyuhan/dyh/motion/MotionRe/base_mobileposer/data/raw/DIP_IMU/s_08/02.pkl,s_08,sensitivity_looser,hip_knee,3000,3570,19.26448022582695,1.4595444062505931,16.963867485903425,False
/home/duanyuhan/dyh/motion/MotionRe/base_mobileposer/data/raw/DIP_IMU/s_08/02.pkl,s_08,sensitivity_looser,spine,3000,3570,19.26448022582695,1.4595444062505931,4.108599680488672,False
/home/duanyuhan/dyh/motion/MotionRe/base_mobileposer/data/raw/DIP_IMU/s_08/02.pkl,s_08,sensitivity_looser,hip_knee,3000,3870,15.835289153706809,1.7928950455118051,7.310223502910295,False
/home/duanyuhan/dyh/motion/MotionRe/base_mobileposer/data/raw/DIP_IMU/s_08/02.pkl,s_08,sensitivity_looser,spine,3000,3870,15.835289153706809,1.7928950455118051,2.2815977592118144,False
/home/duanyuhan/dyh/motion/MotionRe/base_mobileposer/data/raw/DIP_IMU/s_08/02.pkl,s_08,sensitivity_looser,hip_knee,3000,3930,15.837010511665552,0.8274108097122438,7.864898372122773,False
/home/duanyuhan/dyh/motion/MotionRe/base_mobileposer/data/raw/DIP_IMU/s_08/02.pkl,s_08,sensitivity_looser,spine,3000,3930,15.837010511665552,0.8274108097122438,2.264244924710973,False
/home/duanyuhan/dyh/motion/MotionRe/base_mobileposer/data/raw/DIP_IMU/s_08/02.pkl,s_08,sensitivity_looser,hip_knee,3000,4140,16.186958575419105,1.161346627871237,14.13745264940844,False
/home/duanyuhan/dyh/motion/MotionRe/base_mobileposer/data/raw/DIP_IMU/s_08/02.pkl,s_08,sensitivity_looser,spine,3000,4140,16.186958575419105,1.161346627871237,2.472616174618287,False
/home/duanyuhan/dyh/motion/MotionRe/base_mobileposer/data/raw/DIP_IMU/s_08/02.pkl,s_08,sensitivity_looser,hip_knee,3000,4200,19.13340926993835,1.7992973406395698,8.32593835434699,False
/home/duanyuhan/dyh/motion/MotionRe/base_mobileposer/data/raw/DIP_IMU/s_08/02.pkl,s_08,sensitivity_looser,spine,3000,4200,19.13340926993835,1.7992973406395698,2.603903723614634,False
/home/duanyuhan/dyh/motion/MotionRe/base_mobileposer/data/raw/DIP_IMU/s_08/02.pkl,s_08,sensitivity_looser,hip_knee,3000,4260,14.508853337533628,1.4081868602090684,10.064764581554654,False
/home/duanyuhan/dyh/motion/MotionRe/base_mobileposer/data/raw/DIP_IMU/s_08/02.pkl,s_08,sensitivity_looser,spine,3000,4260,14.508853337533628,1.4081868602090684,2.137993107072169,False
/home/duanyuhan/dyh/motion/MotionRe/base_mobileposer/data/raw/DIP_IMU/s_08/02.pkl,s_08,sensitivity_looser,hip_knee,3000,4320,13.709383445246033,1.424025760865755,8.831811329016999,False
/home/duanyuhan/dyh/motion/MotionRe/base_mobileposer/data/raw/DIP_IMU/s_08/02.pkl,s_08,sensitivity_looser,spine,3000,4320,13.709383445246033,1.424025760865755,2.8866836573901895,False
/home/duanyuhan/dyh/motion/MotionRe/base_mobileposer/data/raw/DIP_IMU/s_08/02.pkl,s_08,sensitivity_looser,hip_knee,3000,4380,14.890694073581413,1.2377205150857582,7.262268029304951,False
/home/duanyuhan/dyh/motion/MotionRe/base_mobileposer/data/raw/DIP_IMU/s_08/02.pkl,s_08,sensitivity_looser,spine,3000,4380,14.890694073581413,1.2377205150857582,2.8971464841758556,False
/home/duanyuhan/dyh/motion/MotionRe/base_mobileposer/data/raw/DIP_IMU/s_08/02.pkl,s_08,sensitivity_looser,hip_knee,3000,4440,15.327776845902154,1.9935293587222958,9.01425025182461,False
/home/duanyuhan/dyh/motion/MotionRe/base_mobileposer/data/raw/DIP_IMU/s_08/02.pkl,s_08,sensitivity_looser,spine,3000,4440,15.327776845902154,1.9935293587222958,2.6174170047749286,False
/home/duanyuhan/dyh/motion/MotionRe/base_mobileposer/data/raw/DIP_IMU/s_08/02.pkl,s_08,sensitivity_looser,hip_knee,3000,4500,15.619863446254683,1.2872388705403008,13.046306444398784,False
/home/duanyuhan/dyh/motion/MotionRe/base_mobileposer/data/raw/DIP_IMU/s_08/02.pkl,s_08,sensitivity_looser,spine,3000,4500,15.619863446254683,1.2872388705403008,2.425550971496168,False
/home/duanyuhan/dyh/motion/MotionRe/base_mobileposer/data/raw/DIP_IMU/s_08/02.pkl,s_08,sensitivity_looser,hip_knee,3030,3840,16.29999763460662,1.4185425365910325,8.643970001392562,False
/home/duanyuhan/dyh/motion/MotionRe/base_mobileposer/data/raw/DIP_IMU/s_08/02.pkl,s_08,sensitivity_looser,spine,3030,3840,16.29999763460662,1.4185425365910325,2.1606337687715667,False
/home/duanyuhan/dyh/motion/MotionRe/base_mobileposer/data/raw/DIP_IMU/s_08/02.pkl,s_08,sensitivity_looser,hip_knee,3030,3960,14.07155320738714,1.818375935926087,7.6030682346752325,False
/home/duanyuhan/dyh/motion/MotionRe/base_mobileposer/data/raw/DIP_IMU/s_08/02.pkl,s_08,sensitivity_looser,spine,3030,3960,14.07155320738714,1.818375935926087,2.7232555307882644,False
/home/duanyuhan/dyh/motion/MotionRe/base_mobileposer/data/raw/DIP_IMU/s_08/02.pkl,s_08,sensitivity_looser,hip_knee,3030,4290,15.912416148694351,1.437668825573709,8.140596120844544,False
/home/duanyuhan/dyh/motion/MotionRe/base_mobileposer/data/raw/DIP_IMU/s_08/02.pkl,s_08,sensitivity_looser,spine,3030,4290,15.912416148694351,1.437668825573709,1.6764209624534576,False
/home/duanyuhan/dyh/motion/MotionRe/base_mobileposer/data/raw/DIP_IMU/s_08/02.pkl,s_08,sensitivity_looser,hip_knee,3090,3450,15.576530857020082,1.7085468833075048,10.690609924264152,False
/home/duanyuhan/dyh/motion/MotionRe/base_mobileposer/data/raw/DIP_IMU/s_08/02.pkl,s_08,sensitivity_looser,spine,3090,3450,15.576530857020082,1.7085468833075048,0.8858378319151946,False
/home/duanyuhan/dyh/motion/MotionRe/base_mobileposer/data/raw/DIP_IMU/s_08/02.pkl,s_08,sensitivity_looser,hip_knee,3090,3900,17.533952036132654,1.9921892639223475,9.246846255410185,False
/home/duanyuhan/dyh/motion/MotionRe/base_mobileposer/data/raw/DIP_IMU/s_08/02.pkl,s_08,sensitivity_looser,spine,3090,3900,17.533952036132654,1.9921892639223475,1.5894728383860386,False
/home/duanyuhan/dyh/motion/MotionRe/base_mobileposer/data/raw/DIP_IMU/s_08/02.pkl,s_08,sensitivity_looser,hip_knee,3090,4020,16.065275337861447,0.957715215281054,9.591851064215781,False
/home/duanyuhan/dyh/motion/MotionRe/base_mobileposer/data/raw/DIP_IMU/s_08/02.pkl,s_08,sensitivity_looser,spine,3090,4020,16.065275337861447,0.957715215281054,1.6854164318659357,False
/home/duanyuhan/dyh/motion/MotionRe/base_mobileposer/data/raw/DIP_IMU/s_08/02.pkl,s_08,sensitivity_looser,hip_knee,3090,4350,17.3915165384298,1.1559193717797986,11.077984360986285,False
/home/duanyuhan/dyh/motion/MotionRe/base_mobileposer/data/raw/DIP_IMU/s_08/02.pkl,s_08,sensitivity_looser,spine,3090,4350,17.3915165384298,1.1559193717797986,1.9169134680092135,False
/home/duanyuhan/dyh/motion/MotionRe/base_mobileposer/data/raw/DIP_IMU/s_08/02.pkl,s_08,sensitivity_looser,hip_knee,3120,3420,18.682188061034253,1.906756029257682,18.761172803394267,False
/home/duanyuhan/dyh/motion/MotionRe/base_mobileposer/data/raw/DIP_IMU/s_08/02.pkl,s_08,sensitivity_looser,spine,3120,3420,18.682188061034253,1.906756029257682,2.8279488878852455,False
/home/duanyuhan/dyh/motion/MotionRe/base_mobileposer/data/raw/DIP_IMU/s_08/02.pkl,s_08,sensitivity_looser,hip_knee,3120,3540,19.870090569145095,1.8565642727929275,18.06124604684496,False
/home/duanyuhan/dyh/motion/MotionRe/base_mobileposer/data/raw/DIP_IMU/s_08/02.pkl,s_08,sensitivity_looser,spine,3120,3540,19.870090569145095,1.8565642727929275,2.59356623212407,False
/home/duanyuhan/dyh/motion/MotionRe/base_mobileposer/data/raw/DIP_IMU/s_08/02.pkl,s_08,sensitivity_looser,hip_knee,3120,3600,19.512314499428882,1.7640735087803228,17.47669497095151,False
/home/duanyuhan/dyh/motion/MotionRe/base_mobileposer/data/raw/DIP_IMU/s_08/02.pkl,s_08,sensitivity_looser,spine,3120,3600,19.512314499428882,1.7640735087803228,1.0718765111083732,False
/home/duanyuhan/dyh/motion/MotionRe/base_mobileposer/data/raw/DIP_IMU/s_08/02.pkl,s_08,sensitivity_looser,hip_knee,3120,3930,13.422725294721847,1.5067259332182754,8.3663711669985,False
/home/duanyuhan/dyh/motion/MotionRe/base_mobileposer/data/raw/DIP_IMU/s_08/02.pkl,s_08,sensitivity_looser,spine,3120,3930,13.422725294721847,1.5067259332182754,1.8790523534607138,False
/home/duanyuhan/dyh/motion/MotionRe/base_mobileposer/data/raw/DIP_IMU/s_08/02.pkl,s_08,sensitivity_looser,hip_knee,3120,4050,17.65538841804251,1.5411909740785403,11.95142654058916,False
/home/duanyuhan/dyh/motion/MotionRe/base_mobileposer/data/raw/DIP_IMU/s_08/02.pkl,s_08,sensitivity_looser,spine,3120,4050,17.65538841804251,1.5411909740785403,1.9727482805862901,False
/home/duanyuhan/dyh/motion/MotionRe/base_mobileposer/data/raw/DIP_IMU/s_08/02.pkl,s_08,sensitivity_looser,hip_knee,3120,4260,13.231650957631766,1.370012974939296,10.967895594668793,False
/home/duanyuhan/dyh/motion/MotionRe/base_mobileposer/data/raw/DIP_IMU/s_08/02.pkl,s_08,sensitivity_looser,spine,3120,4260,13.231650957631766,1.370012974939296,1.6693830473442208,False
/home/duanyuhan/dyh/motion/MotionRe/base_mobileposer/data/raw/DIP_IMU/s_08/02.pkl,s_08,sensitivity_looser,hip_knee,3120,4500,14.456674021347617,1.9617590161436531,13.945332175346973,False
/home/duanyuhan/dyh/motion/MotionRe/base_mobileposer/data/raw/DIP_IMU/s_08/02.pkl,s_08,sensitivity_looser,spine,3120,4500,14.456674021347617,1.9617590161436531,2.004855203581841,False
/home/duanyuhan/dyh/motion/MotionRe/base_mobileposer/data/raw/DIP_IMU/s_08/02.pkl,s_08,sensitivity_looser,hip_knee,3180,3480,16.824046862401396,1.5870964379105759,11.30369261795883,False
/home/duanyuhan/dyh/motion/MotionRe/base_mobileposer/data/raw/DIP_IMU/s_08/02.pkl,s_08,sensitivity_looser,spine,3180,3480,16.824046862401396,1.5870964379105759,2.827119902535053,False
/home/duanyuhan/dyh/motion/MotionRe/base_mobileposer/data/raw/DIP_IMU/s_08/02.pkl,s_08,sensitivity_looser,hip_knee,3180,3630,19.275167124378015,1.8949458513493738,13.673416545170893,False
/home/duanyuhan/dyh/motion/MotionRe/base_mobileposer/data/raw/DIP_IMU/s_08/02.pkl,s_08,sensitivity_looser,spine,3180,3630,19.275167124378015,1.8949458513493738,4.2080345858699255,False
/home/duanyuhan/dyh/motion/MotionRe/base_mobileposer/data/raw/DIP_IMU/s_08/02.pkl,s_08,sensitivity_looser,hip_knee,3270,3600,15.029771662211317,1.2799384976397772,10.005673723891215,False
/home/duanyuhan/dyh/motion/MotionRe/base_mobileposer/data/raw/DIP_IMU/s_08/02.pkl,s_08,sensitivity_looser,spine,3270,3600,15.029771662211317,1.2799384976397772,3.2125561574243418,False
/home/duanyuhan/dyh/motion/MotionRe/base_mobileposer/data/raw/DIP_IMU/s_08/02.pkl,s_08,sensitivity_looser,hip_knee,3270,3930,12.404087265748126,1.933918638338448,12.622962304243572,False
/home/duanyuhan/dyh/motion/MotionRe/base_mobileposer/data/raw/DIP_IMU/s_08/02.pkl,s_08,sensitivity_looser,spine,3270,3930,12.404087265748126,1.933918638338448,2.5030523554750004,False
/home/duanyuhan/dyh/motion/MotionRe/base_mobileposer/data/raw/DIP_IMU/s_08/02.pkl,s_08,sensitivity_looser,hip_knee,3270,4050,8.116603983421985,1.858701466953921,3.1573133458099267,False
/home/duanyuhan/dyh/motion/MotionRe/base_mobileposer/data/raw/DIP_IMU/s_08/02.pkl,s_08,sensitivity_looser,spine,3270,4050,8.116603983421985,1.858701466953921,2.9913348060055847,False
/home/duanyuhan/dyh/motion/MotionRe/base_mobileposer/data/raw/DIP_IMU/s_08/02.pkl,s_08,sensitivity_looser,hip_knee,3270,4140,17.12982945544575,1.2783323597496221,19.3451690523045,False
/home/duanyuhan/dyh/motion/MotionRe/base_mobileposer/data/raw/DIP_IMU/s_08/02.pkl,s_08,sensitivity_looser,spine,3270,4140,17.12982945544575,1.2783323597496221,2.879841115709049,False
/home/duanyuhan/dyh/motion/MotionRe/base_mobileposer/data/raw/DIP_IMU/s_08/02.pkl,s_08,sensitivity_looser,hip_knee,3270,4380,15.983760822224788,1.8102435093294749,10.54061329166616,False
/home/duanyuhan/dyh/motion/MotionRe/base_mobileposer/data/raw/DIP_IMU/s_08/02.pkl,s_08,sensitivity_looser,spine,3270,4380,15.983760822224788,1.8102435093294749,3.173017905113277,False
/home/duanyuhan/dyh/motion/MotionRe/base_mobileposer/data/raw/DIP_IMU/s_08/02.pkl,s_08,sensitivity_looser,hip_knee,3270,6690,17.87107764102243,1.938619233943543,24.964588621009426,True
/home/duanyuhan/dyh/motion/MotionRe/base_mobileposer/data/raw/DIP_IMU/s_08/02.pkl,s_08,sensitivity_looser,spine,3270,6690,17.87107764102243,1.938619233943543,7.8763357330626915,False
/home/duanyuhan/dyh/motion/MotionRe/base_mobileposer/data/raw/DIP_IMU/s_08/02.pkl,s_08,sensitivity_looser,hip_knee,3330,3900,7.957065092214555,1.9231658536422391,3.06785931993332,False
/home/duanyuhan/dyh/motion/MotionRe/base_mobileposer/data/raw/DIP_IMU/s_08/02.pkl,s_08,sensitivity_looser,spine,3330,3900,7.957065092214555,1.9231658536422391,1.9751553410987348,False
/home/duanyuhan/dyh/motion/MotionRe/base_mobileposer/data/raw/DIP_IMU/s_08/02.pkl,s_08,sensitivity_looser,hip_knee,3330,4020,5.707928868048529,1.651799096013431,4.493306997086162,False
/home/duanyuhan/dyh/motion/MotionRe/base_mobileposer/data/raw/DIP_IMU/s_08/02.pkl,s_08,sensitivity_looser,spine,3330,4020,5.707928868048529,1.651799096013431,1.8074585530299805,False
/home/duanyuhan/dyh/motion/MotionRe/base_mobileposer/data/raw/DIP_IMU/s_08/02.pkl,s_08,sensitivity_looser,hip_knee,3330,4350,9.188633151363302,1.6273511786440662,3.0859986864652234,False
/home/duanyuhan/dyh/motion/MotionRe/base_mobileposer/data/raw/DIP_IMU/s_08/02.pkl,s_08,sensitivity_looser,spine,3330,4350,9.188633151363302,1.6273511786440662,1.028529009554176,False
/home/duanyuhan/dyh/motion/MotionRe/base_mobileposer/data/raw/DIP_IMU/s_08/02.pkl,s_08,sensitivity_looser,hip_knee,3360,3810,17.886469450725475,1.8523298951578047,19.34733842017576,False
/home/duanyuhan/dyh/motion/MotionRe/base_mobileposer/data/raw/DIP_IMU/s_08/02.pkl,s_08,sensitivity_looser,spine,3360,3810,17.886469450725475,1.8523298951578047,3.0571270109059956,False
/home/duanyuhan/dyh/motion/MotionRe/base_mobileposer/data/raw/DIP_IMU/s_08/02.pkl,s_08,sensitivity_looser,hip_knee,3360,3930,7.667980419501274,0.8819484084734941,13.248703650958099,False
/home/duanyuhan/dyh/motion/MotionRe/base_mobileposer/data/raw/DIP_IMU/s_08/02.pkl,s_08,sensitivity_looser,spine,3360,3930,7.667980419501274,0.8819484084734941,1.339149557149902,False
/home/duanyuhan/dyh/motion/MotionRe/base_mobileposer/data/raw/DIP_IMU/s_08/02.pkl,s_08,sensitivity_looser,hip_knee,3360,4050,11.179713581528294,1.2150574510905325,3.9425830287251813,False
/home/duanyuhan/dyh/motion/MotionRe/base_mobileposer/data/raw/DIP_IMU/s_08/02.pkl,s_08,sensitivity_looser,spine,3360,4050,11.179713581528294,1.2150574510905325,1.1534615727292046,False
/home/duanyuhan/dyh/motion/MotionRe/base_mobileposer/data/raw/DIP_IMU/s_08/02.pkl,s_08,sensitivity_looser,hip_knee,3360,4140,15.561525847899897,1.1591029117797962,19.942434995688505,False
/home/duanyuhan/dyh/motion/MotionRe/base_mobileposer/data/raw/DIP_IMU/s_08/02.pkl,s_08,sensitivity_looser,spine,3360,4140,15.561525847899897,1.1591029117797962,1.3658202371454857,False
/home/duanyuhan/dyh/motion/MotionRe/base_mobileposer/data/raw/DIP_IMU/s_08/02.pkl,s_08,sensitivity_looser,hip_knee,3360,4260,16.82564875218554,1.4934933965562875,15.33402795446218,False
/home/duanyuhan/dyh/motion/MotionRe/base_mobileposer/data/raw/DIP_IMU/s_08/02.pkl,s_08,sensitivity_looser,spine,3360,4260,16.82564875218554,1.4934933965562875,1.38549661997431,False
/home/duanyuhan/dyh/motion/MotionRe/base_mobileposer/data/raw/DIP_IMU/s_08/02.pkl,s_08,sensitivity_looser,hip_knee,3360,4320,9.607735062791596,1.146448390383949,12.664153440110855,False
/home/duanyuhan/dyh/motion/MotionRe/base_mobileposer/data/raw/DIP_IMU/s_08/02.pkl,s_08,sensitivity_looser,spine,3360,4320,9.607735062791596,1.146448390383949,2.188644410044803,False
/home/duanyuhan/dyh/motion/MotionRe/base_mobileposer/data/raw/DIP_IMU/s_08/02.pkl,s_08,sensitivity_looser,hip_knee,3360,4380,9.526625752187444,0.8662130609525396,11.107859404709453,False
/home/duanyuhan/dyh/motion/MotionRe/base_mobileposer/data/raw/DIP_IMU/s_08/02.pkl,s_08,sensitivity_looser,spine,3360,4380,9.526625752187444,0.8662130609525396,1.6829258611166857,False
/home/duanyuhan/dyh/motion/MotionRe/base_mobileposer/data/raw/DIP_IMU/s_08/02.pkl,s_08,sensitivity_looser,hip_knee,3360,4410,19.996886095174,1.3782462484275433,16.91476420377166,False
/home/duanyuhan/dyh/motion/MotionRe/base_mobileposer/data/raw/DIP_IMU/s_08/02.pkl,s_08,sensitivity_looser,spine,3360,4410,19.996886095174,1.3782462484275433,1.959771216890814,False
/home/duanyuhan/dyh/motion/MotionRe/base_mobileposer/data/raw/DIP_IMU/s_08/02.pkl,s_08,sensitivity_looser,hip_knee,3360,4440,7.838752418712929,1.576517047251296,7.0678954005256065,False
/home/duanyuhan/dyh/motion/MotionRe/base_mobileposer/data/raw/DIP_IMU/s_08/02.pkl,s_08,sensitivity_looser,spine,3360,4440,7.838752418712929,1.576517047251296,1.9275474488014723,False
/home/duanyuhan/dyh/motion/MotionRe/base_mobileposer/data/raw/DIP_IMU/s_08/02.pkl,s_08,sensitivity_looser,hip_knee,3360,4500,12.500852593290189,1.4659156734725538,18.19436523799314,False
/home/duanyuhan/dyh/motion/MotionRe/base_mobileposer/data/raw/DIP_IMU/s_08/02.pkl,s_08,sensitivity_looser,spine,3360,4500,12.500852593290189,1.4659156734725538,2.0583066793339975,False
/home/duanyuhan/dyh/motion/MotionRe/base_mobileposer/data/raw/DIP_IMU/s_08/02.pkl,s_08,sensitivity_looser,hip_knee,3360,6690,17.27487286017757,1.985354066980334,24.363910270982863,True
/home/duanyuhan/dyh/motion/MotionRe/base_mobileposer/data/raw/DIP_IMU/s_08/02.pkl,s_08,sensitivity_looser,spine,3360,6690,17.27487286017757,1.985354066980334,5.550806619427651,False
/home/duanyuhan/dyh/motion/MotionRe/base_mobileposer/data/raw/DIP_IMU/s_08/02.pkl,s_08,sensitivity_looser,hip_knee,3390,3870,11.998567689371447,1.7973772616972397,18.119233335949573,False
/home/duanyuhan/dyh/motion/MotionRe/base_mobileposer/data/raw/DIP_IMU/s_08/02.pkl,s_08,sensitivity_looser,spine,3390,3870,11.998567689371447,1.7973772616972397,2.683368544651911,False
/home/duanyuhan/dyh/motion/MotionRe/base_mobileposer/data/raw/DIP_IMU/s_08/02.pkl,s_08,sensitivity_looser,hip_knee,3390,4050,13.767096855193401,1.9474070448413603,5.1290384389738755,False
/home/duanyuhan/dyh/motion/MotionRe/base_mobileposer/data/raw/DIP_IMU/s_08/02.pkl,s_08,sensitivity_looser,spine,3390,4050,13.767096855193401,1.9474070448413603,1.2287631625784587,False
/home/duanyuhan/dyh/motion/MotionRe/base_mobileposer/data/raw/DIP_IMU/s_08/02.pkl,s_08,sensitivity_looser,hip_knee,3390,4140,17.71656056701347,1.8441354072088023,25.737397988402453,True
/home/duanyuhan/dyh/motion/MotionRe/base_mobileposer/data/raw/DIP_IMU/s_08/02.pkl,s_08,sensitivity_looser,spine,3390,4140,17.71656056701347,1.8441354072088023,2.0481774875250127,False
/home/duanyuhan/dyh/motion/MotionRe/base_mobileposer/data/raw/DIP_IMU/s_08/02.pkl,s_08,sensitivity_looser,hip_knee,3390,4500,14.142372210921613,1.2734089305832246,23.95284945461229,True
/home/duanyuhan/dyh/motion/MotionRe/base_mobileposer/data/raw/DIP_IMU/s_08/02.pkl,s_08,sensitivity_looser,spine,3390,4500,14.142372210921613,1.2734089305832246,3.0578870674236973,False
/home/duanyuhan/dyh/motion/MotionRe/base_mobileposer/data/raw/DIP_IMU/s_08/02.pkl,s_08,sensitivity_looser,hip_knee,3420,3870,10.695088564621246,1.6480877171805413,11.547499977775203,False
/home/duanyuhan/dyh/motion/MotionRe/base_mobileposer/data/raw/DIP_IMU/s_08/02.pkl,s_08,sensitivity_looser,spine,3420,3870,10.695088564621246,1.6480877171805413,2.3733996523753205,False
/home/duanyuhan/dyh/motion/MotionRe/base_mobileposer/data/raw/DIP_IMU/s_08/02.pkl,s_08,sensitivity_looser,hip_knee,3420,3930,15.158757459017004,1.316579989479793,11.570461146967931,False
/home/duanyuhan/dyh/motion/MotionRe/base_mobileposer/data/raw/DIP_IMU/s_08/02.pkl,s_08,sensitivity_looser,spine,3420,3930,15.158757459017004,1.316579989479793,2.172810541633822,False
/home/duanyuhan/dyh/motion/MotionRe/base_mobileposer/data/raw/DIP_IMU/s_08/02.pkl,s_08,sensitivity_looser,hip_knee,3420,3990,6.804946299775275,1.8995497907940893,4.909533501392257,False
/home/duanyuhan/dyh/motion/MotionRe/base_mobileposer/data/raw/DIP_IMU/s_08/02.pkl,s_08,sensitivity_looser,spine,3420,3990,6.804946299775275,1.8995497907940893,1.636653888522715,False
/home/duanyuhan/dyh/motion/MotionRe/base_mobileposer/data/raw/DIP_IMU/s_08/02.pkl,s_08,sensitivity_looser,hip_knee,3420,4140,19.240473074417153,1.75749163164352,4.182226973314909,False
/home/duanyuhan/dyh/motion/MotionRe/base_mobileposer/data/raw/DIP_IMU/s_08/02.pkl,s_08,sensitivity_looser,spine,3420,4140,19.240473074417153,1.75749163164352,2.2560403449287816,False
/home/duanyuhan/dyh/motion/MotionRe/base_mobileposer/data/raw/DIP_IMU/s_08/02.pkl,s_08,sensitivity_looser,hip_knee,3420,4380,13.71950768600245,1.8927138410058941,13.333168513217931,False
/home/duanyuhan/dyh/motion/MotionRe/base_mobileposer/data/raw/DIP_IMU/s_08/02.pkl,s_08,sensitivity_looser,spine,3420,4380,13.71950768600245,1.8927138410058941,2.5977061222789306,False
/home/duanyuhan/dyh/motion/MotionRe/base_mobileposer/data/raw/DIP_IMU/s_08/02.pkl,s_08,sensitivity_looser,hip_knee,3420,4440,17.848951504575957,1.6429287034700497,17.38443892911783,False
/home/duanyuhan/dyh/motion/MotionRe/base_mobileposer/data/raw/DIP_IMU/s_08/02.pkl,s_08,sensitivity_looser,spine,3420,4440,17.848951504575957,1.6429287034700497,1.184755289768349,False
/home/duanyuhan/dyh/motion/MotionRe/base_mobileposer/data/raw/DIP_IMU/s_08/02.pkl,s_08,sensitivity_looser,hip_knee,3420,4500,10.417952200149161,1.762419646780795,6.302251410217705,False
/home/duanyuhan/dyh/motion/MotionRe/base_mobileposer/data/raw/DIP_IMU/s_08/02.pkl,s_08,sensitivity_looser,spine,3420,4500,10.417952200149161,1.762419646780795,1.4740543236499504,False
/home/duanyuhan/dyh/motion/MotionRe/base_mobileposer/data/raw/DIP_IMU/s_08/02.pkl,s_08,sensitivity_looser,hip_knee,3450,3900,5.1026480642938195,1.2293337889877223,4.637122123058727,False
/home/duanyuhan/dyh/motion/MotionRe/base_mobileposer/data/raw/DIP_IMU/s_08/02.pkl,s_08,sensitivity_looser,spine,3450,3900,5.1026480642938195,1.2293337889877223,1.125673849419903,False
/home/duanyuhan/dyh/motion/MotionRe/base_mobileposer/data/raw/DIP_IMU/s_08/02.pkl,s_08,sensitivity_looser,hip_knee,3450,3990,8.229210025721995,1.5775696136115598,10.895270525600338,False
/home/duanyuhan/dyh/motion/MotionRe/base_mobileposer/data/raw/DIP_IMU/s_08/02.pkl,s_08,sensitivity_looser,spine,3450,3990,8.229210025721995,1.5775696136115598,2.682314821980089,False
/home/duanyuhan/dyh/motion/MotionRe/base_mobileposer/data/raw/DIP_IMU/s_08/02.pkl,s_08,sensitivity_looser,hip_knee,3450,4020,5.563061628072559,1.495301261250738,1.7548197892688728,False
/home/duanyuhan/dyh/motion/MotionRe/base_mobileposer/data/raw/DIP_IMU/s_08/02.pkl,s_08,sensitivity_looser,spine,3450,4020,5.563061628072559,1.495301261250738,0.9356716666044683,False
/home/duanyuhan/dyh/motion/MotionRe/base_mobileposer/data/raw/DIP_IMU/s_08/02.pkl,s_08,sensitivity_looser,hip_knee,3450,4350,4.8383970650648775,1.8990747061730107,4.250779590242653,False
/home/duanyuhan/dyh/motion/MotionRe/base_mobileposer/data/raw/DIP_IMU/s_08/02.pkl,s_08,sensitivity_looser,spine,3450,4350,4.8383970650648775,1.8990747061730107,1.7162849961013196,False
/home/duanyuhan/dyh/motion/MotionRe/base_mobileposer/data/raw/DIP_IMU/s_08/02.pkl,s_08,sensitivity_looser,hip_knee,3450,4380,14.966983914983693,1.9031390566081787,19.397234782480208,False
/home/duanyuhan/dyh/motion/MotionRe/base_mobileposer/data/raw/DIP_IMU/s_08/02.pkl,s_08,sensitivity_looser,spine,3450,4380,14.966983914983693,1.9031390566081787,3.5685364632000667,False
/home/duanyuhan/dyh/motion/MotionRe/base_mobileposer/data/raw/DIP_IMU/s_08/02.pkl,s_08,sensitivity_looser,hip_knee,3450,4440,18.940345423525446,1.7808761755998122,23.483289769147355,True
/home/duanyuhan/dyh/motion/MotionRe/base_mobileposer/data/raw/DIP_IMU/s_08/02.pkl,s_08,sensitivity_looser,spine,3450,4440,18.940345423525446,1.7808761755998122,2.2590059954319566,False
/home/duanyuhan/dyh/motion/MotionRe/base_mobileposer/data/raw/DIP_IMU/s_08/02.pkl,s_08,sensitivity_looser,hip_knee,3480,3870,17.257758722566074,1.6984160447600765,15.552510977491352,False
/home/duanyuhan/dyh/motion/MotionRe/base_mobileposer/data/raw/DIP_IMU/s_08/02.pkl,s_08,sensitivity_looser,spine,3480,3870,17.257758722566074,1.6984160447600765,1.3737979162594776,False
/home/duanyuhan/dyh/motion/MotionRe/base_mobileposer/data/raw/DIP_IMU/s_08/02.pkl,s_08,sensitivity_looser,hip_knee,3480,3930,12.653730295165156,1.0207764954695115,15.979105859269527,False
/home/duanyuhan/dyh/motion/MotionRe/base_mobileposer/data/raw/DIP_IMU/s_08/02.pkl,s_08,sensitivity_looser,spine,3480,3930,12.653730295165156,1.0207764954695115,0.7209259539562568,False
/home/duanyuhan/dyh/motion/MotionRe/base_mobileposer/data/raw/DIP_IMU/s_08/02.pkl,s_08,sensitivity_looser,hip_knee,3480,4050,16.594793934405836,1.4179811885364955,2.37956354020446,False
/home/duanyuhan/dyh/motion/MotionRe/base_mobileposer/data/raw/DIP_IMU/s_08/02.pkl,s_08,sensitivity_looser,spine,3480,4050,16.594793934405836,1.4179811885364955,1.2552005184751007,False
/home/duanyuhan/dyh/motion/MotionRe/base_mobileposer/data/raw/DIP_IMU/s_08/02.pkl,s_08,sensitivity_looser,hip_knee,3480,4080,15.442766753890316,1.6598170424128633,4.485718721029783,False
/home/duanyuhan/dyh/motion/MotionRe/base_mobileposer/data/raw/DIP_IMU/s_08/02.pkl,s_08,sensitivity_looser,spine,3480,4080,15.442766753890316,1.6598170424128633,1.7234469999664446,False
/home/duanyuhan/dyh/motion/MotionRe/base_mobileposer/data/raw/DIP_IMU/s_08/02.pkl,s_08,sensitivity_looser,hip_knee,3480,4380,14.875066869957184,1.343617430134217,13.801634655036606,False
/home/duanyuhan/dyh/motion/MotionRe/base_mobileposer/data/raw/DIP_IMU/s_08/02.pkl,s_08,sensitivity_looser,spine,3480,4380,14.875066869957184,1.343617430134217,1.8204358761784618,False
/home/duanyuhan/dyh/motion/MotionRe/base_mobileposer/data/raw/DIP_IMU/s_08/02.pkl,s_08,sensitivity_looser,hip_knee,3480,4410,9.92756901003754,1.7604496473767417,13.697403347655142,False
/home/duanyuhan/dyh/motion/MotionRe/base_mobileposer/data/raw/DIP_IMU/s_08/02.pkl,s_08,sensitivity_looser,spine,3480,4410,9.92756901003754,1.7604496473767417,1.0667406777692028,False
/home/duanyuhan/dyh/motion/MotionRe/base_mobileposer/data/raw/DIP_IMU/s_08/02.pkl,s_08,sensitivity_looser,hip_knee,3480,4500,18.293752166787723,1.8124021900986107,21.147600040202576,True
/home/duanyuhan/dyh/motion/MotionRe/base_mobileposer/data/raw/DIP_IMU/s_08/02.pkl,s_08,sensitivity_looser,spine,3480,4500,18.293752166787723,1.8124021900986107,1.3723199730436113,False
/home/duanyuhan/dyh/motion/MotionRe/base_mobileposer/data/raw/DIP_IMU/s_08/02.pkl,s_08,sensitivity_looser,hip_knee,3510,3930,12.248070528826277,1.9830220365054088,16.430582737108303,False
/home/duanyuhan/dyh/motion/MotionRe/base_mobileposer/data/raw/DIP_IMU/s_08/02.pkl,s_08,sensitivity_looser,spine,3510,3930,12.248070528826277,1.9830220365054088,0.782712002372768,False
/home/duanyuhan/dyh/motion/MotionRe/base_mobileposer/data/raw/DIP_IMU/s_08/02.pkl,s_08,sensitivity_looser,hip_knee,3510,4320,15.658243247228352,1.1871699874408708,15.9162414744313,False
/home/duanyuhan/dyh/motion/MotionRe/base_mobileposer/data/raw/DIP_IMU/s_08/02.pkl,s_08,sensitivity_looser,spine,3510,4320,15.658243247228352,1.1871699874408708,1.668989433201309,False
/home/duanyuhan/dyh/motion/MotionRe/base_mobileposer/data/raw/DIP_IMU/s_08/02.pkl,s_08,sensitivity_looser,hip_knee,3510,4380,14.394627987520563,1.5666657047050574,14.214044722109985,False
/home/duanyuhan/dyh/motion/MotionRe/base_mobileposer/data/raw/DIP_IMU/s_08/02.pkl,s_08,sensitivity_looser,spine,3510,4380,14.394627987520563,1.5666657047050574,0.9985433941167349,False
/home/duanyuhan/dyh/motion/MotionRe/base_mobileposer/data/raw/DIP_IMU/s_08/02.pkl,s_08,sensitivity_looser,hip_knee,3540,4140,17.429056039008863,1.9514916544434642,3.2932548931799963,False
/home/duanyuhan/dyh/motion/MotionRe/base_mobileposer/data/raw/DIP_IMU/s_08/02.pkl,s_08,sensitivity_looser,spine,3540,4140,17.429056039008863,1.9514916544434642,2.0107626246944297,False
/home/duanyuhan/dyh/motion/MotionRe/base_mobileposer/data/raw/DIP_IMU/s_08/02.pkl,s_08,sensitivity_looser,hip_knee,3540,4500,8.228447631849734,1.3712011230811567,5.371325639982411,False
/home/duanyuhan/dyh/motion/MotionRe/base_mobileposer/data/raw/DIP_IMU/s_08/02.pkl,s_08,sensitivity_looser,spine,3540,4500,8.228447631849734,1.3712011230811567,0.6707868551513028,False
/home/duanyuhan/dyh/motion/MotionRe/base_mobileposer/data/raw/DIP_IMU/s_08/02.pkl,s_08,sensitivity_looser,hip_knee,3570,3870,8.813686421747397,1.5265327724287405,11.369674573156955,False
/home/duanyuhan/dyh/motion/MotionRe/base_mobileposer/data/raw/DIP_IMU/s_08/02.pkl,s_08,sensitivity_looser,spine,3570,3870,8.813686421747397,1.5265327724287405,3.7089300524513793,False
/home/duanyuhan/dyh/motion/MotionRe/base_mobileposer/data/raw/DIP_IMU/s_08/02.pkl,s_08,sensitivity_looser,hip_knee,3570,3930,10.566577000939398,0.9966086858729091,10.45098737801094,False
/home/duanyuhan/dyh/motion/MotionRe/base_mobileposer/data/raw/DIP_IMU/s_08/02.pkl,s_08,sensitivity_looser,spine,3570,3930,10.566577000939398,0.9966086858729091,3.3275945102488484,False
/home/duanyuhan/dyh/motion/MotionRe/base_mobileposer/data/raw/DIP_IMU/s_08/02.pkl,s_08,sensitivity_looser,hip_knee,3570,3990,6.164485643640821,1.5178848389138129,5.342755296231575,False
/home/duanyuhan/dyh/motion/MotionRe/base_mobileposer/data/raw/DIP_IMU/s_08/02.pkl,s_08,sensitivity_looser,spine,3570,3990,6.164485643640821,1.5178848389138129,3.0253615428880862,False
/home/duanyuhan/dyh/motion/MotionRe/base_mobileposer/data/raw/DIP_IMU/s_08/02.pkl,s_08,sensitivity_looser,hip_knee,3570,4140,17.309133379670275,1.3007292123844392,4.640680258529988,False
/home/duanyuhan/dyh/motion/MotionRe/base_mobileposer/data/raw/DIP_IMU/s_08/02.pkl,s_08,sensitivity_looser,spine,3570,4140,17.309133379670275,1.3007292123844392,3.2843033163166147,False
/home/duanyuhan/dyh/motion/MotionRe/base_mobileposer/data/raw/DIP_IMU/s_08/02.pkl,s_08,sensitivity_looser,hip_knee,3570,4260,19.980800846059207,1.8965482355380168,8.779216161252421,False
/home/duanyuhan/dyh/motion/MotionRe/base_mobileposer/data/raw/DIP_IMU/s_08/02.pkl,s_08,sensitivity_looser,spine,3570,4260,19.980800846059207,1.8965482355380168,3.3410260953560993,False
/home/duanyuhan/dyh/motion/MotionRe/base_mobileposer/data/raw/DIP_IMU/s_08/02.pkl,s_08,sensitivity_looser,hip_knee,3570,4320,8.717350321273647,1.7035602606478797,11.750176207199916,False
/home/duanyuhan/dyh/motion/MotionRe/base_mobileposer/data/raw/DIP_IMU/s_08/02.pkl,s_08,sensitivity_looser,spine,3570,4320,8.717350321273647,1.7035602606478797,3.926421116583691,False
/home/duanyuhan/dyh/motion/MotionRe/base_mobileposer/data/raw/DIP_IMU/s_08/02.pkl,s_08,sensitivity_looser,hip_knee,3570,4380,9.282243348021558,1.0511599512879946,12.736753057381128,False
/home/duanyuhan/dyh/motion/MotionRe/base_mobileposer/data/raw/DIP_IMU/s_08/02.pkl,s_08,sensitivity_looser,spine,3570,4380,9.282243348021558,1.0511599512879946,3.635037787733007,False
/home/duanyuhan/dyh/motion/MotionRe/base_mobileposer/data/raw/DIP_IMU/s_08/02.pkl,s_08,sensitivity_looser,hip_knee,3570,4440,13.568090198799462,1.5024197943414264,17.511452891252294,False
/home/duanyuhan/dyh/motion/MotionRe/base_mobileposer/data/raw/DIP_IMU/s_08/02.pkl,s_08,sensitivity_looser,spine,3570,4440,13.568090198799462,1.5024197943414264,2.5147576830536362,False
/home/duanyuhan/dyh/motion/MotionRe/base_mobileposer/data/raw/DIP_IMU/s_08/02.pkl,s_08,sensitivity_looser,hip_knee,3600,3930,13.348011307752698,1.329976964533981,21.595276974408453,True
/home/duanyuhan/dyh/motion/MotionRe/base_mobileposer/data/raw/DIP_IMU/s_08/02.pkl,s_08,sensitivity_looser,spine,3600,3930,13.348011307752698,1.329976964533981,1.5337323344185394,False
/home/duanyuhan/dyh/motion/MotionRe/base_mobileposer/data/raw/DIP_IMU/s_08/02.pkl,s_08,sensitivity_looser,hip_knee,3600,4050,15.810786718378557,1.1554155582596495,7.725037089356853,False
/home/duanyuhan/dyh/motion/MotionRe/base_mobileposer/data/raw/DIP_IMU/s_08/02.pkl,s_08,sensitivity_looser,spine,3600,4050,15.810786718378557,1.1554155582596495,1.312460269737065,False
/home/duanyuhan/dyh/motion/MotionRe/base_mobileposer/data/raw/DIP_IMU/s_08/02.pkl,s_08,sensitivity_looser,hip_knee,3600,4320,16.77915557529506,1.9010747697867436,21.458301024539914,True
/home/duanyuhan/dyh/motion/MotionRe/base_mobileposer/data/raw/DIP_IMU/s_08/02.pkl,s_08,sensitivity_looser,spine,3600,4320,16.77915557529506,1.9010747697867436,2.4173756437959817,False
/home/duanyuhan/dyh/motion/MotionRe/base_mobileposer/data/raw/DIP_IMU/s_08/02.pkl,s_08,sensitivity_looser,hip_knee,3600,4380,15.458442383222199,1.2481190782908507,19.499804456714422,False
/home/duanyuhan/dyh/motion/MotionRe/base_mobileposer/data/raw/DIP_IMU/s_08/02.pkl,s_08,sensitivity_looser,spine,3600,4380,15.458442383222199,1.2481190782908507,2.312707345927406,False
/home/duanyuhan/dyh/motion/MotionRe/base_mobileposer/data/raw/DIP_IMU/s_08/02.pkl,s_08,sensitivity_looser,hip_knee,3600,4410,9.508084258857025,1.4155602065057038,8.440005870999064,False
/home/duanyuhan/dyh/motion/MotionRe/base_mobileposer/data/raw/DIP_IMU/s_08/02.pkl,s_08,sensitivity_looser,spine,3600,4410,9.508084258857025,1.4155602065057038,2.0014416472490577,False
/home/duanyuhan/dyh/motion/MotionRe/base_mobileposer/data/raw/DIP_IMU/s_08/02.pkl,s_08,sensitivity_looser,hip_knee,3600,4500,18.948354043430772,1.2459520792247323,26.91118394284213,True
/home/duanyuhan/dyh/motion/MotionRe/base_mobileposer/data/raw/DIP_IMU/s_08/02.pkl,s_08,sensitivity_looser,spine,3600,4500,18.948354043430772,1.2459520792247323,2.4424295065609853,False
/home/duanyuhan/dyh/motion/MotionRe/base_mobileposer/data/raw/DIP_IMU/s_08/02.pkl,s_08,sensitivity_looser,hip_knee,3870,4380,8.537762265135175,1.5768262679353142,2.5655071938356677,False
/home/duanyuhan/dyh/motion/MotionRe/base_mobileposer/data/raw/DIP_IMU/s_08/02.pkl,s_08,sensitivity_looser,spine,3870,4380,8.537762265135175,1.5768262679353142,1.0858481580125605,False
/home/duanyuhan/dyh/motion/MotionRe/base_mobileposer/data/raw/DIP_IMU/s_08/02.pkl,s_08,sensitivity_looser,hip_knee,3870,4500,7.954002650675579,1.0220133295526799,6.176100966097574,False
/home/duanyuhan/dyh/motion/MotionRe/base_mobileposer/data/raw/DIP_IMU/s_08/02.pkl,s_08,sensitivity_looser,spine,3870,4500,7.954002650675579,1.0220133295526799,0.9823481119144332,False
/home/duanyuhan/dyh/motion/MotionRe/base_mobileposer/data/raw/DIP_IMU/s_08/02.pkl,s_08,sensitivity_looser,hip_knee,3900,4350,7.272929005829364,1.37612749305089,1.9953118671125014,False
/home/duanyuhan/dyh/motion/MotionRe/base_mobileposer/data/raw/DIP_IMU/s_08/02.pkl,s_08,sensitivity_looser,spine,3900,4350,7.272929005829364,1.37612749305089,2.4213192674585278,False
/home/duanyuhan/dyh/motion/MotionRe/base_mobileposer/data/raw/DIP_IMU/s_08/02.pkl,s_08,sensitivity_looser,hip_knee,3930,4320,7.966741156975276,1.2855204387069168,3.572376419212978,False
/home/duanyuhan/dyh/motion/MotionRe/base_mobileposer/data/raw/DIP_IMU/s_08/02.pkl,s_08,sensitivity_looser,spine,3930,4320,7.966741156975276,1.2855204387069168,1.3179114417345934,False
/home/duanyuhan/dyh/motion/MotionRe/base_mobileposer/data/raw/DIP_IMU/s_08/02.pkl,s_08,sensitivity_looser,hip_knee,3930,4380,5.339330293274376,0.8909280596952459,2.4316226153830858,False
/home/duanyuhan/dyh/motion/MotionRe/base_mobileposer/data/raw/DIP_IMU/s_08/02.pkl,s_08,sensitivity_looser,spine,3930,4380,5.339330293274376,0.8909280596952459,1.2034201062926317,False
/home/duanyuhan/dyh/motion/MotionRe/base_mobileposer/data/raw/DIP_IMU/s_08/02.pkl,s_08,sensitivity_looser,hip_knee,3930,4440,7.18118466051302,1.709670840461408,7.2850638707082265,False
/home/duanyuhan/dyh/motion/MotionRe/base_mobileposer/data/raw/DIP_IMU/s_08/02.pkl,s_08,sensitivity_looser,spine,3930,4440,7.18118466051302,1.709670840461408,1.1498156394260899,False
/home/duanyuhan/dyh/motion/MotionRe/base_mobileposer/data/raw/DIP_IMU/s_08/02.pkl,s_08,sensitivity_looser,hip_knee,3930,4500,8.810224191866341,1.7324046060571507,6.130098064253275,False
/home/duanyuhan/dyh/motion/MotionRe/base_mobileposer/data/raw/DIP_IMU/s_08/02.pkl,s_08,sensitivity_looser,spine,3930,4500,8.810224191866341,1.7324046060571507,1.335546426177889,False
/home/duanyuhan/dyh/motion/MotionRe/base_mobileposer/data/raw/DIP_IMU/s_08/02.pkl,s_08,sensitivity_looser,hip_knee,3990,4380,7.5249503267846825,1.3217032024613895,8.792738813980506,False
/home/duanyuhan/dyh/motion/MotionRe/base_mobileposer/data/raw/DIP_IMU/s_08/02.pkl,s_08,sensitivity_looser,spine,3990,4380,7.5249503267846825,1.3217032024613895,1.5942403790374424,False
/home/duanyuhan/dyh/motion/MotionRe/base_mobileposer/data/raw/DIP_IMU/s_08/02.pkl,s_08,sensitivity_looser,hip_knee,3990,4440,11.189181942690405,1.7709231110781856,12.968253168345193,False
/home/duanyuhan/dyh/motion/MotionRe/base_mobileposer/data/raw/DIP_IMU/s_08/02.pkl,s_08,sensitivity_looser,spine,3990,4440,11.189181942690405,1.7709231110781856,0.9893274448870878,False
/home/duanyuhan/dyh/motion/MotionRe/base_mobileposer/data/raw/DIP_IMU/s_08/02.pkl,s_08,sensitivity_looser,hip_knee,3990,4500,5.1111111468146975,1.8092184406508567,3.1162829776678733,False
/home/duanyuhan/dyh/motion/MotionRe/base_mobileposer/data/raw/DIP_IMU/s_08/02.pkl,s_08,sensitivity_looser,spine,3990,4500,5.1111111468146975,1.8092184406508567,0.8318572798272438,False
/home/duanyuhan/dyh/motion/MotionRe/base_mobileposer/data/raw/DIP_IMU/s_08/02.pkl,s_08,sensitivity_looser,hip_knee,4020,4350,4.884869450012219,0.782104981494501,3.652214576279093,False
/home/duanyuhan/dyh/motion/MotionRe/base_mobileposer/data/raw/DIP_IMU/s_08/02.pkl,s_08,sensitivity_looser,spine,4020,4350,4.884869450012219,0.782104981494501,2.38952558663606,False
/home/duanyuhan/dyh/motion/MotionRe/base_mobileposer/data/raw/DIP_IMU/s_08/02.pkl,s_08,sensitivity_looser,hip_knee,4050,4380,13.739283605094425,1.1021272787171998,12.033359552526342,False
/home/duanyuhan/dyh/motion/MotionRe/base_mobileposer/data/raw/DIP_IMU/s_08/02.pkl,s_08,sensitivity_looser,spine,4050,4380,13.739283605094425,1.1021272787171998,1.7588749257654885,False
/home/duanyuhan/dyh/motion/MotionRe/base_mobileposer/data/raw/DIP_IMU/s_08/02.pkl,s_08,sensitivity_looser,hip_knee,4050,4410,12.632107151158706,1.1810348240710922,15.402556459624506,False
/home/duanyuhan/dyh/motion/MotionRe/base_mobileposer/data/raw/DIP_IMU/s_08/02.pkl,s_08,sensitivity_looser,spine,4050,4410,12.632107151158706,1.1810348240710922,1.7568792449356465,False
/home/duanyuhan/dyh/motion/MotionRe/base_mobileposer/data/raw/DIP_IMU/s_08/02.pkl,s_08,sensitivity_looser,hip_knee,4050,4440,13.321749617132078,1.818356237981579,8.547479600894896,False
/home/duanyuhan/dyh/motion/MotionRe/base_mobileposer/data/raw/DIP_IMU/s_08/02.pkl,s_08,sensitivity_looser,spine,4050,4440,13.321749617132078,1.818356237981579,2.1186196304378933,False
/home/duanyuhan/dyh/motion/MotionRe/base_mobileposer/data/raw/DIP_IMU/s_08/02.pkl,s_08,sensitivity_looser,hip_knee,4050,4500,17.747704376355102,1.2165246534179197,19.435681372771917,False
/home/duanyuhan/dyh/motion/MotionRe/base_mobileposer/data/raw/DIP_IMU/s_08/02.pkl,s_08,sensitivity_looser,spine,4050,4500,17.747704376355102,1.2165246534179197,2.3384248892041657,False
/home/duanyuhan/dyh/motion/MotionRe/base_mobileposer/data/raw/DIP_IMU/s_08/02.pkl,s_08,sensitivity_looser,hip_knee,4080,4410,12.876963187696079,1.6633996515559564,9.628844348058271,False
/home/duanyuhan/dyh/motion/MotionRe/base_mobileposer/data/raw/DIP_IMU/s_08/02.pkl,s_08,sensitivity_looser,spine,4080,4410,12.876963187696079,1.6633996515559564,2.1817588785924102,False
/home/duanyuhan/dyh/motion/MotionRe/base_mobileposer/data/raw/DIP_IMU/s_08/02.pkl,s_08,sensitivity_looser,hip_knee,4110,4440,16.434704952084306,1.9991014710067194,19.064487335885588,False
/home/duanyuhan/dyh/motion/MotionRe/base_mobileposer/data/raw/DIP_IMU/s_08/02.pkl,s_08,sensitivity_looser,spine,4110,4440,16.434704952084306,1.9991014710067194,0.8190167757608302,False
/home/duanyuhan/dyh/motion/MotionRe/base_mobileposer/data/raw/DIP_IMU/s_08/02.pkl,s_08,sensitivity_looser,hip_knee,4140,4500,16.562338565073894,1.2030357067365791,2.738258818580207,False
/home/duanyuhan/dyh/motion/MotionRe/base_mobileposer/data/raw/DIP_IMU/s_08/02.pkl,s_08,sensitivity_looser,spine,4140,4500,16.562338565073894,1.2030357067365791,1.443540751605812,False
/home/duanyuhan/dyh/motion/MotionRe/base_mobileposer/data/raw/DIP_IMU/s_08/03.pkl,s_08,sensitivity_looser,hip_knee,3450,4260,18.794488471779065,1.898633858768404,9.660821958518419,False
/home/duanyuhan/dyh/motion/MotionRe/base_mobileposer/data/raw/DIP_IMU/s_08/03.pkl,s_08,sensitivity_looser,spine,3450,4260,18.794488471779065,1.898633858768404,5.279079740140472,False
/home/duanyuhan/dyh/motion/MotionRe/base_mobileposer/data/raw/DIP_IMU/s_08/03.pkl,s_08,sensitivity_looser,hip_knee,3450,4290,18.98060436606754,1.494968117321374,8.247525123923719,False
/home/duanyuhan/dyh/motion/MotionRe/base_mobileposer/data/raw/DIP_IMU/s_08/03.pkl,s_08,sensitivity_looser,spine,3450,4290,18.98060436606754,1.494968117321374,6.185375978637055,False
/home/duanyuhan/dyh/motion/MotionRe/base_mobileposer/data/raw/DIP_IMU/s_08/03.pkl,s_08,sensitivity_looser,hip_knee,3720,4290,18.311032581023568,1.6799490387365537,9.261693119711223,False
/home/duanyuhan/dyh/motion/MotionRe/base_mobileposer/data/raw/DIP_IMU/s_08/03.pkl,s_08,sensitivity_looser,spine,3720,4290,18.311032581023568,1.6799490387365537,6.404960631392259,False
/home/duanyuhan/dyh/motion/MotionRe/base_mobileposer/data/raw/DIP_IMU/s_08/03.pkl,s_08,sensitivity_looser,hip_knee,3810,4230,15.923791564690077,1.4766366258099477,5.452797791207211,False
/home/duanyuhan/dyh/motion/MotionRe/base_mobileposer/data/raw/DIP_IMU/s_08/03.pkl,s_08,sensitivity_looser,spine,3810,4230,15.923791564690077,1.4766366258099477,5.55445885022085,False
/home/duanyuhan/dyh/motion/MotionRe/base_mobileposer/data/raw/DIP_IMU/s_08/03.pkl,s_08,sensitivity_looser,hip_knee,3840,6210,18.83969872420668,1.9565940613869495,10.423234661198581,False
/home/duanyuhan/dyh/motion/MotionRe/base_mobileposer/data/raw/DIP_IMU/s_08/03.pkl,s_08,sensitivity_looser,spine,3840,6210,18.83969872420668,1.9565940613869495,4.422987649036266,False
/home/duanyuhan/dyh/motion/MotionRe/base_mobileposer/data/raw/DIP_IMU/s_08/05.pkl,s_08,primary,hip_knee,5070,5370,2.07721775481849,0.6745490097180485,0.3077793837754433,False
/home/duanyuhan/dyh/motion/MotionRe/base_mobileposer/data/raw/DIP_IMU/s_08/05.pkl,s_08,primary,spine,5070,5370,2.07721775481849,0.6745490097180485,0.2123100576011716,False
/home/duanyuhan/dyh/motion/MotionRe/base_mobileposer/data/raw/DIP_IMU/s_08/05.pkl,s_08,primary,hip_knee,5070,5400,0.8270927781420846,0.5999767175056775,0.3214265495246515,False
/home/duanyuhan/dyh/motion/MotionRe/base_mobileposer/data/raw/DIP_IMU/s_08/05.pkl,s_08,primary,spine,5070,5400,0.8270927781420846,0.5999767175056775,0.1822915791085217,False
/home/duanyuhan/dyh/motion/MotionRe/base_mobileposer/data/raw/DIP_IMU/s_08/05.pkl,s_08,primary,hip_knee,5070,5430,1.370492673203187,0.6136409275322369,0.35466451366060925,False
/home/duanyuhan/dyh/motion/MotionRe/base_mobileposer/data/raw/DIP_IMU/s_08/05.pkl,s_08,primary,spine,5070,5430,1.370492673203187,0.6136409275322369,0.33502822681994565,False
/home/duanyuhan/dyh/motion/MotionRe/base_mobileposer/data/raw/DIP_IMU/s_08/05.pkl,s_08,primary,hip_knee,5070,5460,0.9762449034928178,0.6951197142594269,0.36469909462014677,False
/home/duanyuhan/dyh/motion/MotionRe/base_mobileposer/data/raw/DIP_IMU/s_08/05.pkl,s_08,primary,spine,5070,5460,0.9762449034928178,0.6951197142594269,0.19603512250132268,False
/home/duanyuhan/dyh/motion/MotionRe/base_mobileposer/data/raw/DIP_IMU/s_08/05.pkl,s_08,primary,hip_knee,5070,5490,2.3012883368194195,0.741371875791351,0.43560448322141104,False
/home/duanyuhan/dyh/motion/MotionRe/base_mobileposer/data/raw/DIP_IMU/s_08/05.pkl,s_08,primary,spine,5070,5490,2.3012883368194195,0.741371875791351,0.25085073341056324,False
/home/duanyuhan/dyh/motion/MotionRe/base_mobileposer/data/raw/DIP_IMU/s_08/05.pkl,s_08,primary,hip_knee,5070,5520,2.343685842763514,0.6950852015693292,0.43079145863590124,False
/home/duanyuhan/dyh/motion/MotionRe/base_mobileposer/data/raw/DIP_IMU/s_08/05.pkl,s_08,primary,spine,5070,5520,2.343685842763514,0.6950852015693292,0.3412890609345258,False
/home/duanyuhan/dyh/motion/MotionRe/base_mobileposer/data/raw/DIP_IMU/s_08/05.pkl,s_08,primary,hip_knee,5070,5550,2.437888388548619,0.6858514548102351,0.44618486585925077,False
/home/duanyuhan/dyh/motion/MotionRe/base_mobileposer/data/raw/DIP_IMU/s_08/05.pkl,s_08,primary,spine,5070,5550,2.437888388548619,0.6858514548102351,0.44125030019877703,False
/home/duanyuhan/dyh/motion/MotionRe/base_mobileposer/data/raw/DIP_IMU/s_08/05.pkl,s_08,primary,hip_knee,5130,5430,1.634423112485629,0.301481494459487,0.20901694756195086,False
/home/duanyuhan/dyh/motion/MotionRe/base_mobileposer/data/raw/DIP_IMU/s_08/05.pkl,s_08,primary,spine,5130,5430,1.634423112485629,0.301481494459487,0.09413164926356828,False
/home/duanyuhan/dyh/motion/MotionRe/base_mobileposer/data/raw/DIP_IMU/s_08/05.pkl,s_08,primary,hip_knee,5130,5460,1.7080610577929378,0.25067422763627817,0.22868913018422543,False
/home/duanyuhan/dyh/motion/MotionRe/base_mobileposer/data/raw/DIP_IMU/s_08/05.pkl,s_08,primary,spine,5130,5460,1.7080610577929378,0.25067422763627817,0.33712747865457554,False
/home/duanyuhan/dyh/motion/MotionRe/base_mobileposer/data/raw/DIP_IMU/s_08/05.pkl,s_08,primary,hip_knee,5130,5490,0.7035629412515929,0.2289610238591306,0.2804502545262888,False
/home/duanyuhan/dyh/motion/MotionRe/base_mobileposer/data/raw/DIP_IMU/s_08/05.pkl,s_08,primary,spine,5130,5490,0.7035629412515929,0.2289610238591306,0.40981498084649237,False
/home/duanyuhan/dyh/motion/MotionRe/base_mobileposer/data/raw/DIP_IMU/s_08/05.pkl,s_08,primary,hip_knee,5130,5520,0.9765919159274822,0.2596221505787278,0.29111747503189644,False
/home/duanyuhan/dyh/motion/MotionRe/base_mobileposer/data/raw/DIP_IMU/s_08/05.pkl,s_08,primary,spine,5130,5520,0.9765919159274822,0.2596221505787278,0.5022498365516066,False
/home/duanyuhan/dyh/motion/MotionRe/base_mobileposer/data/raw/DIP_IMU/s_08/05.pkl,s_08,primary,hip_knee,5130,5550,0.782592378097283,0.2466713306964462,0.30155934975459536,False
/home/duanyuhan/dyh/motion/MotionRe/base_mobileposer/data/raw/DIP_IMU/s_08/05.pkl,s_08,primary,spine,5130,5550,0.782592378097283,0.2466713306964462,0.2964593653032586,False
/home/duanyuhan/dyh/motion/MotionRe/base_mobileposer/data/raw/DIP_IMU/s_08/05.pkl,s_08,primary,hip_knee,5160,5460,1.8734937309054813,0.13486131281504674,0.22443818366481905,False
/home/duanyuhan/dyh/motion/MotionRe/base_mobileposer/data/raw/DIP_IMU/s_08/05.pkl,s_08,primary,spine,5160,5460,1.8734937309054813,0.13486131281504674,0.18988273147880716,False
/home/duanyuhan/dyh/motion/MotionRe/base_mobileposer/data/raw/DIP_IMU/s_08/05.pkl,s_08,primary,hip_knee,5160,5490,0.6087314934221313,0.18758471955397668,0.2803666764417823,False
/home/duanyuhan/dyh/motion/MotionRe/base_mobileposer/data/raw/DIP_IMU/s_08/05.pkl,s_08,primary,spine,5160,5490,0.6087314934221313,0.18758471955397668,0.2635410050523688,False
/home/duanyuhan/dyh/motion/MotionRe/base_mobileposer/data/raw/DIP_IMU/s_08/05.pkl,s_08,primary,hip_knee,5160,5520,0.7869942135382023,0.13978880407662517,0.2899648996888732,False
/home/duanyuhan/dyh/motion/MotionRe/base_mobileposer/data/raw/DIP_IMU/s_08/05.pkl,s_08,primary,spine,5160,5520,0.7869942135382023,0.13978880407662517,0.357389772081027,False
/home/duanyuhan/dyh/motion/MotionRe/base_mobileposer/data/raw/DIP_IMU/s_08/05.pkl,s_08,primary,hip_knee,5160,5550,0.5849198289057974,0.1329737580884309,0.30288067035255856,False
/home/duanyuhan/dyh/motion/MotionRe/base_mobileposer/data/raw/DIP_IMU/s_08/05.pkl,s_08,primary,spine,5160,5550,0.5849198289057974,0.1329737580884309,0.4015924096464485,False
/home/duanyuhan/dyh/motion/MotionRe/base_mobileposer/data/raw/DIP_IMU/s_08/05.pkl,s_08,primary,hip_knee,5190,5490,2.1766883624701188,0.434238197653506,0.2698086897872163,False
/home/duanyuhan/dyh/motion/MotionRe/base_mobileposer/data/raw/DIP_IMU/s_08/05.pkl,s_08,primary,spine,5190,5490,2.1766883624701188,0.434238197653506,0.3359851170254871,False
/home/duanyuhan/dyh/motion/MotionRe/base_mobileposer/data/raw/DIP_IMU/s_08/05.pkl,s_08,primary,hip_knee,5190,5520,2.1559163573455886,0.4028385333632077,0.2743379949069515,False
/home/duanyuhan/dyh/motion/MotionRe/base_mobileposer/data/raw/DIP_IMU/s_08/05.pkl,s_08,primary,spine,5190,5520,2.1559163573455886,0.4028385333632077,0.42999518584061364,False
/home/duanyuhan/dyh/motion/MotionRe/base_mobileposer/data/raw/DIP_IMU/s_08/05.pkl,s_08,primary,hip_knee,5190,5550,2.3005114093123624,0.37042485235445327,0.2932526065727819,False
/home/duanyuhan/dyh/motion/MotionRe/base_mobileposer/data/raw/DIP_IMU/s_08/05.pkl,s_08,primary,spine,5190,5550,2.3005114093123624,0.37042485235445327,0.3029408178131717,False
/home/duanyuhan/dyh/motion/MotionRe/base_mobileposer/data/raw/DIP_IMU/s_08/05.pkl,s_08,primary,hip_knee,5220,5520,2.6629122718309617,0.19648194564447719,0.2254977280836195,False
/home/duanyuhan/dyh/motion/MotionRe/base_mobileposer/data/raw/DIP_IMU/s_08/05.pkl,s_08,primary,spine,5220,5520,2.6629122718309617,0.19648194564447719,0.5176040262517163,False
/home/duanyuhan/dyh/motion/MotionRe/base_mobileposer/data/raw/DIP_IMU/s_08/05.pkl,s_08,primary,hip_knee,5220,5550,2.8914345578306335,0.1911249436587019,0.2388295028389012,False
/home/duanyuhan/dyh/motion/MotionRe/base_mobileposer/data/raw/DIP_IMU/s_08/05.pkl,s_08,primary,spine,5220,5550,2.8914345578306335,0.1911249436587019,0.34261143856354065,False
/home/duanyuhan/dyh/motion/MotionRe/base_mobileposer/data/raw/DIP_IMU/s_08/05.pkl,s_08,primary,hip_knee,5250,5550,2.9989928929867506,0.17868462974212124,0.2297478427182799,False
/home/duanyuhan/dyh/motion/MotionRe/base_mobileposer/data/raw/DIP_IMU/s_08/05.pkl,s_08,primary,spine,5250,5550,2.9989928929867506,0.17868462974212124,0.3809868419652274,False
/home/duanyuhan/dyh/motion/MotionRe/base_mobileposer/data/raw/DIP_IMU/s_08/05.pkl,s_08,sensitivity_looser,hip_knee,690,5070,15.341563577708053,1.3431779223644207,11.245026853760837,False
/home/duanyuhan/dyh/motion/MotionRe/base_mobileposer/data/raw/DIP_IMU/s_08/05.pkl,s_08,sensitivity_looser,spine,690,5070,15.341563577708053,1.3431779223644207,4.700700680833079,False
/home/duanyuhan/dyh/motion/MotionRe/base_mobileposer/data/raw/DIP_IMU/s_08/05.pkl,s_08,sensitivity_looser,hip_knee,690,5160,17.54436653348492,1.7246689101421775,11.320327402624,False
/home/duanyuhan/dyh/motion/MotionRe/base_mobileposer/data/raw/DIP_IMU/s_08/05.pkl,s_08,sensitivity_looser,spine,690,5160,17.54436653348492,1.7246689101421775,4.696182413345401,False
/home/duanyuhan/dyh/motion/MotionRe/base_mobileposer/data/raw/DIP_IMU/s_08/05.pkl,s_08,sensitivity_looser,hip_knee,690,5190,15.336589767355894,1.6983961669039325,11.307442245824959,False
/home/duanyuhan/dyh/motion/MotionRe/base_mobileposer/data/raw/DIP_IMU/s_08/05.pkl,s_08,sensitivity_looser,spine,690,5190,15.336589767355894,1.6983961669039325,4.608017852113337,False
/home/duanyuhan/dyh/motion/MotionRe/base_mobileposer/data/raw/DIP_IMU/s_08/05.pkl,s_08,sensitivity_looser,hip_knee,690,5220,14.830902586800633,1.677851664851442,11.356005351127154,False
/home/duanyuhan/dyh/motion/MotionRe/base_mobileposer/data/raw/DIP_IMU/s_08/05.pkl,s_08,sensitivity_looser,spine,690,5220,14.830902586800633,1.677851664851442,4.588904420579436,False
/home/duanyuhan/dyh/motion/MotionRe/base_mobileposer/data/raw/DIP_IMU/s_08/05.pkl,s_08,sensitivity_looser,hip_knee,690,5250,14.754234174502084,1.6855867807363412,11.326551886912357,False
/home/duanyuhan/dyh/motion/MotionRe/base_mobileposer/data/raw/DIP_IMU/s_08/05.pkl,s_08,sensitivity_looser,spine,690,5250,14.754234174502084,1.6855867807363412,4.785767830381516,False
/home/duanyuhan/dyh/motion/MotionRe/base_mobileposer/data/raw/DIP_IMU/s_08/05.pkl,s_08,sensitivity_looser,hip_knee,690,5280,14.78956471243227,1.7973542077904263,11.313702870754714,False
/home/duanyuhan/dyh/motion/MotionRe/base_mobileposer/data/raw/DIP_IMU/s_08/05.pkl,s_08,sensitivity_looser,spine,690,5280,14.78956471243227,1.7973542077904263,4.87716435328831,False
/home/duanyuhan/dyh/motion/MotionRe/base_mobileposer/data/raw/DIP_IMU/s_08/05.pkl,s_08,sensitivity_looser,hip_knee,690,5310,15.016662367894389,1.7447868771003594,11.366439672442066,False
/home/duanyuhan/dyh/motion/MotionRe/base_mobileposer/data/raw/DIP_IMU/s_08/05.pkl,s_08,sensitivity_looser,spine,690,5310,15.016662367894389,1.7447868771003594,4.645807708740063,False
/home/duanyuhan/dyh/motion/MotionRe/base_mobileposer/data/raw/DIP_IMU/s_08/05.pkl,s_08,sensitivity_looser,hip_knee,690,5340,15.001421671092844,1.7368214112716545,11.327856278191643,False
/home/duanyuhan/dyh/motion/MotionRe/base_mobileposer/data/raw/DIP_IMU/s_08/05.pkl,s_08,sensitivity_looser,spine,690,5340,15.001421671092844,1.7368214112716545,4.686221153838896,False
/home/duanyuhan/dyh/motion/MotionRe/base_mobileposer/data/raw/DIP_IMU/s_08/05.pkl,s_08,sensitivity_looser,hip_knee,690,5370,14.890047308175276,1.8209767134696238,11.305606578605973,False
/home/duanyuhan/dyh/motion/MotionRe/base_mobileposer/data/raw/DIP_IMU/s_08/05.pkl,s_08,sensitivity_looser,spine,690,5370,14.890047308175276,1.8209767134696238,4.838419770149636,False
/home/duanyuhan/dyh/motion/MotionRe/base_mobileposer/data/raw/DIP_IMU/s_08/05.pkl,s_08,sensitivity_looser,hip_knee,690,5400,15.328858440271425,1.749338029726461,11.321275828747332,False
/home/duanyuhan/dyh/motion/MotionRe/base_mobileposer/data/raw/DIP_IMU/s_08/05.pkl,s_08,sensitivity_looser,spine,690,5400,15.328858440271425,1.749338029726461,4.818655467949123,False
/home/duanyuhan/dyh/motion/MotionRe/base_mobileposer/data/raw/DIP_IMU/s_08/05.pkl,s_08,sensitivity_looser,hip_knee,690,5430,16.439865679552938,1.756206475099465,11.347204126071736,False
/home/duanyuhan/dyh/motion/MotionRe/base_mobileposer/data/raw/DIP_IMU/s_08/05.pkl,s_08,sensitivity_looser,spine,690,5430,16.439865679552938,1.756206475099465,4.600285758608078,False
/home/duanyuhan/dyh/motion/MotionRe/base_mobileposer/data/raw/DIP_IMU/s_08/05.pkl,s_08,sensitivity_looser,hip_knee,690,5460,16.14227067681747,1.8132508780757488,11.299653359244635,False
/home/duanyuhan/dyh/motion/MotionRe/base_mobileposer/data/raw/DIP_IMU/s_08/05.pkl,s_08,sensitivity_looser,spine,690,5460,16.14227067681747,1.8132508780757488,4.864995366937742,False
/home/duanyuhan/dyh/motion/MotionRe/base_mobileposer/data/raw/DIP_IMU/s_08/05.pkl,s_08,sensitivity_looser,hip_knee,690,5490,17.50539357819043,1.8899762553152324,11.41847111810995,False
/home/duanyuhan/dyh/motion/MotionRe/base_mobileposer/data/raw/DIP_IMU/s_08/05.pkl,s_08,sensitivity_looser,spine,690,5490,17.50539357819043,1.8899762553152324,4.9235996922256495,False
/home/duanyuhan/dyh/motion/MotionRe/base_mobileposer/data/raw/DIP_IMU/s_08/05.pkl,s_08,sensitivity_looser,hip_knee,690,5520,17.42000905053122,1.8446190486604996,11.327235471475147,False
/home/duanyuhan/dyh/motion/MotionRe/base_mobileposer/data/raw/DIP_IMU/s_08/05.pkl,s_08,sensitivity_looser,spine,690,5520,17.42000905053122,1.8446190486604996,5.009092742587302,False
/home/duanyuhan/dyh/motion/MotionRe/base_mobileposer/data/raw/DIP_IMU/s_08/05.pkl,s_08,sensitivity_looser,hip_knee,690,5550,17.60954494565534,1.8527700203372601,11.365816445539195,False
/home/duanyuhan/dyh/motion/MotionRe/base_mobileposer/data/raw/DIP_IMU/s_08/05.pkl,s_08,sensitivity_looser,spine,690,5550,17.60954494565534,1.8527700203372601,4.784770306398272,False
/home/duanyuhan/dyh/motion/MotionRe/base_mobileposer/data/raw/DIP_IMU/s_08/05.pkl,s_08,sensitivity_looser,hip_knee,4950,5250,18.439193580037735,1.0473783051519292,0.8972933548462713,False
/home/duanyuhan/dyh/motion/MotionRe/base_mobileposer/data/raw/DIP_IMU/s_08/05.pkl,s_08,sensitivity_looser,spine,4950,5250,18.439193580037735,1.0473783051519292,1.4597403751546816,False
/home/duanyuhan/dyh/motion/MotionRe/base_mobileposer/data/raw/DIP_IMU/s_08/05.pkl,s_08,sensitivity_looser,hip_knee,4950,5280,18.477676068435347,1.0303276426293662,0.9036246212943458,False
/home/duanyuhan/dyh/motion/MotionRe/base_mobileposer/data/raw/DIP_IMU/s_08/05.pkl,s_08,sensitivity_looser,spine,4950,5280,18.477676068435347,1.0303276426293662,1.5438097505497004,False
/home/duanyuhan/dyh/motion/MotionRe/base_mobileposer/data/raw/DIP_IMU/s_08/05.pkl,s_08,sensitivity_looser,hip_knee,4950,5310,18.64562500164012,1.0726515030272556,0.913951978353784,False
/home/duanyuhan/dyh/motion/MotionRe/base_mobileposer/data/raw/DIP_IMU/s_08/05.pkl,s_08,sensitivity_looser,spine,4950,5310,18.64562500164012,1.0726515030272556,1.3490982529946818,False
/home/duanyuhan/dyh/motion/MotionRe/base_mobileposer/data/raw/DIP_IMU/s_08/05.pkl,s_08,sensitivity_looser,hip_knee,4950,5340,18.674811216690028,1.0491757275981695,0.92744589706348,False
/home/duanyuhan/dyh/motion/MotionRe/base_mobileposer/data/raw/DIP_IMU/s_08/05.pkl,s_08,sensitivity_looser,spine,4950,5340,18.674811216690028,1.0491757275981695,1.3767899402985684,False
/home/duanyuhan/dyh/motion/MotionRe/base_mobileposer/data/raw/DIP_IMU/s_08/05.pkl,s_08,sensitivity_looser,hip_knee,4950,5370,18.6346615356187,1.0521098203537225,0.9056254362221803,False
/home/duanyuhan/dyh/motion/MotionRe/base_mobileposer/data/raw/DIP_IMU/s_08/05.pkl,s_08,sensitivity_looser,spine,4950,5370,18.6346615356187,1.0521098203537225,1.5057635182520814,False
/home/duanyuhan/dyh/motion/MotionRe/base_mobileposer/data/raw/DIP_IMU/s_08/05.pkl,s_08,sensitivity_looser,hip_knee,4950,5400,18.95727874380132,1.0307413897024646,0.8926306459162592,False
/home/duanyuhan/dyh/motion/MotionRe/base_mobileposer/data/raw/DIP_IMU/s_08/05.pkl,s_08,sensitivity_looser,spine,4950,5400,18.95727874380132,1.0307413897024646,1.4942727083908613,False
/home/duanyuhan/dyh/motion/MotionRe/base_mobileposer/data/raw/DIP_IMU/s_08/05.pkl,s_08,sensitivity_looser,hip_knee,4950,5430,19.893346868946903,1.045563814359145,0.9169075380054199,False
/home/duanyuhan/dyh/motion/MotionRe/base_mobileposer/data/raw/DIP_IMU/s_08/05.pkl,s_08,sensitivity_looser,spine,4950,5430,19.893346868946903,1.045563814359145,1.3292428340080578,False
/home/duanyuhan/dyh/motion/MotionRe/base_mobileposer/data/raw/DIP_IMU/s_08/05.pkl,s_08,sensitivity_looser,hip_knee,4950,5460,19.677258382309265,0.9757967440719065,0.8899703817626811,False
/home/duanyuhan/dyh/motion/MotionRe/base_mobileposer/data/raw/DIP_IMU/s_08/05.pkl,s_08,sensitivity_looser,spine,4950,5460,19.677258382309265,0.9757967440719065,1.5613755036545962,False
/home/duanyuhan/dyh/motion/MotionRe/base_mobileposer/data/raw/DIP_IMU/s_08/05.pkl,s_08,sensitivity_looser,hip_knee,5070,5370,2.07721775481849,0.6745490097180485,0.3077793837754433,False
/home/duanyuhan/dyh/motion/MotionRe/base_mobileposer/data/raw/DIP_IMU/s_08/05.pkl,s_08,sensitivity_looser,spine,5070,5370,2.07721775481849,0.6745490097180485,0.2123100576011716,False
/home/duanyuhan/dyh/motion/MotionRe/base_mobileposer/data/raw/DIP_IMU/s_08/05.pkl,s_08,sensitivity_looser,hip_knee,5070,5400,0.8270927781420846,0.5999767175056775,0.3214265495246515,False
/home/duanyuhan/dyh/motion/MotionRe/base_mobileposer/data/raw/DIP_IMU/s_08/05.pkl,s_08,sensitivity_looser,spine,5070,5400,0.8270927781420846,0.5999767175056775,0.1822915791085217,False
/home/duanyuhan/dyh/motion/MotionRe/base_mobileposer/data/raw/DIP_IMU/s_08/05.pkl,s_08,sensitivity_looser,hip_knee,5070,5430,1.370492673203187,0.6136409275322369,0.35466451366060925,False
/home/duanyuhan/dyh/motion/MotionRe/base_mobileposer/data/raw/DIP_IMU/s_08/05.pkl,s_08,sensitivity_looser,spine,5070,5430,1.370492673203187,0.6136409275322369,0.33502822681994565,False
/home/duanyuhan/dyh/motion/MotionRe/base_mobileposer/data/raw/DIP_IMU/s_08/05.pkl,s_08,sensitivity_looser,hip_knee,5070,5460,0.9762449034928178,0.6951197142594269,0.36469909462014677,False
/home/duanyuhan/dyh/motion/MotionRe/base_mobileposer/data/raw/DIP_IMU/s_08/05.pkl,s_08,sensitivity_looser,spine,5070,5460,0.9762449034928178,0.6951197142594269,0.19603512250132268,False
/home/duanyuhan/dyh/motion/MotionRe/base_mobileposer/data/raw/DIP_IMU/s_08/05.pkl,s_08,sensitivity_looser,hip_knee,5070,5490,2.3012883368194195,0.741371875791351,0.43560448322141104,False
/home/duanyuhan/dyh/motion/MotionRe/base_mobileposer/data/raw/DIP_IMU/s_08/05.pkl,s_08,sensitivity_looser,spine,5070,5490,2.3012883368194195,0.741371875791351,0.25085073341056324,False
/home/duanyuhan/dyh/motion/MotionRe/base_mobileposer/data/raw/DIP_IMU/s_08/05.pkl,s_08,sensitivity_looser,hip_knee,5070,5520,2.343685842763514,0.6950852015693292,0.43079145863590124,False
/home/duanyuhan/dyh/motion/MotionRe/base_mobileposer/data/raw/DIP_IMU/s_08/05.pkl,s_08,sensitivity_looser,spine,5070,5520,2.343685842763514,0.6950852015693292,0.3412890609345258,False
/home/duanyuhan/dyh/motion/MotionRe/base_mobileposer/data/raw/DIP_IMU/s_08/05.pkl,s_08,sensitivity_looser,hip_knee,5070,5550,2.437888388548619,0.6858514548102351,0.44618486585925077,False
/home/duanyuhan/dyh/motion/MotionRe/base_mobileposer/data/raw/DIP_IMU/s_08/05.pkl,s_08,sensitivity_looser,spine,5070,5550,2.437888388548619,0.6858514548102351,0.44125030019877703,False
/home/duanyuhan/dyh/motion/MotionRe/base_mobileposer/data/raw/DIP_IMU/s_08/05.pkl,s_08,sensitivity_looser,hip_knee,5130,5430,1.634423112485629,0.301481494459487,0.20901694756195086,False
/home/duanyuhan/dyh/motion/MotionRe/base_mobileposer/data/raw/DIP_IMU/s_08/05.pkl,s_08,sensitivity_looser,spine,5130,5430,1.634423112485629,0.301481494459487,0.09413164926356828,False
/home/duanyuhan/dyh/motion/MotionRe/base_mobileposer/data/raw/DIP_IMU/s_08/05.pkl,s_08,sensitivity_looser,hip_knee,5130,5460,1.7080610577929378,0.25067422763627817,0.22868913018422543,False
/home/duanyuhan/dyh/motion/MotionRe/base_mobileposer/data/raw/DIP_IMU/s_08/05.pkl,s_08,sensitivity_looser,spine,5130,5460,1.7080610577929378,0.25067422763627817,0.33712747865457554,False
/home/duanyuhan/dyh/motion/MotionRe/base_mobileposer/data/raw/DIP_IMU/s_08/05.pkl,s_08,sensitivity_looser,hip_knee,5130,5490,0.7035629412515929,0.2289610238591306,0.2804502545262888,False
/home/duanyuhan/dyh/motion/MotionRe/base_mobileposer/data/raw/DIP_IMU/s_08/05.pkl,s_08,sensitivity_looser,spine,5130,5490,0.7035629412515929,0.2289610238591306,0.40981498084649237,False
/home/duanyuhan/dyh/motion/MotionRe/base_mobileposer/data/raw/DIP_IMU/s_08/05.pkl,s_08,sensitivity_looser,hip_knee,5130,5520,0.9765919159274822,0.2596221505787278,0.29111747503189644,False
/home/duanyuhan/dyh/motion/MotionRe/base_mobileposer/data/raw/DIP_IMU/s_08/05.pkl,s_08,sensitivity_looser,spine,5130,5520,0.9765919159274822,0.2596221505787278,0.5022498365516066,False
/home/duanyuhan/dyh/motion/MotionRe/base_mobileposer/data/raw/DIP_IMU/s_08/05.pkl,s_08,sensitivity_looser,hip_knee,5130,5550,0.782592378097283,0.2466713306964462,0.30155934975459536,False
/home/duanyuhan/dyh/motion/MotionRe/base_mobileposer/data/raw/DIP_IMU/s_08/05.pkl,s_08,sensitivity_looser,spine,5130,5550,0.782592378097283,0.2466713306964462,0.2964593653032586,False
/home/duanyuhan/dyh/motion/MotionRe/base_mobileposer/data/raw/DIP_IMU/s_08/05.pkl,s_08,sensitivity_looser,hip_knee,5160,5460,1.8734937309054813,0.13486131281504674,0.22443818366481905,False
/home/duanyuhan/dyh/motion/MotionRe/base_mobileposer/data/raw/DIP_IMU/s_08/05.pkl,s_08,sensitivity_looser,spine,5160,5460,1.8734937309054813,0.13486131281504674,0.18988273147880716,False
/home/duanyuhan/dyh/motion/MotionRe/base_mobileposer/data/raw/DIP_IMU/s_08/05.pkl,s_08,sensitivity_looser,hip_knee,5160,5490,0.6087314934221313,0.18758471955397668,0.2803666764417823,False
/home/duanyuhan/dyh/motion/MotionRe/base_mobileposer/data/raw/DIP_IMU/s_08/05.pkl,s_08,sensitivity_looser,spine,5160,5490,0.6087314934221313,0.18758471955397668,0.2635410050523688,False
/home/duanyuhan/dyh/motion/MotionRe/base_mobileposer/data/raw/DIP_IMU/s_08/05.pkl,s_08,sensitivity_looser,hip_knee,5160,5520,0.7869942135382023,0.13978880407662517,0.2899648996888732,False
/home/duanyuhan/dyh/motion/MotionRe/base_mobileposer/data/raw/DIP_IMU/s_08/05.pkl,s_08,sensitivity_looser,spine,5160,5520,0.7869942135382023,0.13978880407662517,0.357389772081027,False
/home/duanyuhan/dyh/motion/MotionRe/base_mobileposer/data/raw/DIP_IMU/s_08/05.pkl,s_08,sensitivity_looser,hip_knee,5160,5550,0.5849198289057974,0.1329737580884309,0.30288067035255856,False
/home/duanyuhan/dyh/motion/MotionRe/base_mobileposer/data/raw/DIP_IMU/s_08/05.pkl,s_08,sensitivity_looser,spine,5160,5550,0.5849198289057974,0.1329737580884309,0.4015924096464485,False
/home/duanyuhan/dyh/motion/MotionRe/base_mobileposer/data/raw/DIP_IMU/s_08/05.pkl,s_08,sensitivity_looser,hip_knee,5190,5490,2.1766883624701188,0.434238197653506,0.2698086897872163,False
/home/duanyuhan/dyh/motion/MotionRe/base_mobileposer/data/raw/DIP_IMU/s_08/05.pkl,s_08,sensitivity_looser,spine,5190,5490,2.1766883624701188,0.434238197653506,0.3359851170254871,False
/home/duanyuhan/dyh/motion/MotionRe/base_mobileposer/data/raw/DIP_IMU/s_08/05.pkl,s_08,sensitivity_looser,hip_knee,5190,5520,2.1559163573455886,0.4028385333632077,0.2743379949069515,False
/home/duanyuhan/dyh/motion/MotionRe/base_mobileposer/data/raw/DIP_IMU/s_08/05.pkl,s_08,sensitivity_looser,spine,5190,5520,2.1559163573455886,0.4028385333632077,0.42999518584061364,False
/home/duanyuhan/dyh/motion/MotionRe/base_mobileposer/data/raw/DIP_IMU/s_08/05.pkl,s_08,sensitivity_looser,hip_knee,5190,5550,2.3005114093123624,0.37042485235445327,0.2932526065727819,False
/home/duanyuhan/dyh/motion/MotionRe/base_mobileposer/data/raw/DIP_IMU/s_08/05.pkl,s_08,sensitivity_looser,spine,5190,5550,2.3005114093123624,0.37042485235445327,0.3029408178131717,False
/home/duanyuhan/dyh/motion/MotionRe/base_mobileposer/data/raw/DIP_IMU/s_08/05.pkl,s_08,sensitivity_looser,hip_knee,5220,5520,2.6629122718309617,0.19648194564447719,0.2254977280836195,False
/home/duanyuhan/dyh/motion/MotionRe/base_mobileposer/data/raw/DIP_IMU/s_08/05.pkl,s_08,sensitivity_looser,spine,5220,5520,2.6629122718309617,0.19648194564447719,0.5176040262517163,False
/home/duanyuhan/dyh/motion/MotionRe/base_mobileposer/data/raw/DIP_IMU/s_08/05.pkl,s_08,sensitivity_looser,hip_knee,5220,5550,2.8914345578306335,0.1911249436587019,0.2388295028389012,False
/home/duanyuhan/dyh/motion/MotionRe/base_mobileposer/data/raw/DIP_IMU/s_08/05.pkl,s_08,sensitivity_looser,spine,5220,5550,2.8914345578306335,0.1911249436587019,0.34261143856354065,False
/home/duanyuhan/dyh/motion/MotionRe/base_mobileposer/data/raw/DIP_IMU/s_08/05.pkl,s_08,sensitivity_looser,hip_knee,5250,5550,2.9989928929867506,0.17868462974212124,0.2297478427182799,False
/home/duanyuhan/dyh/motion/MotionRe/base_mobileposer/data/raw/DIP_IMU/s_08/05.pkl,s_08,sensitivity_looser,spine,5250,5550,2.9989928929867506,0.17868462974212124,0.3809868419652274,False
